:020000022000DC
:106000000002002085A4020021A40200DDA30200FA
:1060100031A4020041A4020051A4020000000000CB
:10602000000000000000000000000000C1A302000A
:1060300061A402000000000075A3020071A4020028
:106040005D61030059780300A56C030015A90200E7
:1060500031A902005D6103005D6103005D61030021
:106060005D6103006D6A0300736A03005D610300F4
:106070005D6103005D6103005D6103005D6103001C
:106080005D610300C56603005D6103005D6103009F
:106090005D6103005D6103005D6103005D610300FC
:1060A0005D6103005D610300796A03007F6A03009C
:1060B0005D6103005D61030000000000000000005E
:1060C0005D6103005D6103005D6103004DA9020095
:1060D0005D6103005D6103005D61030055720300B3
:1060E0005D6103005D6103005D610300000000006D
:1060F000000000005D6103000000000069A90200CB
:10610000F7B50D4616461F46044608B903F040FA97
:10611000006810F095F90023CDE900732A46334654
:106120003921206810F017FA0546206810F0A4F90C
:10613000281E18BF0120404203B0F0BD30B5002337
:10614000DCB241FA04F5ED0703F10103F8D590F94B
:106150000030A2405A4011404B40037030BD73B52F
:106160000D461646044608B903F012FA006810F00E
:1061700067F901230022CDE9003239212A4633464E
:10618000206810F087F90546206810F075F9281E80
:1061900018BF0120404202B070BD2DE9F3411C46FA
:1061A00005460E46174600235FFA83F847FA08F2C1
:1061B000D20703F10103F7D501230DF107023146A0
:1061C0002846FFF79DFFB0B99DF9073004FA08F49F
:1061D0005C4004EA0702534031460DF107022846AD
:1061E0008DF80730FFF7BBFF003818BF0120404291
:1061F00002B0BDE8F0814FF0FF30F9E737B5044653
:1062000008B903F0C5F90029FBD08B88B3F5807F6E
:10621000F7D84B89B3F5807FF3D8CB790F2BF0D823
:106220000FC984E80F004FF4FA7501230DF107023E
:1062300092212046FFF764FF80B99DF80730AB2B11
:1062400011D18DF805000DF1050280212046FFF7E0
:1062500086FF58B14FF0FF3003B030BD4FF0FF3034
:10626000013DE2D1F8E76FF00100F9E7A3880DF1F5
:1062700006025B42812120468DF80630FFF76FFF52
:106280000028E7D1A37903228F212046FFF785FF5D
:106290000028DFD1E379002B4AD1237AC0228F2155
:1062A0002046FFF77AFF0028D4D1637A0C228F2191
:1062B0002046FFF772FF0028CCD163890DF1070259
:1062C0005B42832120468DF80730FFF748FF002806
:1062D000C0D1012211468DF805000DF10500FFF730
:1062E0002DFFA288003A18BF01220221FFF726FFE6
:1062F000E279003A18BF01220421FFF71FFF6289EB
:10630000003A18BF01220821FFF718FF024680213A
:106310002046FFF724FF00289CD1237B02228D21F9
:106320002046FFF73AFF003818BF0120404293E7AC
:10633000013BDBB23F228E212046FFF72EFF0028D3
:10634000ABD087E713B50C4608B903F021F9002953
:10635000FBD0022301AA9421FFF7D2FE20B9BDF899
:106360000430238002B010BD6FF00300FAE713B5CC
:106370000C4608B903F00CF90029FBD00023009368
:10638000ADF804306A4606239621FFF7B9FE50B9EE
:10639000BDF800302380BDF802306380BDF80430C2
:1063A000A38002B010BD6FF00300FAE713B50C46EE
:1063B00008B903F0EDF80029FBD00023ADF8043054
:1063C00001AA01239C21FFF79BFE20B9BDF80430F0
:1063D000238002B010BD6FF00300FAE710B50C4641
:1063E000FFF7E4FF18B91A23E380012010BD6FF016
:1063F0008B00FBE710B50C46FFF7A4FF18B91A2372
:10640000E380012010BD6FF08B00FBE713B50C4655
:106410006946FFF7ACFF68B9BDF800302380BDF8CE
:1064200002306380BDF80430A3801A23E380032088
:1064300002B010BD6FF08B00FAE7000038B5002005
:1064400011F0F2FF04460C480EF0BAFE0B480EF0B5
:10645000B7FE002524B9BDE8384007480EF0B0BEAD
:10646000A2680748294601350EF03EFE284611F085
:10647000DBFF0446EEE700BFBC2B0400FCF8030082
:106480000BF9030010B508490522044618F0B5FFC2
:1064900040B106490422204618F0AFFFB0FA80F060
:1064A000400910BD0220FCE714F903008308040032
:1064B0002DE9F0478EB0904607460E461C4619F06F
:1064C00080F87F28024604D9012528460EB0BDE891
:1064D000F087394601A814F05DFF81460028F3D10A
:1064E000BDF82A5003992A46204619F05CF8BDF8F9
:1064F00030A004F80590BAF1000F0CD025441749DC
:106500002046554418F04AFF06995246204618F096
:1065100061FF85F801902146304614F0AEFD054636
:10652000C8B9F38A63B9052201990D4818F065FFCF
:1065300041F2336341F23462002808BF1346F3820C
:10654000B8F1000F02D0079BC8F80030394620464A
:1065500019F021F8B9E74FF0FF35B6E753290400E9
:1065600014F903002DE9F04F6E4B81460C460FCB1A
:10657000F5B009ADB9F1010F85E80F0000F0868094
:1065800067686949384618F0FCFF00BB05F022FC3B
:1065900041F23361044665480EF0A6FD644B654840
:1065A00019880EF0A1FD214663480EF09DFD634859
:1065B0000EF09AFD624803783BB10EF001FE4FF0F9
:1065C0000008404675B0BDE8F08F5E48F5E75E49CB
:1065D000384618F0D6FF58BBB9F1040F13D15B4908
:1065E000A06818F0CEFF024600284FD1544B5849FE
:1065F000E068FFF75DFF0028E1D056480EF0E0FDAF
:106600004FF00108DDE7B9F1030F3FD15249A0680F
:1066100018F0B7FF0546002838D1014618224C482B
:1066200018F0B4FE80222946454818F0AFFEC6E7B0
:10663000002655F8041B384618F0A3FF002808BFB1
:10664000B24606F1010618BF4FF0FF3A042E1AD0E9
:10665000BAF1FF3FEDD0BAF1010F36D1B9F1020F17
:1066600014DDA5683D49284618F08BFF0746002831
:106670004FD03B49284618F084FF00284BD1032512
:106680005746D34624E0BAF1FF3FE4D121683548AC
:106690000EF02AFD216834480EF026FD21683348AB
:1066A0000EF022FD216832480EF01EFD21683148AF
:1066B0000EF01AFD30480EF083FD30480EF080FDDC
:1066C0002F480EF07DFD2F4898E700270225BB4696
:1066D0004D45DBDABAF1000318BF012305932A49BF
:1066E00054F8250018F04DFF08B9013505904D45C7
:1066F000CCDAAB00069354F82500244B08AA0DA968
:10670000FFF7D6FE8046002844D021480EF058FD01
:10671000BCE70325B5E70027CDF814A00225BB464A
:10672000DDE700BFA82C04001AF903001FF90300DD
:10673000400D002044F903005CF9030074F90300E4
:10674000E80D002087F903009AF90300D92404001A
:10675000680E00208CF90300A0F90300A6F90300DD
:10676000A9F9030026FA03005AFA030083FA03008A
:1067700093FA0300C1FA0300D8FA0300E0FA030019
:1067800017FB030043FB0300ACF90300680D002076
:10679000AFF9030013AECDE9000053464FF49672F3
:1067A00029A9304604F072FEBBF1000F04D03A462E
:1067B000062130460FF090F8DFF840A19AF800303B
:1067C0006BB9089A5AB11046079218F0FAFE2F21B9
:1067D00003460091079A0B2130460FF00EF83268FD
:1067E00005991378013523F0300343EA0113A945D5
:1067F000137060DD00220C2130460FF06DF8069B0F
:10680000E318586818F0DDFE05469AF800301BB111
:10681000324930460FF06FF8002D50D0012130463C
:106820000FF07CF8B389AB42814646D3069B706873
:1068300023442A46596818F0B6FE4D443368284868
:10684000598849BA2A4689B20EF04EFC9AF80030AF
:10685000002B3AD12148FFF715FE0DAA21490290DD
:10686000002300910193294629A804F069FE00281D
:1068700030DD1D4A138801331380BBF1000F17D0A0
:106880001A4C1B4922681B4804F040FE87B9316846
:10689000174811F8042B0DAD02F00F02226018F01A
:1068A00082FE0FCD134C0FC495E8030084E803006B
:1068B00002F0DEF885E60025A7E70F489EE62946A8
:1068C00030460FF02BF80546B8E70C48FFF7DAFD25
:1068D0000B4AC3E70B480EF073FC72E6680D00200C
:1068E000E3F9030009690200400D0020440D002077
:1068F000480D0020500D0020C3F90300E80D0020D2
:10690000680E00200BFA03002DE9F0470368042B02
:1069100094B005460C46164609D10B68664859885E
:1069200049BA89B214B0BDE8F0470EF0DDBB062BC2
:1069300047D162480EF044FC172204A920460EF00D
:1069400046FF20B1059B13B95D480EF039FC236862
:106950005C485B785C495A09022A18BF014603F07B
:106960001F035A480EF0C0FBA389002B3CD02046E1
:106970000EF0FAFDA28938B1282805D023685B788B
:106980005B09043B012B24D86368514811460EF083
:10699000ABFB172204A920460EF019FF00287DD07A
:1069A0009DF91930002B00F08480236893F8009043
:1069B000059BEBB9474B1B78D3B947480EF000FC59
:1069C0006CE0032BB8D0454814B0BDE8F0470EF09A
:1069D000F7BB114642480EF087FBA189606800238F
:1069E000102211F02DF8D4E73E480EF0E9FBD0E775
:1069F0003848DFF8F48018F0E4FD3649024607A86D
:106A000014F0C8FC98F80030D4F800A0002B48D04F
:106A10000023CDE9003301234FF4967251462046FE
:106A200009F0300904F032FDB9F1200F01BF2268EE
:106A3000137823F030031370059B9DF81820013361
:106A400042EA03121721204605930EF045FF98F8FD
:106A500000301BB1079920460EF04DFF0021204663
:106A60000EF05CFF204B1B4A074698F800000028F8
:106A700018BF1A461046FFF705FD02902B6B0193D5
:106A80001A4B0093206800233246394604F058FD23
:106A9000002803DD164A13880133138014B0BDE8C3
:106AA000F0870D9F38460FB118F08BFDCDE90070CF
:106AB000B1E7104882E700BF7FFB03009FFB0300A4
:106AC00003FC030079FB030071FB03001BFC0300C4
:106AD0003DFC0300680D00205EFC0300EAFB0300A0
:106AE000FFF903004EFC0300E80D002009690200D5
:106AF000400D002086FC03002DE9F0438FB01746BF
:106B000006460D4618F05DFD7F28024604D9012493
:106B100020460FB0BDE8F083314601A814F03AFCDE
:106B200080460028F3D1BDF82A401C4B0399224629
:106B3000184618F038FDBDF8309000F80480B9F11F
:106B4000000F0BD0164918F029FC06994A4618F098
:106B500041FC03464C44013303F804800F492846A6
:106B600014F08BFA0446B0B9EB8A63B90522019997
:106B70000C4818F042FC41F2336341F234620028C1
:106B800008BF1346EB820FB1079B3B6031460348B9
:106B900018F001FDBCE74FF0FF34B9E714110020F5
:106BA0005329040014F90300042807B50AD1114B36
:106BB000009338231048114A114900F0F9FF4FF0B3
:106BC000FF300BE006280CD10E4B0B4800930B4A0C
:106BD0000B49412300F0ECFF6FF0010003B05DF8BA
:106BE00004FB032803D0084B00934523E2E7002071
:106BF000F4E700BFF0FC0300EBFC03004E2D0400A3
:106C0000AEFC03009FFB0300EAFB0300F0B5006845
:106C10008FB00E461446FFF7C7FF90B13E4B3F4A78
:106C200000933F493F484FF4BD7300F0C1FF3E4B16
:106C30004FF0FF321A603D480FB0BDE8F04011F050
:106C4000D0BC3B4B354A36493A4800934FF4C073A9
:106C500000F0AEFFE37C0C93A37C0B93637C0A9360
:106C6000237C0993E37B0893A37B0793637B0693C1
:106C7000237B0593E37A0493A37A0393637A0293C5
:106C8000237A0193E3790093A379627921792A48E1
:106C90002A4D0EF029FAE18A29480EF025FA2368D8
:106CA000C5F8A831A38AA5F8BC31E38AA5F8BE319E
:106CB00005F5D677231D1434186859683A4603C27F
:106CC0000833A3421746F7D17668174C3C2130466B
:106CD00018F073FB3E21871B304618F06EFB801BBB
:106CE00057EA00030CD50C4B00930C4A0C490D4895
:106CF00040F28F1300F05CFF4FF0FF3323609AE700
:106D00000138791CC21B31440E4818F04CFC012399
:106D100085F864310023F1E779FB0300E92C0400D6
:106D2000AEFC03003AFD030000020020D01000205A
:106D300040FD0300FFFC030052FD0300040200209D
:106D40009AFD03006903002013B50C460068FFF7A5
:106D50002BFFA389082B0ED9114B0093114A12491E
:106D6000124840F20B1300F023FF114802B0BDE8B7
:106D7000104011F036BC0F4A0E48002313605360D8
:106D8000A289616818F00FFC636801930A4B0093B5
:106D9000044A054909484FF4897300F009FFE4E704
:106DA0009FFD03001E2D0400AEFC0300EBFC03005E
:106DB000EC10002011020020B1FD0300FFFC0300D5
:106DC00073B50C460068FFF7EFFE63681B78662B0F
:106DD00008D100231A4A1B48137002B0BDE8704066
:106DE00011F0FFBB742B29D0174B0093174A184999
:106DF0001848194E40F24F1300F0DAFE0025A3891F
:106E0000AB420EDC0A200EF0CFF963680193134BFE
:106E100000930E4A0E490F4840F2551300F0C8FE89
:106E2000D7E76368094A5B5D09490A48CDE9006311
:106E30004FF4A97300F0BCFE0135E0E70123C9E778
:106E4000DC100020E0100020C2FD03000A2D040029
:106E5000AEFC0300EBFC0300C9FD0300CFFD030003
:106E600073B50C460068FFF79FFE63681B78662BBE
:106E700008D10023194A1A48137002B0BDE87040C7
:106E800011F0AFBB742B26D0164B0093164A17494E
:106E90001748184EDC2300F08BFE0025A389AB4277
:106EA0000DDC0A200EF080F963680193124B009309
:106EB0000D4A0E490E48E22300F07AFED9E76368D6
:106EC000094A5B5D09490A48CDE90063DF2300F008
:106ED0006FFE0135E2E70123CCE700BFF810002088
:106EE000FC100020EDFD03002F2D0400AEFC03007C
:106EF000EBFC0300F3FD0300F8FD03002DE9F34173
:106F00000C460068254EFFF74FFE63680193244B43
:106F10000093244A24492548542300F049FE0025C3
:106F20006468356250273C21204618F046FA8046B6
:106F300020B13E21204618F040FAA0B91C4B019523
:106F40000093184A184919481A4D1B4F632300F043
:106F50002FFE0024336AA34215DC184802B0BDE8B6
:106F6000F04111F03EBBA0EB080407FB0560621E78
:106F700008F10101243018F016FB356A013401359F
:106F800044443562CFE7CDE90075064A0649074813
:106F9000662300F00DFE01345035DBE704020020CB
:106FA00015FE03005E2D0400AEFC0300FFFC030091
:106FB0001DFE030028020020BFFD03000811002071
:106FC00000231A46012111F0B1BA37B5054608462B
:106FD0000C4618F0F6FA2F22034600920B212246A7
:106FE00028460EF00AFC03B030BD0000F7B50E468F
:106FF0005B21074618F0E1F95D21C51B384618F002
:10700000DCF9C41B55EA040302D4013C641B09D11A
:107010000C4B009387230C4A0C490D4800F0C8FD27
:1070200003B0F0BD282C03D90A4B00938C23F2E760
:10703000013522467919304618F0B5FA0023335548
:10704000EEE700BF32FE03003E2D0400AEFC03005D
:10705000EBFC03004EFE0300F0B5002593B028467C
:107060000EF0BAFF0546D0B140230093002202ABD8
:10707000092109F06BF80028F1DB0609EFD002AC1A
:1070800000272378FF2B0DD1637803F00F030E2B1D
:107090001BD11148104D282221460CF089FC2846AE
:1070A00013B0F0BD0D490822204618F05FF960B119
:1070B0000B491022204618F059F930B10949102225
:1070C000204618F053F90028E3D10137B74204F104
:1070D0001004D6DBC3E700BF800E0020D62E0400CC
:1070E000F62E0400E62E040000B58BB06946FFF7CB
:1070F0007DFFFFF7B1FF0146684618F042FAB0FA8B
:1071000080F040090BB05DF804FB000070B5094C3D
:107110000025266A2434AE4203DC4FF0FF352846B2
:1071200070BD2046044918F0B8F950340028F6D153
:107130000135F0E70402002080FE030070B5ECB0DA
:107140002948002104AD11F0E1F928482A4605A993
:10715000FFF7D2FC10B126480EF032F800230BAC3A
:10716000CDE900334FF49672012321A9204604F0A3
:107170008DF9002802DA1F480EF022F829681E4D0A
:107180002046FFF722FF07231C49009302221C4BD5
:1071900020460EF065FB2268137823F0300343F09D
:1071A00010031370002120460EF0B8FB0023154A8F
:1071B00000920146CDE9013305AA21A804F0C0F9E7
:1071C00005AC06460FCC0FC594E80300002E85E8F9
:1071D000030002DC0C480DF0F3FF0348FFF7F0FE5C
:1071E0000A4B18686CB070BDD010002088FE0300F8
:1071F000ABFE0300BCFE0300AC03002068270400C4
:10720000C7FE03000D6C0200CFFE03000002002049
:10721000044890F86431002B00F5D47008BF0020BA
:10722000704700BF04020020044890F86431002B2E
:1072300000F2651008BF0020704700BF0402002064
:1072400000B599B0FFF7F0FF0B4A0C49034608A8B8
:107250000DF06AFF01AA02A908A8FFF74DFC10B1C2
:1072600007480DF0ADFFFFF7DFFF014602A802F06F
:1072700013F819B05DF804FBE4FE0300F6FE03000A
:10728000ABFE03002DE9F043EDB004AE0F4614460B
:1072900098463246304BDDF8D091336005A9FFF7B0
:1072A0002BFC40B12D4B00932D4A2E492E4840F225
:1072B000172300F07DFC00230BADCDE900334FF424
:1072C0009672434621A9284604F0E0F8002808DA1F
:1072D000264B0093224A234923484FF4077300F0BA
:1072E00067FC31682846FFF770FEB9F1030F2A6882
:1072F00001D902F04DF9137823F0300343EA091362
:10730000002C137022DD012128460EF007FB3946C0
:1073100006462246686818F046F9A119759A009247
:107320000023CDE9013305AA21A804F009F90028BA
:1073300009DC0F4B01900093094A0A490A4840F2C0
:10734000312300F035FC6DB0BDE8F0830021284604
:107350000EF0E4FA0146E1E7AA0A0400ABFE0300DE
:10736000D82C0400AEFC03003AFD0300BCFE030071
:10737000FBFE030007B50948002111F0C7F8002201
:10738000074B01930748009201231146FFF77AFF4C
:10739000024803B05DF804EBFFF712BE08110020AD
:1073A000FD6E020004FF030010B596B00446FFF71F
:1073B00053FE104A0346502102A80DF0C9FE0021D9
:1073C0000D4811F0A3F802A818F0FBF80B4B01933D
:1073D00000230246009302A902232046FFF752FF32
:1073E0000548FFF7EDFD064B01221A77054B18788B
:1073F00016B010BD27FF0300FC100020616E0200D4
:1074000004020020F810002007B501230022CDE976
:10741000003211460223FFF735FF03B05DF804FB8D
:1074200007B50B48002111F071F80022094B0193B8
:107430000092012311460848FFF724FF0448FFF794
:10744000BFFD054BA3F20B3003B05DF804FB00BF9A
:10745000EC100020496D02001C05002013B5044605
:107460000021094811F052F80022084B01930092C4
:10747000012311462046FFF705FF0348FFF7A0FD53
:10748000034B187802B010BDE0100020C16D02005F
:10749000DC10002070B50F4C0025A4F12406336ADF
:1074A000AB4202DC4FF0FF3511E00B49204617F0EC
:1074B000F4FF10B901355034F1E72046FFF714FE10
:1074C0000028F7D12046FFF7C9FF0028F2D0284650
:1074D00070BD00BF28020020C302040013B50024C1
:1074E0000194049C0094FFF7CDFE02B010BD000093
:1074F00070B586B00646FFF709FE5023144D03FB16
:1075000000F424342C4405F51E72214611480DF078
:10751000EBFD2B7B8DF80C30D5F80D30CDF811300C
:10752000B5F81130ADF81530002503A920460095B7
:1075300002230B22CDF80D60FFF7D0FF064800951F
:1075400002232A462946FFF7C9FF06B070BD00BFD7
:107550000402002037FF03007C04002010B514490A
:10756000FFF744FD124B134A134850210DF0F0FD74
:1075700011480F4B114A04465021A0300DF0E8FD90
:10758000502120460A4B0E4A08440DF0E1FD2046EA
:10759000074B0C4A5021F0300DF0DAFD04F5A070D5
:1075A000034B094ABDE8104050210DF0D1BD00BF8A
:1075B000A810002052FF03002C04002069FF0300E4
:1075C00027FF03007EFF030093FF030030B5304B1D
:1075D00093F864319BB063B92E4B2F4800932F4A28
:1075E0002F4940F2712300F0E3FA4FF0FF301BB057
:1075F00030BDFFF719FE044608B117F0E2FFCDE9F0
:107600000040284902234FF4007204A803F03EFF13
:10761000002802DA6FF00100E9E7049A137823F0FA
:10762000300313700C21282204A80EF055F904A889
:1076300001F094FC0028EDDB012104A80EF06EF9A6
:1076400019490546059803F01DFB059B0193174B4F
:10765000124A134900930024054440F28B23144836
:1076600000F0A6FACDE90144124A0E4800942346E0
:10767000294603F065FFA042CCDD0F4B0C48009378
:10768000064A07494FF4257300F092FA2046AEE708
:1076900004020020DCFF0300EBFC0300C92C040003
:1076A000AEFC0300A80E0020A9FF0300B2FF0300F8
:1076B000FFFC0300AC030020BDFF030030B5304BDE
:1076C00093F864319BB063B92E4B2F4800932F4A37
:1076D0002F494FF4277300F06BFA4FF0FF301BB0C7
:1076E00030BDFFF7A1FD044608B117F06AFFCDE9F0
:1076F0000040284902234FF4007204A803F0C6FE9C
:10770000002802DA6FF00100E9E7049A137823F009
:10771000300313700C21282204A80EF0DDF804A811
:1077200001F01CFC0028EDDB012104A80EF0F6F8A6
:1077300019490546059803F0A5FA059B0193174BD7
:10774000124A134900930024054440F2B6230E4820
:1077500000F02EFACDE90144114A0E480094234668
:10776000294603F0EDFEA042CCDD0E4B0E480093FF
:10777000064A074940F2BF2300F01AFA2046AEE756
:1077800004020020DAFF0300EBFC0300B82C040025
:10779000AEFC0300A80E0020AA0A040003000400A7
:1077A000AC0300200F000400FFFC030000220C21AA
:1077B0000EF092B8F8B5054614480E4617460DF07F
:1077C000FFFC2B685B7803F01F03013B01249C4006
:1077D000A4B2012C18D145233A463146284603F07D
:1077E000C9FF2846FFF7E2FF214628460EF096F82B
:1077F000074B1B790446686823B1064903F042FA37
:107800002044F8BD0449F9E70020FAE72D00040000
:10781000040200203F000400440004002DE9F3416D
:107820001D4603680446587800F01F0001384FF0E9
:10783000010808FA00F080B202280E46174654D11B
:10784000636801932A4B2B4A2B492C4800932B2326
:1078500000F0AEF945233A463146204603F08AFF50
:107860002046FFF7A3FF264F414620460EF056F86C
:107870003B7906465BB32349606803F003FA61680D
:10788000214C0644214817F086FE6B6803F1180569
:1078900018685968224603C20833AB421446F7D130
:1078A0001A48FFF75BFE1A4B0093124A124913481D
:1078B000382300F07DF900233B7101233B773B7BAC
:1078C0000BB1FFF7FBFE304602B0BDE8F081114B73
:1078D000084A094909480093432300F069F90E4911
:1078E000606803F0CFF90644EDE70020ECE700BF45
:1078F0008C000400912D04004A000400FFFC0300EA
:10790000040200203F000400DC110020F4110020DC
:10791000A7000400B50004004400040070B504464C
:107920000068457805F01F05013D0120A84080B2A0
:1079300002281FD15868104BC68ADD8AAE4201D199
:10794000984215D00D4B0E4E01201871452320464C
:1079500003F010FF2046FFF729FF012120460DF01C
:10796000DDFF31460546606803F08CF9284470BDA0
:10797000044EEBE70020FAE7DC11002004020020AF
:107980003F000400440004002DE9F3410368DFF8E0
:107990009C805B7803F01F03013B04460125002017
:1079A0009D400E46174607F084FC082300930022F2
:1079B000184B022108F0CAFBADB2014642461548F9
:1079C0000CF05DF9012D23D145233A46314620467E
:1079D00003F0D0FE2046FFF7E9FE294620460DF0D1
:1079E0009DFF0D4B0D4A0E49009305468B230D4814
:1079F000CDF8048000F0DCF841460B4803F042F972
:107A00006068414603F03EF9284402B0BDE8F081C9
:107A10000020FAE794110020C3000400872D040021
:107A20004A000400FFFC0300110200209C1100200A
:107A300037B503685B7803F01F03013B012404FAA8
:107A400003F39BB2022B05461AD1452303F092FEA5
:107A50002846FFF7ABFE214628460DF05FFF094997
:107A60000446686803F00EF9074B00930444074A84
:107A700007480849A12300F09BF8204603B030BD19
:107A80000020FBE7D2000400D6000400792D04009A
:107A9000FFFC03004A00040073B5036804465878ED
:107AA00000F01F000138012383409BB2022B0D46DA
:107AB00016464FF0000019D10D4B0E4A98600E4B40
:107AC0000E490F480093B22300F072F82946442370
:107AD0003246204603F04EFE014628B9204602B049
:107AE000BDE870400DF01ABF4FF0FF3002B070BD1E
:107AF000040200206E2D0400EE0004004A00040081
:107B0000FFFC03000022C0E900228260704710B52C
:107B10000446852010F096FC2060872010F092FC2F
:107B20006060862010F08EFCA06010BD38B50B465A
:107B300001F10C0405462146186810F0A3FC00284A
:107B400002DC04480DF03CFB234603CB286069604F
:107B5000284638BD0301040038B50B4601F10C047A
:107B600005462146586810F08DFC002802DC0448C8
:107B70000DF026FB234603CB28606960284638BDFC
:107B80001C01040038B50B4601F10C0405462146E2
:107B9000986810F077FC002802DC04480DF010FB18
:107BA000234603CB28606960284638BD36010400AF
:107BB00037B506AC014654F8045B06480DF094FA5C
:107BC0002146284601940DF0D7FA0A200DF0ECFA70
:107BD00003B030BD4F01040010EE102A084BF6EE42
:107BE000007AA3EB620307EE103A60EE277AB7EE55
:107BF000080A67EE877A07EEC70A20EE070A704781
:107C0000DF59375FF5EE401AF1EE10FAF8B58B49FF
:107C10008B4D8C488C4CF0EE406A0AD1B5EE402A70
:107C2000F1EE10FA05D1F5EE402AF1EE10FA00F06F
:107C3000878022EE020A01EEA10A844F844E02EEF2
:107C4000A20AFFF7C9FF95ED007AD1ED007A90ED19
:107C5000006AD4ED005A7F4A7F4B26EE256A17EE64
:107C6000276A4FF0000CD0ED005AD5ED007A94ED64
:107C7000007A91ED005A90ED004AD0ED004A27EECF
:107C8000057A05EEA77AF6EE007A54EE247A91EDA5
:107C9000005AD1ED005A45EE257A62EE802A22EE96
:107CA000002A61EE801A62EE875A52EE275A22EEBF
:107CB000062A11EE872A97ED007AB5EEC07A61EEBA
:107CC000A77AF1EE10FA52EE867A40F3B08097ED83
:107CD000005A9FED626A96ED007A25EE255A05EE70
:107CE000067A86ED007A97ED005A92ED007A25EE3D
:107CF000275A05EE067A82ED007A97ED005A93ED49
:107D0000007A25EE025A05EE067A83ED007A96EDAA
:107D1000007A76EE876A92ED007A70EE870A93ED2C
:107D2000007A31EE071A4E4B93ED007A47EE256A42
:107D300093ED007A47EE270AD3ED007A07EE821A18
:107D4000DFED487A90ED006AD5ED005A94ED007AA7
:107D5000D1ED004A90ED005A60EEA70A66EEA76AE0
:107D600021EE271A60EE877A55EEE67A44EEC17A64
:107D700077EE857AC0ED007A61EE077A46EE867A74
:107D8000D1ED004A95ED005A44EEE07A77EE857A1F
:107D9000C5ED007A61EE257A50EE867AD1ED004A83
:107DA00094ED005A44EEA67A60EEA50A41EE060A6A
:107DB00077EE857A46EEC70AC4ED007AD1ED007AF7
:107DC00070EEA70AC1ED000A90ED005AD0ED005AFE
:107DD00095ED000AD5ED004A94ED006AD4ED006AF5
:107DE00091ED007AD1ED007A20EE240A05EE250A05
:107DF00006EE260A07EE270AFFF7EEFED0ED007A20
:107E000067EE807AC0ED007AD5ED007A67EE807A71
:107E1000C5ED007AD4ED007A67EE807AC4ED007A81
:107E2000D1ED007A67EE807AC1ED007AF8BDC6F830
:107E300000C0C2F800C0C3F800C074E750120020B0
:107E4000581200201C060020541200205C12002052
:107E50004C12002048120020441200200AD7233C74
:107E6000200600200AD7A33BF0B52DED108BB5EE10
:107E7000403AF1EE10FA87B0B0EE40AAB0EE608A58
:107E8000F0EE419AB0EE61CAF0EE42CAB0EE62DAAC
:107E900010D1F5EE403AF1EE10FA0BD1B5EE404AB2
:107EA000F1EE10FA06D107B0BDEC108BBDE8F04042
:107EB000FFF7A8BEB5EE40CAF1EE10FADA4FDB4E7E
:107EC000DB4DDC4C0AD1F5EE40CAF1EE10FA05D1DB
:107ED000B5EE40DAF1EE10FA00F025812CEEAC0A96
:107EE0000CEE0C0A0DEE0D0AFFF776FE2CEE00CA22
:107EF0006CEE80CA2DEE00DA23EEA30A03EE030A2D
:107F000004EE040AFFF768FED7ED005AD7ED00FA39
:107F100097ED006AD6ED007ACDED055A63EE80AAA2
:107F200026EE276AD7ED003AD5ED007A97ED007A74
:107F30008DED016A63EEA73AD4ED007AD6ED002A02
:107F4000CDED023A23EE00BA27EE277A96ED003AFD
:107F500096ED005AD5ED007A25EE275AD6ED007A37
:107F6000D4ED006AD5ED004A67EEA67AD5ED006A39
:107F7000CDED037A64EE00BA64EEA64A95ED004AB0
:107F8000D4ED006AD4ED00DACDED044AF6EE008AB5
:107F9000B0EE689A24EE264A02EEC39AD4ED006A47
:107FA0008DED004A6DEEA6DA38EEE4EA35EE47FADA
:107FB00037EE055A39EE6D7A3EEE6DEA27EE2A7AF3
:107FC00005EE0B7A6FEE2A6A34EE465A4EEE0B6AD5
:107FD00073EEA7EA05EE2B7A4EEEAB6A37EE077A20
:107FE00076EEA66A27EE077A06EEA67A17EE100A54
:107FF00015F018F941EC100B16F004FD51EC100BC4
:1080000015F04AFC9DED004A9DED016ADDED023A56
:10801000DDED037ADDED044ADDED055A8649874A38
:10802000874B36EE046A77EEE37A26EE2A7A07EE7D
:108030008B7A4FF0000C79EE646A05EE100A06EEBA
:10804000AB7A804855EEAF8A37EE077A78EEAD8A84
:1080500066EE074A4FEE054A66EE876A27EE874AC4
:108060004EEE856A0EEE054A66EE0D5A2BEEA47AA8
:108070001AEEA67A5CEEA85A6BEE266A6CEE288A97
:1080800057EE8D8A5BEE846A67EEAC7A6AEE84AA5C
:1080900056EE0C7A5BEE24AA75EE875A38EEA67A75
:1080A000D0ED006AF5EEC06AF1EE10FA77EEAA7A2A
:1080B00040F3B38090ED005A9FED636AD1ED006A02
:1080C00025EE255A45EE066AC1ED006A90ED005A8C
:1080D000D2ED006A25EE075A45EE066AC2ED006A47
:1080E00090ED005AD3ED006A25EE275A45EE066A58
:1080F000C3ED006AD1ED006A3AEE26AAD2ED006A1D
:1081000038EE268AD3ED006A79EEA69A4F4BD3ED6E
:10811000006A06EEA5AAD3ED006A06EE878A93ED03
:10812000007A47EE279ADFED4A7AD7ED006A96ED9E
:10813000006A95ED007A94ED005AD7ED005A28EECA
:10814000278A2AEE27AA69EEA79A68EE077A56EEE2
:108150004A7A45EE697A77EEA57AC7ED007A69EE3C
:10816000877A4AEE267A94ED005AD6ED005A45EE0B
:10817000487A77EEA57AC6ED007A69EE867A58EEEF
:10818000267A94ED005AD5ED005A45EE0A7A28EE8B
:10819000068A09EEA68A77EEA57A0AEE478AC5ED29
:1081A000007AD4ED007A38EE278A84ED008A97EDC4
:1081B000005AD7ED005A96ED000AD6ED004A95ED2B
:1081C000006AD5ED006A94ED007AD4ED007A20EED5
:1081D000240A05EE250A06EE260A07EE270AFFF70F
:1081E000FBFCD7ED007A67EE807AC7ED007AD6ED1A
:1081F000007A67EE807AC6ED007AD5ED007A67EEF8
:10820000807AC5ED007AD4ED007A67EE807AC4ED0D
:10821000007A07B0BDEC108BF0BDC1F800C0C2F809
:1082200000C0C3F800C071E71C06002058120020EF
:1082300054120020501200204C120020481200203E
:10824000441200205C1200200AD7233C20060020A4
:10825000A69BC43A08B5FFF78DF8012008BD08B504
:10826000FFF718F9012008BD08B5022102480CF0FB
:108270003BFF012008BD00BF6101040000B50821DB
:10828000A3B00B4801F07EFC00F018FC09480CF08C
:1082900097FF094B0093094A09490A48BE23FFF793
:1082A00087FC0948802202A912F036FCF9E700BFDA
:1082B000B81D002072010400C901040084010400FB
:1082C00091010400FFFC0300A02D040008B5642008
:1082D000FFF70EF9012008BD08B5FEF7AFF8012041
:1082E00008BD08B5FEF7ACFF012008BD70B5FEF76C
:1082F0009BFF0546FEF78CFF044628460CF060FF06
:10830000E51C04F1130615F8011F05480CF0ECFEFE
:10831000B542F8D1E18A03480CF0E6FE012070BDB9
:10832000D80104009AFD0300F0B5002693B0304652
:108330000DF052FE064610B9012013B0F0BD4023E7
:108340000093002202AB092107F000FF031EEEDBC1
:108350001D09ECD002AC00272378FF2B0AD16378EB
:1083600003F00F030E2B1AD00137AF4204F11004B3
:10837000F2DBDCE70D490822204616F0F7FF002863
:10838000F2D00B491022204616F0F0FF0028EBD067
:1083900008491022204616F0E9FF0028E4D02046C4
:1083A0000BF0F5FA04480CF00BFFDDE7D62E0400C5
:1083B000F62E0400E62E04009C0A040030B54FF0AF
:1083C00000426FF000440021C0E954420025002221
:1083D0000024C0E90011C0E956458160C0F84C1185
:1083E00080F86011C0F86421C0F86821C0F86C21E1
:1083F000C0F87011C0F87421C0F87821C0F87C2151
:1084000030BD0000000000002DE9F04FBE4BBF4D15
:108410001B68BF4EBF4F2DED0A8B9FB004460A214B
:108420001846039314F014FDBB4BB3F9002009EE7A
:10843000102AB3F90220B3F90430214604A80DF143
:10844000280A08EE102A08EE903AFFF76FFB214643
:108450005046FFF781FB214611A8FFF793FBBDF9BA
:108460004830DFEDAE7A07EE103ABDF94630B8EE8F
:10847000C77AF8EEE88A87EE27CA07EE103ABDF908
:108480004430B8EEC77AB8EEC88AC7EE27BA07EE0E
:10849000103ABDF91430B8EEC77AB8EEC99A87EE33
:1084A00027BA07EE103ABDF91230B8EEC77AC7EE18
:1084B00027AA07EE103ABDF91030B8EEC77A87EE5A
:1084C00027AA07EE103ABDF92C30B8EEC77AC7EEEE
:1084D000279A07EE903AF8EEE77A77EEE87A17EE09
:1084E000900A14F09FFE86A3D3E9002314F0F2FE55
:1084F00015F0D2F9BDF92A3007EE903AF8EEE77A96
:1085000008EE900A77EEC87A17EE900A14F08AFE09
:108510007BA3D3E9002314F0DDFE15F0BDF9BDF90E
:10852000283007EE903AF8EEE77A08EE100A77EE78
:10853000C97A17EE900A14F075FE71A3D3E90023EF
:1085400014F0C8FE15F0A8F9B0EE4C4A00EE100A7F
:10855000F0EE6B3AB0EE4B3AF0EE6A2AB0EE4A2AF1
:10856000F0EE691AB0EE681AF0EE480AFFF77CFCEC
:108570006B4800F0CBFB6B4A2968136810600B4412
:108580001B1A2B603368BA680A330A32312B336006
:10859000BA600BD9644C237813BBFEF7B7FD0028F3
:1085A00014DA62480CF00CFE0023336060480FF0D0
:1085B00057FF11A90FF066FFBDF944300BB100233E
:1085C0002B601FB0BDEC0A8BBDE8F08FFEF79EFD5F
:1085D000502303FB0070574B243018600123237095
:1085E000554B56491B680A93554BDFF880811B6831
:1085F0000B93544B1B680C93534B1B680D930DF15D
:1086000039003B7B8DF8383016F0C5FF2B68CDF86C
:108610003F3007F0D3FD1F2861D8464B1F6838460E
:1086200016F0CFFF7F2802463BD8394611A812F03A
:10863000B1FE8346002834D1BDF86A40434B1399FC
:108640002246184616F0AFFFBDF8709000F804B04F
:10865000B9F1000F0BD03E4916F0A0FE16994A461C
:1086600016F0B8FE03464C44013303F804B0374912
:1086700004A812F002FDA0B9BDF826306BB905229E
:108680001199344816F0B9FE41F2336341F2346275
:10869000002808BF1346ADF826302C48394616F09E
:1086A0007AFF00231B22139211A904AA1846CDE9D0
:1086B000113A0AF0C3F900281ADA274B274A284949
:1086C000284800934FF4C073FFF772FA03984FF4F1
:1086D0007A7114F0BDFB002388F8003064E7224B68
:1086E00000931E4A1E491F484FF4BD73FFF760FAFE
:1086F00098F80030002BE0D156E700BFAFF30080C0
:10870000399D52A246DF913FF83704002C13002018
:108710006412002004020020A412002000007A4409
:10872000681200206012002030130020DD010400D8
:1087300031020400341300201C0600201102002026
:10874000581200205412002050120020AC120020B9
:108750005329040014F9030003020400F10104008A
:1087600091010400FFFC03001B020400E84100200B
:1087700007B5ADF800106946ADF80220ADF8043039
:108780000FF088FE03B05DF804FB00002DE9F04116
:10879000964B974E1C688EB04FF47A71204614F0B9
:1087A00057FB9449944800F0E1F94FF47A61204670
:1087B00014F04EFB914B924A0293002301934FF425
:1087C000C06100928F480F2201F088FC41200FF019
:1087D00039FE1E231A4619460546FFF7C9FFFEF764
:1087E000ADFC002878DB09A8FFF78CF904AF09A8D5
:1087F000FFF78DF9844E09A93846FFF7ADF9049BC0
:108800003360059B736081480FF02AFE064607A976
:1088100030460FF037FE0A21204614F019FBBDF94F
:108820001C30002BF3D07A4EFEF770FC002867DB7B
:108830000A22114600232846FFF79AFF754B764A15
:1088400076497748009340F20A23FFF7B1F9FEF723
:1088500021FE0646684800F059FA724B1860731CF6
:1088600072D1714B00936C4A6C496D486F4E4FF456
:108870000473FFF79DF9FEF7A9FE002856DB6C4E46
:10888000012333736421204614F0E2FA337F002B76
:10889000F8D00023194628460A22FFF769FF642111
:1088A000204614F0D5FA09A8FFF7AEFD377F002F58
:1088B000F9D1604B584A59495948009340F2252351
:1088C000FFF776F95C48FEF79FFD3B460A2211460A
:1088D0002846FFF74DFF96E74F4A5049504800960B
:1088E00040F2F313FFF764F920464FF47A7114F065
:1088F000AFFA00220A2311462846FFF739FF6EE738
:10890000454A4649464800964FF40173FFF750F92F
:10891000FEF730FD20464FF47A7114F099FA0A23DD
:10892000002219462846FFF723FF7DE73A4A3B49D4
:108930003B48009640F21323FFF73AF94FF47A715F
:10894000204614F085FA96E7394F3C4B324A3349BA
:1089500033484FF0000887F80C800093019640F2EE
:108960003123FFF725F9464539DB6421204614F011
:108970006FFA334B284A29492948009340F237239C
:10898000FFF716F9502303FB06702430FEF7E6FDCF
:1089900007F50A70FEF708FD08B3FEF741FD014632
:1089A00028480CF0A1FB3B7FCBB143460A2241464D
:1089B0002846FFF7DDFE09A8FFF726FD3E7F002EC3
:1089C000F9D11C4B144A15491548009340F247232E
:1089D000FFF7EEF81848FEF717FD334676E74FF439
:1089E0007A71204614F034FA0DE700BFF83704001E
:1089F0004A0204000C2E0400681200203802040011
:108A00007D820200B8170020A41200203102040069
:108A10006A0204007F020400450204009101040080
:108A2000FFFC0300601200209E020400C902040043
:108A300004020020DE020400CC040020F70204003F
:108A4000070304001703040010B50748FFF7B6FC3E
:108A5000054B1C4603F5C070FFF7B0FC04F54070F1
:108A6000FFF7ACFC10BD00BF3813002002F024BBA0
:108A700030B5E3B001AC4FF496720E4B17A9204607
:108A800003F036F9024690B90C2120460CF024FF81
:108A9000012120460CF042FF074B05461988029839
:108AA00002F028F9034A411917A803F05DF963B0F1
:108AB00030BD00BFBC050020400D0020014802F081
:108AC000CDBC00BF2406002070B5064B064E9B1B94
:108AD0009C080025AC4200D170BD56F8253098475F
:108AE0000135F7E7643904002C39040013B5002080
:108AF0000EF09AFB014608B900F04AFD084C2046EA
:108B000013F032FC204612F0E3FE064B06480094B8
:108B100001224FF4806113F033FC02B010BD00BF9E
:108B2000F81D0020F7030400A81F002007B5134616
:108B3000002200920A46017900680FF03BF80038E5
:108B400018BF0120404203B05DF804FB07B513468F
:108B5000002200920A46017900680FF035F80038CB
:108B600018BF0120404203B05DF804FB30B5044655
:108B70008BB000B109B900F00BFD07C984E807000C
:108B80000DF05EFC0DF10F02D0212046FFF7CEFF65
:108B900038B120680DF070FC6FF0010528460BB06D
:108BA00030BD9DF80F30582BF3D1B622E02120467E
:108BB000FFF7CCFF00283FD10DF10F02F321204633
:108BC000FFF7B4FF002837D19DF80F30002BF3D109
:108BD0000193182300932179206804AB88220DF0BB
:108BE000BAFC48BB049BE360059B2361069B636161
:108BF000079BA361089BE361099B62792362A379C8
:108C0000F5211A4320468DF80F20FFF79FFF98B9F2
:108C1000627A237A920042EA4312E3791A43D2B28B
:108C2000F42120468DF80F20FFF790FF05462068BD
:108C300015B90DF021FCB1E720680DF01DFC4FF0D7
:108C4000FF35ABE71FB5044608B900F0A1FC00688A
:108C50000DF0F6FBE379032B11D106230022CDE9B9
:108C6000003204F1340321792068F7220DF073FCFF
:108C7000236808B320680DF0FFFB234841E0627AC7
:108C8000237A920042EA431242F00102D2B2F42166
:108C900020468DF80F20FFF759FF0028EAD10DF18B
:108CA0000F02F3212046FFF741FF0028E2D19DF893
:108CB0000F301B07F3D4D0E718460DF0DDFB94F816
:108CC000383094F8372094F839101B0143EA023306
:108CD000A28943EA1111C2EB13135200C2EBD10275
:108CE000B4F90E105B434A43B4F910101B134B4305
:108CF0009B1303EBE220206300EB8000803040F305
:108D00000F2004B010BD00BF0080FFFF2DE9F0412F
:108D1000054608B900F03CFCFFF794FF95F8354094
:108D200095F834302A6BB5F91A60B5F91CC02401E6
:108D300044EA033495F8363044EA1314D317B2F5F5
:108D4000FA3243F1FF33A2FB027102FB03F001EBA5
:108D5000400106FB03FEF01702FB00EEA6FB0260DB
:108D600086444FEAEC780CFB01F04FEA4E4E4EEA97
:108D7000D63E07FB08007604ACFB07C816EB0C06D2
:108D80004044B5F918C040EB0E0000EBCC00B5F93B
:108D900014C04FEAEC7E0CFB03F302FB0E33ACFB7A
:108DA00002C21344B5F916204FEAE27E514307FB95
:108DB0000E11A2FB072739441B03120A42EA016283
:108DC00043EA1C534FEA0C3C1CEB020C6A8A03F585
:108DD000004343EB2123ACFB02C102FB0311CB1781
:108DE0004A1053EA610150D0C4F5801404F00041E8
:108DF00041EA5401E407A41B40F6354661EB00014B
:108E0000A4FB060406FB014114F096FDB5F92020F1
:108E1000064602FB01F44FEAE27C430B0CFB0040E8
:108E2000A2FB06242044D20C42EA4032B5F922408B
:108E300043EAC14392194FEA613741EBE04103FB3A
:108E400007F0A3FB033606EB4006E017584304FB8C
:108E50000600A3FB043420445B0E43EAC013D2187F
:108E6000B5F91E304FEAE37441EB6061120A240148
:108E700044EA137442EA01621B01981844EB21246E
:108E8000000A40EA0460BDE8F0814FF0FF30FAE7E5
:108E900010B50C46FFF7D6FE4FF60263E380208044
:108EA000012010BD13B51723CB800C46FFF72EFF12
:108EB0000122019001A920460EF0F8FE012002B027
:108EC00010BD41F6C813584348BF00F2FF3040F3CD
:108ED0008F207047704700004FF080435722C3F83F
:108EE0001C25BFF34F8F0549054BCA6802F4E062A9
:108EF0001343CB60BFF34F8F00BFFDE700ED00E0F1
:108F00000400FA0570B50144044618468C4200D1AD
:108F100070BD14F8013B0825584046B24300002EAE
:108F2000D8B2B8BF5040013DF7D1EFE713B5094BB8
:108F3000094C1A681B7923716846082122600BF0DE
:108F4000CFF908226946601D01F072FE00236375A7
:108F500002B010BDFD030400A823002010B5044694
:108F600086B0124816F02DFB104B009010490222DB
:108F700020460CF075FC002816DB0E4903A801F012
:108F800099FE00F118030DEB0300002300F80C3CE0
:108F900003A816F016FB0849009003AB02222046F6
:108FA0000CF05EFC00EAE07006B010BDA8230020C3
:108FB000AB040400805101000719040038B50C46C9
:108FC0000168032932D120460CF0CEFA282808D1B6
:108FD000A38933B161680B440A783C2A06D09942D0
:108FE00002D34FF6FD711BE00131F5E701310A466E
:108FF00010783E2803D09A42F3D20132F8E7114BA1
:109000001D68541AA542ECD90F4B1B68224618461E
:1090100016F0C9FA00212A1B204416F0B7F90121E5
:109020000A4B1868BDE8384000F0CABF04294FF069
:10903000FF3118BF002181F47F4181F0FD0189B229
:10904000EEE700BF6026002064260020C025002037
:10905000032809D10B68597891420CBF01210421E2
:10906000044B186800F0ACBF04280CBF0221042197
:10907000F6E700BFC025002000684422FFF7E8BFE4
:1090800000684222FFF7E4BF08B50F2000F08AFF16
:10909000420708D4830709D410F0080F0CBF002042
:1090A0006FF0030008BD6FF00100FBE74FF0FF30E9
:1090B000F8E70000034637B51B68032B0846144643
:1090C00020D10B685B78412B21D12F230093124ACA
:1090D000402308210CF04BFA00281ADD22460F4CE1
:1090E00002F1180510685168234603C30832AA42EA
:1090F0001C46F7D101210A4B186803B0BDE8304087
:1091000000F05EBF042B0CBF02210421F3E7042111
:10911000F1E70821EFE700BF20260020C825002046
:10912000C025002008B50448012100F03BFD034B99
:109130001A68034B1A6008BDC4250020D4300020F3
:10914000C0250020F0B5234B9BB01960224B23496A
:109150001A6011230193224B0093054601234FF41B
:10916000007204A802F092F9002803DA6FF00100FF
:109170001BB0F0BD049A1B491378184F23F030033D
:109180001370072300930222174B04A80CF068FB0E
:10919000002104A80CF0C2FB00240646B44211D101
:1091A0000A200CF001F8114A00920023CDE90133A6
:1091B0000A482A46214602F0C3F90028D6DDFFF707
:1091C00063FFD5E717F8011B09480BF08DFF013449
:1091D000E4E700BF6426002060260020BE230020B4
:1091E00099FE030068270400C7FE0300BD8F02003C
:1091F0000304040070B5194E33789AB005460C4646
:1092000043B3304616F0DDF91549CDE900602B4631
:109210004FF4007204A802F039F9002803DA6FF065
:1092200001001AB070BD049A137823F03003137054
:10923000002104A80CF072FB00230146CDE90133A4
:10924000084A0748009402F07BF90028E7DDFFF7A1
:109250001BFFE6E76FF00200E3E700BF20260020D7
:10926000BE230020C825002070B50D4616460446D2
:1092700000B109B900F08CF9FFF754FF32462946D6
:109280002046FFF75FFF0446024800F003FD20463A
:1092900070BD00BFC425002070B50C469AB00546CD
:1092A00008B900F075F9FFF73DFF40228CB92F494E
:1092B0002846FFF747FF044678B12D4B00221A706D
:1092C0002C4800F0E7FC2C480BF07AFF20461AB03F
:1092D00070BD2648214616F0A2F8244C204616F010
:1092E00070F92649CDE9004002234FF4007204A82A
:1092F00002F0CCF8002802DA6FF00104DDE7049AEE
:10930000137823F0300313700C21282204A80CF0EA
:10931000E3FA04A8FFF722FE0028EDDB012104A8F0
:109320000CF0FCFABDF81C10064600230598282214
:1093300002F05EFD041EDFDB059911480BF0D4FE40
:10934000104A00920023CDE901330C482A46311916
:1093500002F0F6F80028CFDDFFF796FE044600285D
:10936000ABD1012000F0EAF8AAE700BFE025002019
:1093700020260020C4250020F3030400BE23002083
:1093800003000400B590020010B5FFF7CBFE0849BA
:109390000220FFF72FFF044628B1002000F0CEF88E
:1093A000044B00221A70044800F074FC204610BDE3
:1093B0007990020020260020C425002038B50C4DED
:1093C000FFF7B0FE2B782BB90A4800F063FC6FF072
:1093D000020038BD002000F0B1F807490420FFF773
:1093E00009FF002403482C7000F054FC2046F0E7ED
:1093F00020260020C42500208190020010B5154CC5
:1094000015488AB00BF0DCFE23782BB913480AB05C
:10941000BDE810400BF0D4BE1149282268460AF07E
:10942000C7FA104B1048DA8A69460BF05DFE0F4907
:109430000F480BF059FE0F490F480BF055FE0F492E
:109440000F480BF051FE21460E480BF04DFE0AB0BE
:1094500010BD00BF202600200904040024040400DD
:10946000CC250020C825002049040400A8230020A2
:10947000650404008051010075040400E02500200B
:109480008604040096040400024B1B6803B11847CD
:10949000704700BF6826002007B5074B0748B3F99F
:1094A00000300093064A074B0749006813F0F2FCAE
:1094B00003B05DF804FB00BF74260020F8370400F9
:1094C00000C5DC036C260020782600200D4B07B574
:1094D0001A880D4B1A800D4B4EF237545C8068464B
:1094E00000F039FBBDF80230A342F8D1FFF74CFF82
:1094F00028B9FFF7D1FF0220FFF7C6FFEFE70120F1
:10950000FAE700BF60310020742600206C2600209E
:109510001FB5074B0293074A0092002301930622CE
:109520004FF48061044800F0D9FD05B05DF804FBFC
:10953000A6040400CD94020088260020084B0949A7
:1095400010B50446186813F024FB34B1FFF7A4FFEC
:109550000020BDE81040FFF797BF0120F9E700BFEA
:10956000F83704007826002008B5EFF30583DBB256
:1095700043B9EFF310832BB904480BF021FE00F040
:1095800055FDFCE70149032000F03AF8AE04040061
:1095900008B5714602480BF0A7FDFFF7E5FF00BFD5
:1095A000C004040008B5FFF78FFA03480BF008FE6B
:1095B000FFF7ECF8002008BDC90404001FB5EFF365
:1095C000108372B6074B029300230193064B00935E
:1095D000072204234FF4C061044800F07FFD00F02F
:1095E000B3FE00BF45020400A5950200882A0020B2
:1095F00008B50EF0FDFABDE8084011F06FBD7047E8
:1096000008B50D4B1A680C467AB901221A60FFF7AB
:10961000F6FF214609480BF067FD0EF05DFC0A20BD
:109620000BF0C2FD06480BF0CBFDEFF3108372B6D2
:1096300000F014FEFFF750FC88300020F604040010
:109640001205040070B50D460021044600F0AAFA88
:109650000D4E70B9BFF35B8FE288BFF35B8F338829
:1096600012B21BB29A4204D06DB90121204600F01B
:1096700099FA3388BFF35B8FE380BFF35B8FA388D6
:109680000133A380012070BD603100200021FFF76D
:10969000D9BF000008B5BFF35B8FC188BFF35B8FF4
:1096A0000C4B1B8809B21BB2994201D0FFF770FF27
:1096B0008388002BFAD0013B9BB2838043B9BFF370
:1096C0005B8FC380BFF35B8FBDE8084000F0E2BA58
:1096D00008BD00BF603100202DE9F04704460E466A
:1096E0001746EFF3108872B60568C5B9DFF88890A1
:1096F000051DD4E90331A2689A1A8A4222DC1D4A68
:1097000012883280581C6269E0600B4096E80300C2
:1097100002EBC30383E8030088F3108810E055F8D8
:109720000C390360D1E900012B6983E80300284666
:109730000C2100F075FB687988F3108800F0ACFB11
:10974000012714E08FB1D9F800A00921504600F09C
:1097500067FB5146284600F0A3FC88F3108800F010
:109760007FFCEFF3108872B6C3E788F310883846A1
:10977000BDE8F08760310020D430002070B50B4682
:1097800004461046EFF3108672B6D4E902219142E6
:109790001DD0501CA060206961696568024001EB22
:1097A000C20292E8030083E803001DB986F3108823
:1097B000012070BD55F80C39636028460C2100F07B
:1097C0002FFB687986F3108800F066FBF0E778B12C
:1097D000094A156809212B61284600F021FB29461A
:1097E000204600F05DFC86F3108800F039FCDFE7CE
:1097F00086F31088DDE700BFD43000200346D0E9AF
:10980000072010B59C69141BA04201DA002010BD8E
:10981000541C0240DC61F9D4586A00EBC20203C94F
:1098200082E803001A896FEA42426FEA52421A81C3
:10983000184600F09BFB0120E9E7000008B50E4B3D
:1098400053F82130A3B11A79042A0BD103C81A693D
:1098500082E8030018460C2100F0E2FA074B0120D1
:10986000186008BD01461846BDE80840FFF7C6BFAE
:109870004FF0FF30F5E700BFDC300020D030002093
:109880002DE9F0411D46294B53F82140284B1B88F8
:109890000380064690462CB985F310884FF0FF30C0
:1098A000BDE8F0812379042B36D0224B01462046B7
:1098B0001F68FFF7A3FF78B185F310883B79062B6B
:1098C00002D01D4B1B682BB11C4B4FF080525A60CD
:1098D000BFF36F8F0120E3E7B8F1000F02D185F3EA
:1098E0001088DDE73B793E61062B14BF0521062178
:1098F000384600F095FA04F11400394600F0D0FB28
:1099000023896FEA43436FEA53432381204600F0E3
:109910002DFB85F31088D7E7D0E90001236983E8A0
:1099200003000C21204600F07BFAF2E7DC30002037
:1099300060310020D4300020D030002000ED00E065
:10994000F8B50246EFF3108672B6344D2B680BB9AA
:10995000FFF71EFE5F6A002F59D0D3E90640A042F0
:1099600055D0601C9861186A044039B9596929B901
:10997000611C03D186F310882046F8BD002C4ADB19
:1099800007EBC40103C982E80300596999B9002CA7
:109990002CDA0421184600F043FA86F31088204B95
:1099A0004FF080525A60BFF36F8F2B681B79042BE6
:1099B000CED00124E0E70D46002C55F80C19596172
:1099C0000CDBD3E907209969511A8842A9BF511CC1
:1099D0004FF0FF320240D96107EBC2022B6993E8D6
:1099E000030082E803002B79062B02D186F310884E
:1099F000DFE7002328462B610C2100F011FA68797B
:109A000086F310880E28D4D800F046FAD1E74FF03C
:109A1000FF340029AAD01A61B7E700BFD430002074
:109A200000ED00E010B50146EFF3108472B6054B6F
:109A30001B880380044B1868FFF7E0FE84F310884E
:109A400010BD00BF60310020D430002021230380EE
:109A5000FFF7F4BEEFF30583DBB20BB1FFF7F6BF00
:109A6000064B1B881BB2994201D1FFF7DBBFEFF316
:109A7000108372B60122FFF703BF00BF60310020E0
:109A800010B4EFF3058212F0FF0203D05DF8044B2F
:109A9000FFF7DCBF074B1B881BB2994203D15DF86F
:109AA000044BFFF7BFBFEFF3108372B65DF8044BB2
:109AB000FFF7E6BE60310020104B1B881BB29A42B4
:109AC0002DE9F04106460C46154601D1FFF760FD31
:109AD000EFF3108872B60A4B1F680621384600F073
:109AE0009FF996E803003C61434684E803000122A5
:109AF00029462046BDE8F041FFF7C2BE6031002094
:109B0000D430002038B5EFF3108572B60F4BB0F9A2
:109B1000002053F822400CB9FFF73AFD2379062BB9
:109B200004D085F310884FF0FF3038BD03C9236996
:109B300083E8030020460C2100F072F9607985F378
:109B4000108800F0A9F90120EFE700BFDC30002009
:109B50000021FFF7F5BE0121FFF7F2BE08B5EFF3D4
:109B6000108272B6064B1B680BB9FFF711FD586ADD
:109B700010B1D3E90630C01A82F3108808BD00BFC7
:109B8000D430002008B5064B4A1E1B6811405862AD
:109B900001D0FFF7FDFCC3E906111A6208BD00BF42
:109BA000D430002070B504460846EFF3108672B634
:109BB000236833B94FF0FF33236086F31088012008
:109BC00070BD11B986F31088FAE70F4B1D680DB907
:109BD000FFF7DEFC0321284600F022F92368013359
:109BE0000DD105F10C0323600023EB6086F3108890
:109BF000064B4FF080525A60BFF36F8FDFE7294664
:109C0000204600F04DFAF1E7D430002000ED00E0EE
:109C10002DE9F0410446EFF3108772B690F8088002
:109C2000B8F1000F04D087F310886FF08B0008E0C4
:109C300005682B683BB94FF0FF332B6087F3108822
:109C40000020BDE8F081114B1E680EB9FFF7A0FCA3
:109C50000321304600F0E4F82B68013310D106F1FF
:109C60000C032B60C6F80C8087F31088084B4FF06C
:109C700080525A60BFF36F8F237A002BE0D0D4E775
:109C80003146284600F00CFAEEE700BFD430002041
:109C900000ED00E038B50446EFF3108572B60068B9
:109CA00010B985F3108838BD431C02D1002323600E
:109CB000F7E750F80C3923600C2100F0B1F8236865
:109CC00013B94FF0FF33236085F31088034B4FF037
:109CD00080525A60BFF36F8FE5E700BF00ED00E0F0
:109CE00038B5EFF3108572B6012344680372237907
:109CF0000A2B02D985F3108838BD02681368013B2E
:109D00000333F7D8134604F10C0019461B68002BE7
:109D1000F0D09842F9D1E3680B60136813B94FF0A3
:109D2000FF3313600C21204600F07AF885F3108889
:109D30006079BDE8384000F0AFB8000008B503799D
:109D40000B2B04BF0C230371836A1A68934208D05B
:109D5000B0F9061003480BF0C7F903490D20FFF7CF
:109D60004FFC08BD1F0504004E05040010B5046833
:109D700044B123688B4206D19C4219BF1B68236003
:109D80000023036010BD1A461B68994202D094421A
:109D9000F9D1F7E7002AF5D013681B681360036850
:109DA000994208BF0260EDE770B5174C174E236863
:109DB00035683BBB15B12846FFF7C0FF00F008FB34
:109DC0002368002BFAD00020114A00211160B3FA59
:109DD00083F3104A52F823301C680C3C0B23AC422E
:109DE00023710DD008B1FFF7A9FF0B4BA16AB4F99D
:109DF00006201A801F31094A3460022000F01EFA42
:109E0000204670BD2846DFE78C300020D43000208B
:109E1000D03000209030002060310020080006166D
:109E200070B50A29037904460D461AD90A2B14D8AD
:109E30004279174B00F10C0153F8220078B1006809
:109E4000E06053F82200016043F8221011494FF0FE
:109E50000043D3400A6813430B60257170BDE16075
:109E6000F2E70A2BF9D94079094E04F10C0106EB0F
:109E70008000FFF77BFF637956F82320002AECD19E
:109E800004494FF00042DA400B6823EA0203E3E79B
:109E9000903000208C3000200B4B1B681A790A2A66
:109EA00002D95B7983420DD9EFF30583DBB21BB195
:109EB000064B01221A607047054B4FF080525A60E2
:109EC000BFF36F8F704700BFD4300020D030002028
:109ED00000ED00E008B5EFF3108372B6094B0A4AB3
:109EE0001B880A4D1BB2002442F82340084A286808
:109EF00013682146013B1360FFF792FF2C6000F0CE
:109F000023FA00BF60310020DC300020D430002074
:109F1000D830002010B50346EFF3108472B60289E2
:109F200002EA010022EA01021A8184F3108810BDBE
:109F30000C4A034610B51068EFF3108472B602891C
:109F400013420CD103610721FFF76AFF84F31088E5
:109F5000054B4FF080525A60BFF36F8F10BD84F3F2
:109F60001088FBE7D430002000ED00E010B5037945
:109F7000048A072B03D0082B0CD0002408E00389A7
:109F80001C4005D00C21FFF74BFF054B01221A6046
:109F9000204610BD03899C43EFD10124F2E700BFA6
:109FA000D030002038B5054B1D680446FFF7C0FFD0
:109FB00021462846BDE83840FFF7ACBFD43000202A
:109FC00010B5EFF3108472B6038902791943072A9A
:109FD000038A018104D0082A13D084F310880FE08B
:109FE0001942FAD00C21FFF71BFF074B01221A6020
:109FF00084F31088054B4FF080525A60BFF36F8F87
:10A0000010BD8B43E9D1EDE7D030002000ED00E03A
:10A01000431E9BB21F2B05D8034B53F8200010B1F1
:10A02000C06A704700207047DC30002010B5EFF3A5
:10A030000583DBB27BB9EFF3108472B6064B0221C5
:10A040001868FFF7EDFE84F31088044B4FF0805240
:10A050005A60BFF36F8F10BDD430002000ED00E0D8
:10A06000EFF3108072B60B4B1B681A790A2A07D9D6
:10A070005A79094B53F8221011B1096843F822109C
:10A0800080F31088054B4FF080525A60BFF36F8FFA
:10A09000704700BFD43000209030002000ED00E079
:10A0A00038B50B790A2B01D9FFF772FA4C7901F117
:10A0B0000C020346006818B110F8075CA542F8D9F5
:10A0C000C8601A6038BD03460144814202D9026863
:10A0D000824201D0C01A70470430F6E70F2A2DE9FA
:10A0E000F84F05468A469046994633D810F0030348
:10A0F0001DBFC3F10402043B5B180B46A3F13403FC
:10A1000018BFAD1833F0030324D419F0080F05EB82
:10A11000030416D02D60EFF3108B72B6274A012688
:10A12000114652F8047FC7B10136212EF9D18BF3C5
:10A1300010886FF08A063EE012600432A242FBD320
:10A14000E9E72A46FAE702212046FFF769FE8BF38A
:10A15000108830E06FF015062DE036B22A4641F83F
:10A160002640DDE90A01E68000F0A0F80C9B144AC5
:10A17000E3624FF0FF33C4E908371368206001330E
:10A1800019F0010FC4E90377C4E90577A562C4F8A3
:10A1900030A084F805802771E7611360D3D10C21CA
:10A1A0002046FFF73DFE19F0040FD0D18BF3108845
:10A1B0004046FFF771FE3046BDE8F88FDC300020E6
:10A1C000D83000200C2808B503D8034B53F82000E2
:10A1D00008B9FFF7DDF908BD302E04000C4B0D4A1D
:10A1E00010B540219A600C4CE02283F82220D977E8
:10A1F0000022A0180132302A80F80013F9D11A6920
:10A2000042F010021A615A6942F400725A6110BD9C
:10A2100000ED00E00060020000E100E0064BD3F832
:10A22000942042F00502C3F894205A6A42F4803226
:10A230005A620020704700BF00ED00E0064B21F09D
:10A240001F0142F00102C3F89800C3F89C100020DF
:10A25000C3F8A020704700BF00ED00E008B5EFF3A1
:10A260000581C1F3080119B1054810390AF03CFF16
:10A27000044BD3F8F030DB0700D500BE08BD00BFAB
:10A28000C705040000ED00E0BFF34F8F0549064B02
:10A29000CA6802F4E0621343CB60BFF34F8F00BF84
:10A2A000FDE700BF00ED00E00400FA051A4422F0CB
:10A2B000030210B54FF0773442F8044C540758BFEE
:10A2C0004FF08834A2F104035CBF42F8084CA2F1BD
:10A2D00008034FF0807243E902020D4A43F80C2C48
:10A2E0000020032243E9052043F8201C0122022418
:10A2F000194643E907246FF0020241F8242D0B228E
:10A3000041F8042D013A032AFAD1A3F1440010BD0B
:10A31000D59E0200054B064A06481968914201D1B4
:10A32000834201D3C01A70470433F6E700000020CF
:10A33000FEE7FEE700020020EFF308807047000010
:10A3400000487047000000200023E1EE103AEFF3D0
:10A35000148323F0040383F31488BFF36F8FEFF3A8
:10A36000108362B6024B4FF080525A60BFF36F8F7A
:10A3700000ED00E0114910B50C6872B6FFF714FD4E
:10A3800062B6A04208BF10BD2146BDE8104049B1E9
:10A39000EFF309821EF0100F08BF22ED108A22E9A8
:10A3A000F04F0A600068B0E8F04F1EF0100F08BFD1
:10A3B000B0EC108A80F3098870470000D430002088
:10A3C000024B4FF080525A60704700BF00ED00E032
:10A3D00030BF62B6BFF36F8F72B670470D4B0E4A37
:10A3E0000E496846904203D8984201D9002102E004
:10A3F00009468D46012104207246024202D1EFF344
:10A40000088001E0EFF309802DE9F00F6B4600F0C2
:10A4100087F800BF5801002000000420000200203F
:10A4200008B502490620FFF7EBF800BFD605040087
:10A4300008B502490520FFF7E3F800BFE205040074
:10A4400008B502490820FFF7DBF800BFF505040056
:10A4500008B502490920FFF7D3F800BF070604003A
:10A4600008B502490A20FFF7CBF800BF1B0604001D
:10A4700008B502490B20FFF7C3F800BF2D06040002
:10A48000704770471C4AD2F8883043F4700310B507
:10A49000C2F88830FFF7F4FF6A46184B184819468F
:10A4A00093421DD3174B184A184883421BD3184BAD
:10A4B000184A002093421BD321B1174A17490120A3
:10A4C000FFF7BCFEFFF7AAFEFFF7DBFF00F07EF907
:10A4D000FEF700FD15F02EF8BDE81040FFF76EB84E
:10A4E00043F8040BDCE752F8044B43F8044BDCE779
:10A4F00043F8040BDEE700BF00ED00E000000020A1
:10A50000FEE7FEE700020020883B0400400D00202B
:10A51000400D002098750020080006161F0000203E
:10A520002DE9F04F9A46564B8FB093469A6B0392A3
:10A530005A6B0492D3F82880DA6A05921A6BDB6BA7
:10A540000793504B06921A684F4B9A4204460E46A8
:10A5500002D04E480AF034FE002E62D04C480AF079
:10A560002FFE4C4B4C48198809B20AF0BDFD00255E
:10A570002F464A480AF024FE414649480AF0B4FDF5
:10A58000059948480AF0B0FD069947480AF0ACFD25
:10A59000079946480AF0A8FD18F4004F03D0039924
:10A5A00043480AF0A1FD18F0800F03D004994148F8
:10A5B0000AF09AFD40480AF003FE404859460AF066
:10A5C00093FD002E29D11BF0080F53D0314B1E886C
:10A5D00036B23046FFF71CFD3146024638480AF0D5
:10A5E00083FD38480AF0ECFD394637480AF07CFD17
:10A5F0006946364BC91A03D5354849420AF074FDFD
:10A6000020468268C36801698C4641698E46AD4622
:10A61000514691E8F00F416800682E490720FEF787
:10A62000EFFFD4E90230D4E90679D4E900120890AA
:10A630002069099060690A9019F4007F26480B91FF
:10A64000CDE90C230CBF04F1200504F124050AF028
:10A65000B7FD089B0B9900932048DDE90C230AF015
:10A6600043FDDDE90912CDF800903B461C480AF095
:10A670003BFD7EE7217F1B4810390AF035FDB0E72E
:10A6800000ED00E000000020FEE7FEE73B060400CE
:10A690005106040060310020800604002A070400EF
:10A6A0003307040043070400530704006307040052
:10A6B000730704008307040093070400980704004D
:10A6C000AA070400E90704001A0804005801002042
:10A6D000420804006F08040094060400AF0604005A
:10A6E000EC060400C307040070470000EFF310817C
:10A6F00072B6094A13680133012B136009D14FF078
:10A7000080420020C2F800011360D2F80031002B13
:10A71000FBD081F31088704764310020094A08B5E6
:10A7200013680BB9FEF734FFEFF3108172B61368AC
:10A73000013B13601BB94FF0804301225A6081F343
:10A74000108808BD64310020114A38B51378EBB980
:10A750004FF08044C4F81835C4F804310123A360D5
:10A76000D4F80431002BFBD001251570FFF7BEFF94
:10A770000023C4F80C314FF080422561D2F80C312F
:10A78000002BFBD0BDE83840FFF7C8BF38BD00BF85
:10A79000623100204FF0704393F8E02F062A12D167
:10A7A000D3F8E40F10F00F000DD1D3F8E82F02F02A
:10A7B000F002302A08D1D3F8EC0F00F0F000B0FA24
:10A7C00080F04009704700207047000008B5FFF78F
:10A7D000E1FF30B1134AD2F8FC3023F08073C2F8A5
:10A7E000FC30FFF7D7FF20B14FF080430322C3F8BE
:10A7F000A025FFF7CFFF30B14FF080430022C3F810
:10A800000C21C3F81021FFF76FFF074B0122C3F89B
:10A810004025FFF7E3FCFEF7EBFEBDE808400DF036
:10A82000FDB900BF00ED00E000E00140044B1B68F3
:10A830002BB1044B4FF080525A60BFF36F8F7047BB
:10A84000D030002000ED00E008B50C4B98420CD051
:10A85000B0F1402F0BD003F50033984209D003F537
:10A860004043984207D0FEF793FE002008BD012028
:10A87000FCE70220FAE70320F8E700BF00300040C1
:10A8800038B50D461446FFF7DFFF0A4B43F820505A
:10A89000094B43F82040094B1B56002B08DB0122D3
:10A8A000590903F01F0302FA03F3054A42F8213065
:10A8B00038BD00BF8831002078310020642E0400AC
:10A8C00000E100E0FFF7DCBF70B50E461546FFF76C
:10A8D000BBFF04460648012100EB8400FFF762F944
:10A8E000044B43F82460044B43F8245070BD00BF70
:10A8F00068310020883100207831002008B5FFF74A
:10A90000A3FF034B03EB8000BDE80840FFF7C2B98B
:10A910006831002008B5044A044B10681B6898474A
:10A92000BDE80840FFF782BF783100208831002061
:10A9300008B5044A044B50685B689847BDE8084076
:10A94000FFF774BF783100208831002008B5044A31
:10A95000044B90689B689847BDE80840FFF766BFC6
:10A96000783100208831002008B5044A044BD068B3
:10A97000DB689847BDE80840FFF758BF78310020F2
:10A980008831002009F0CEBCD0E902301847000021
:10A9900070B50E46154600211022044614F0F6FC50
:10A9A000024BE560C4E9013670BD00BF89A9020011
:10A9B0000346006838B10268904219BF136803600B
:10A9C000002119601046704708B500B109B9FEF7BB
:10A9D000DFFD4B68002BFAD0EFF3108272B60B68E4
:10A9E00033B903686BB11B680B60036819600160C1
:10A9F000406882F3108830B1BDE808400121FFF7BC
:10AA0000DFBA0960F3E708BD10B5EFF3108472B642
:10AA1000FFF7CEFF84F3108808B10023036010BD58
:10AA20002DE9F0410D46044600B109B9FEF7B0FD2D
:10AA3000EFF3108872B6002726467368002BF5D016
:10AA40003046FFF7B5FF50B90137BD4206F10806A1
:10AA5000F3D188F310880120FFF7A4FAE8E7002279
:10AA6000026088F31088BDE8F081D0E90501FFF7A6
:10AA7000ABBF000001600349C0E90523C0E9031032
:10AA8000704700BF6BAA02000A4619B9D0E9050158
:10AA9000FFF79ABF011D006812F094B801460068E4
:10AAA00010B1043112F075B87047000038B58569EF
:10AAB000044685B10A4B1868436901330CD012F083
:10AAC0002BF823696A68C11A8A4226BF9B181B1A91
:10AAD00000236B60206138BD83685B689847F0E7AE
:10AAE000F83704008369084A10B5044610682BB192
:10AAF0005A68214612F066F8206110BD2146BDE873
:10AB0000104012F046B800BFF837040083690022F5
:10AB100010B504465A60A06930B1436823B9036890
:10AB2000A36163699847F6E72046BDE81040FFF748
:10AB3000D9BF000070B505460C46EFF3108672B61B
:10AB4000FFF7B4FF05F118000368BBB92360046088
:10AB5000AB69A34206D10F4B62681868294612F010
:10AB600031F8286186F310880B4B1B682BB10B4B17
:10AB70004FF080525A60BFF36F8F70BD61685A68A2
:10AB8000914203D3891A61601846DDE7521A2360A7
:10AB90005A60DCE7F8370400D030002000ED00E018
:10ABA00070B504460D46EFF3108672B6FFF77EFFD0
:10ABB000A36904F118022BB92046FFF793FF86F32F
:10ABC000108870BD13689D4202D01A461B68F2E7D8
:10ABD0002B681360002BEFD05A6869680A445A60EA
:10ABE000EAE70000034B4161C0E9023000238361C2
:10ABF000704700BF0DAB020058B1037843B1013874
:10AC000010F8013F0BB901207047303B092BF7D9F1
:10AC10000020704738B1054B0A0901F00F019A5C1A
:10AC20005B5C027043700220704700BF682E040016
:10AC3000F8B50D465700064610B18C18A54201D153
:10AC40003846F8BD304615F8011BFFF7E3FF023622
:10AC5000F4E7F8B50E465700054610B18C18B4421B
:10AC600001D13846F8BD284614F8011DFFF7D2FF80
:10AC70000235F4E703461A46013311780029FAD168
:10AC8000101A704748B90846FFF7F4BFC2540133A1
:10AC9000CA5C002AFAD1184670470023F8E707B5C6
:10ACA000042201910DEB0201FFF7D3FF03B05DF821
:10ACB00004FB00000E4A914230B5034616D80A2222
:10ACC000012014468A420ED963B103440A25B1FB20
:10ACD000F5F405FB1412303203F8012D0A46092A57
:10ACE0002146F4D830BD62430130EBE70A20EBE7A0
:10ACF000FFC99A3BFFF7DEBF002910B50B464FEAAC
:10AD0000D17404DA10B12D2200F8012B5942FFF75B
:10AD1000D1FF204410BD2DE9FF41161E05460C460B
:10AD200004D104B0BDE8F041FFF7E6BF0CDDFFF74A
:10AD3000E3FF044625B132463021281814F026FBE3
:10AD4000A01904B0BDE8F08181EAE171A1EBE471E2
:10AD500001A8FFF7AFFF002CC6F1000807460BDA89
:10AD60006DB32D232B700124B8451DDBC6F1010204
:10AD700025B91444601CE4E70024F5E7A2EB0708BA
:10AD800028194246302114F001FB444428193A4660
:10AD90003C4401A914F007FC26442B195A1BB2426B
:10ADA00008D22E23AB55E5E7002DEFD13C44E1E777
:10ADB0000124FBE713F8012C03F80129EEE7804595
:10ADC000F6DBC6F101020124D3E7FFF7A4BF10B5FB
:10ADD000034601440A2400208B4200D110BD13F821
:10ADE000012B303A092AF9D804FB0020F4E70000CF
:10ADF00038B5064B1B6804460D46986814F092F966
:10AE000029462046BDE8384010F07EB9EC0C002001
:10AE100007B5014601A8FFF7FDFE022101A8FFF7D3
:10AE2000E7FF03B05DF804FB07B501466846FFF78E
:10AE300036FF08216846FFF7DBFF03B05DF804FB2F
:10AE400010B50446FFF716FF01462046BDE8104046
:10AE5000FFF7CEBFD8B1E1B1002340EA0102D2072B
:10AE600009D5C2070BD5CA070BD581420BD2421AAE
:10AE700008461146F7E7400849080133EDE7400866
:10AE8000EFE74908EFE7091AEDD100FA03F10846A8
:10AE900070470146FBE72DE9F84306460D46144688
:10AEA0000AB9FEF775FB11462846FFF7D3FFA0420B
:10AEB000F7D8A84239D8B5FBF0F1B4FBF0F2002581
:10AEC000B1FA81F44FF0004EC4F120002EFA04FED6
:10AED000C4F15F0C2B462C462F46DB1847EB0708C6
:10AEE00011EA0E0F18BF43F00103934278F10009F5
:10AEF00047464FEA44044FEA5E0E0FD39B1A68F1AF
:10AF0000000744F00104002C0BDA3B4300D001346D
:10AF1000C0F1200333713460BDE8F883002CF2D116
:10AF2000013801356545D8D1EFE700200446EFE749
:10AF30000D4A10B5D2F87442002303601CB1D2F858
:10AF40007C42A14207D0D2F898325BB1D2F8A0324D
:10AF5000994207D101235B4203F0240303F51D73DB
:10AF60001A44026010BD00BF3C060020F8B505463B
:10AF700016460C4669B108B9FEF70AFB03688B4216
:10AF8000FAD8426803EB02129142F5D2CC1A24118E
:10AF900001346B68A34201D800200AE028683146DA
:10AFA00000EB041027010AF0B3F90028F0D128685B
:10AFB0003844F8BDF0B593B014462F2300930646ED
:10AFC0000D46402302AA0B2120460AF0D0FA0028A1
:10AFD0001BDD23685B7803F01F03013B01249C40C9
:10AFE0000021A4B22960022702AA3046FFF7BEFF63
:10AFF0000146286010B9384613B0F0BD8B881C425A
:10B000004FF00107F0D00027F5E70227F3E7000033
:10B010002DE9F041114C0746884600252646A368D5
:10B0200043B96835B5F5027F04F16804F7D1002013
:10B03000BDE8F081E368013314BF236904F1100314
:10B040005B884345EDD1394604F11C0010F02BF824
:10B050000028E6D008357019EAE700BF3C0600205A
:10B060001FB514461A460378012B0AD10023CDE9F7
:10B0700001314068069B039401A907F0DFFC04B08E
:10B0800010BD4FF0FF30FAE70A4B10B504461868C0
:10B09000436901330AD011F03FFD20F07F42626521
:10B0A00020460621BDE810400AF016BC83685B68A4
:10B0B0009847F2E7F83704002DE9F0411C460746AF
:10B0C00000680D46904614F07CFA2389DC4304F0B6
:10B0D0000104023406460444ADB1444516D8DB07EA
:10B0E0005BBF2C232B70002301233C22EA5403F185
:10B0F00001083968024605EB080014F054FAA91952
:10B100003E2301F808302046BDE8F0814FF0FF30C3
:10B11000FAE71FB54268002A034611DB82687AB15C
:10B120001068516801AC03C490680021117001AA35
:10B13000044603CA4FF0FF329860D9601C615A6020
:10B1400004B010BD30B50368013B012B97B0044635
:10B150001CD8C56A042303609DB1502200210DEB69
:10B16000030014F013F94FF0FF33159363680133B4
:10B1700014BFA36804F10803009300226946204627
:10B18000A8472046FFF7C5FF0023236017B030BD56
:10B1900043685A1C012A13B5044605D8204602B05C
:10B1A000BDE81040FFF7CEBF013B436040F2EE2107
:10B1B000C3F106034FF4FA70994098400CF02AFF4F
:10B1C000014604F13400FFF75FFC2368022B0BD02B
:10B1D00000230093D4E9021204F1140304F1600087
:10B1E000FFF73EFF0028D9DD02B010BDF8B50468B6
:10B1F0002568002306460F4603602DB120460FF058
:10B2000052FF4FF0FF3538B9A36943B118343946BE
:10B2100020460FF048FF00B134602846F8BD0125F4
:10B22000FBE7000010B586B01222002101A814F03F
:10B23000ADF80423009341F23363ADF816300023D8
:10B240001A460E48694607F011FB00284FF000032C
:10B2500010DB0B4A0B4C12680848C4E90032214647
:10B26000094A0FF055FE01212046FFF7D9FB43683C
:10B270009847F8E7184606B010BD00BF9831002087
:10B28000D43000208C330020D9B702002DE9F843D8
:10B29000184C06460F46154604F50279A368FBB123
:10B2A000E368013314BF216904F1100104F10808B7
:10B2B0000B7803F00F03AB4212D12A460431384613
:10B2C00014F054F860B9314604F11C000FF0EBFEA5
:10B2D00058B9E369042B0BD194F82030FF2B04D02C
:10B2E00068344C45DAD14FF000084046BDE8F88399
:10B2F000FEF74EF93C0600202DE9F347994600235E
:10B30000CDE9003305461446036021B1264B009376
:10B310006846FFF76BFF2CB1244B0193214601A82F
:10B32000FFF764FFDFF88880DDF800A000244FF00D
:10B33000FF364746D8F8743243B92646631C022BC1
:10B3400008F124084FF0010416D0F3E7534502D06A
:10B35000BAF1000FF2D1019BD8F878229A4201D0BD
:10B36000002BEBD1B9F1000F0AD1644204F02404A0
:10B3700004F51D743C442C60304602B0BDE8F087F3
:10B38000D9F80010D8F88C220B7803F00F039A42FA
:10B39000D4D1002AD2D0043108F5207013F0E6FF92
:10B3A0000028CBD1E1E700BF500800208008002032
:10B3B0003C0600207FB51C4EB6F9004084BB1B4BF9
:10B3C0001B481C4DCDE901431B4B0093062223462D
:10B3D00040F65801FEF782FE30802846214640F8AC
:10B3E000084B4FF4027213F0D1FF2146302205F5CD
:10B3F000057013F0CBFF2146482205F51D7013F0B0
:10B40000C5FF4FF46172214605F52F7013F0BEFFA2
:10B410000CF0DCFDC5F81002B6F9000004B070BDF8
:10B420006FF01000FAE700BFEC3B00208208040038
:10B43000943300203C06002025B20200064BBFF3E7
:10B440005B8F53E8000F421C43E800210029F8D12C
:10B45000BFF35B8F80B270474C08002008B50369CA
:10B460000BB1FEF795F8064B5A685860C368026145
:10B470000BB9044BC36043690BB9034B436108BD6F
:10B480003C060020B9B00200B5AF02002DE9FF472D
:10B49000DDE90C6905460F4690461C4626B1337817
:10B4A0002F2B01D0FEF774F82F60FFF7C7FF8246FD
:10B4B00034B30CF08BFDCDE9004AADF80C0002234B
:10B4C00003AA012128680AF0ABF842460446034665
:10B4D000394628460AF005F9002C0CDD5EB1B9F1B9
:10B4E000000F08D02F23009332464B460B212846ED
:10B4F0000AF083F9044604EAE47004B0BDE8F0877A
:10B50000CDE90040234622462146DBE770B50446DC
:10B510000D46164601210948FEF744FB32462946EE
:10B520002046FFF7B3FE30B1002404600348FEF765
:10B53000B1FB204670BD6FF00104F7E73C06002028
:10B540002DE9F04F8FB0057803930023CDE9053343
:10B55000189E80468946C5F3011592460AB9FEF742
:10B5600017F89DF86830012B54D801238DF814305A
:10B570007B4B069316B9002D40F0E88001217948F5
:10B58000FEF710FB77494FF0000B0A468F685FBB50
:10B59000682404FB0BF4101902218160199981635E
:10B5A00004F11C0146630A4456460AF1180E30683D
:10B5B00071689446ACE80300083676456246F6D1D9
:10B5C00005AB93E80300674E68220BFB022CB444E2
:10B5D0008CE80300A5B1012D00F0A580682202FBD4
:10B5E0000B620021916046E00BF1010BBBF1050FEE
:10B5F00001F16801CAD15B48FEF74CFB00250BE066
:10B6000002FB0BF2B9F5967F324409D930469560BA
:10B61000FEF740FB6FF0150528460FB0BDE8F08F30
:10B62000156196F8BC2242B196F8E823002A78D03A
:10B6300096F81425002AD1D102254FF4967202FB08
:10B640000560682505FB0B6500F52F704A464146ED
:10B65000286113F0A8FF2A69C5F81490002ABDD00C
:10B66000062240F2EE214FF4FA70EA600CF0D2FCB0
:10B6700001220746AA603B48FEF70CFB682202FB4A
:10B680000B639B68002BB9D00834344401238DF838
:10B690001430334B0693ACB104F13405002F58D06D
:10B6A00004F15006304922463046FFF771F92F4920
:10B6B0002F4A096828463346FFF7DCF93946284601
:10B6C000FFF7E2F907AD1C220021284613F05EFEC9
:10B6D000039B6BB12E4603F1180C1868596832466B
:10B6E00003C2083363451646F7D108238DF834307A
:10B6F000009553464A46414605A8FFF7B1FC051E92
:10B700008ADC4CB12046FFF704FD1FB104F1340080
:10B71000FFF7C4F90023236015F1800F7FF46EAFAB
:10B720007AE7012589E702FB0B624FF0FF31D16018
:10B73000D8F80000D8F8041004F11002324403C213
:10B74000D8F8080010604FF4967794E737463446EF
:10B750009CE71C223946284613F018FEB2E700BFCA
:10B76000983100203C06002091B10200F837040017
:10B770008C330020F7B50E460027194615461346B0
:10B7800000973246044609F066FF00280DDD636D20
:10B79000E78106442D1A6660A58113B1002003B02D
:10B7A000F0BD2046FFF770FCF8E74FF0FF30F6E7FA
:10B7B00010B50B464FF4967206490446FFF7DAFFC0
:10B7C000014620B92046BDE810400AF0A7B84FF066
:10B7D000FF3010BD603200202DE9F04FCC06BBB029
:10B7E00006464BD500240DF158091C222146484637
:10B7F0000594B24D13F0CAFD01238DF87030A046B8
:10B80000274610ACCDF804900094002305AA04A9A3
:10B81000304607F095F8B0F1000E2FDB12D008EBA0
:10B820000E04B4F5967F724684BF4FF49674C8F543
:10B83000967205EB0800049988BF0127A04613F013
:10B84000B2FEDEE7CC46BCE80F001DAD0FC50823F5
:10B850009CE803008DF88C30169B042B85E80300D0
:10B860000FD19DF85C3095491DAD424624A8FF2BB1
:10B8700008BF754609F0CFFD002804DA3BB0BDE8EB
:10B88000F08FFDF785FE249A137803F03003302BF8
:10B890005ED151882046FFF7BBFB804628B134308B
:10B8A000FFF7FCF84046FFF74DFC249BDFF810A2A1
:10B8B000B3F802B0CDF824A0214609A8FFF796FC02
:10B8C000DDF82480B8F1000F42D0DAF860109BFA5E
:10B8D0009BF20023AAF5057A92B20A9329B1884512
:10B8E00003D1BAF88812914209D0DAF898326BB1D4
:10B8F00098450BD1BAF8AC32934207D101235B4291
:10B9000003F0240303F51D7353440A93DDF828B0B4
:10B91000BBF1000F1CD04FF0000A5346DBF80420A7
:10B92000CBF800A051460CA8FFF7E6FC0C9B1BB916
:10B93000DBF80430C3F800A000231A46CBF804A0BB
:10B9400041460AA8FFF7D8FC0A9B0BB9C8F800309B
:10B9500024994A784FEA521ABAF1020F24D01ED81D
:10B96000BAF1000F8AD10B78002A76D113F0300F8C
:10B97000C3F3011756D10321249A0B96137823F0B1
:10B98000300343EA011323F00F0313700021012356
:10B9900051708DF828300095234604228FE1AAF1DA
:10B9A0000403012B3FF66AAF11F8042B204602F086
:10B9B0000F02FFF76BFC249B80461B78002800F0E9
:10B9C000868113F0300FC3F3011200F07D81032A4A
:10B9D0003FF454AF4FF0FF39D8F848301BB108F1AD
:10B9E0003400FFF75BF8002F0CBF03230623C8F8D1
:10B9F0000030D8F82C30399F1BB1224624A940468C
:10BA000098474046FFF785FB013702D0BAF1020F95
:10BA100002D00023C8F80030B9F1FF3F3FF42EAF49
:10BA20000221A9E7022F7FF429AF20464988FFF7BA
:10BA3000EFFA044600283FF421AF436801333FF496
:10BA40001DAFC36A0760002B7FF418AF3430FFF7D7
:10BA500025F82046FFF776FB10E798063FF50EAF76
:10BA60003FB18D2124A8FFF7A3FE00283FF406AFC5
:10BA70001EE1DFF850A0CDE90677CDE90877DAF8C6
:10BA800004804FF0020BB8F1000F05D1BBF1020F9B
:10BA900014BF85218421E5E7D8F814300C9724AA37
:10BAA0000CA940469847022802D1D8F81080EAE74E
:10BAB000012809D1D8F810808346E4E760320020DD
:10BAC000500800203C0600200390002857D1DDF8E4
:10BAD000308009A84146FFF72BFADDF8E4B0039A5D
:10BAE000BBF1000F40F0AD8024AB5A46214608A8B8
:10BAF000FFF702FCDDE908320746002A41D03BB1DE
:10BB00009A4210D0CDF820B04FF0FF3339930AE0BD
:10BB1000137F012B37D11168039220460FF0C3FA2F
:10BB2000039A80B30892089BCBB1DDF890C0C3F8AC
:10BB3000088001219CF800208DF828100A980B96A7
:10BB400002F00F0203F11C0731469A6187E80300F7
:10BB50002AB10CF1040103F10C0013F024FD0123C0
:10BB60000F93CDE90C84D8F808705D490E950CABA5
:10BB70004FF4967224A8B8470028BFF676AFA021EC
:10BB800070E7002BCFD1399B0133CCD0791CBBD0CF
:10BB9000002AB9D1534B0693214606A8FFF726FB8E
:10BBA000DDF818B0BBF1000F0AD1421C08D04042AA
:10BBB00000F0180000F505700AEB000BCDF818B086
:10BBC000494B0793294607A8FFF710FB079B43B98A
:10BBD000431C06D0434203F0180303F5117353448A
:10BBE0000793BBF1000F8FD0079A002A8CD0A6468E
:10BBF000DC46734603CB4B45CCF80000CCF8041070
:10BC00009E460CF1080CF4D1AE46944605F1180995
:10BC1000734603CB4B45CCF80000CCF804109E468D
:10BC20000CF1080CF4D17B42304903F0240303F5F6
:10BC30001D730B440893242303FB0713C3E99DB230
:10BC400071E7BBF1010F2DD124AB214608A8039267
:10BC5000FFF752FB089F0FB3039A3A601346214641
:10BC60000CA8FFF749FBDDF83090B9F1000F09D1BE
:10BC70001C4B0693214606A8FFF7B8FA069B0BB1AA
:10BC8000C3F80090002319467A680CA8FFF734FB2C
:10BC90000C9B0BB97A68136000237B604FF0FF3375
:10BCA00039935CE7BBF1FF3F3FF459AF4FF0FF30F2
:10BCB00001238DF828300B9600952346024608494B
:10BCC0000AA8FFF7CDF9D9E54FF0020984E613F091
:10BCD000300F3FF450AE399B01337FF44CAECDE5CD
:10BCE0006032002050080020800800203C06002020
:10BCF0002DE9FF411D4604460F461A480121904692
:10BD0000FDF750FF294603A8FFF712F9039D3DB93F
:10BD10001448FDF7BFFF6FF0010004B0BDE8F081EB
:10BD20002760FFF78BFB452301900093AB69064624
:10BD300005F10C022068012109F072FC031E05DCEC
:10BD40000848FDF7A7FF4FF0FF30E6E742463946C7
:10BD5000204609F0C6FC2046FFF796F9AE82002087
:10BD6000DBE700BF3C0600202DE9F0418AB0064623
:10BD70000F4602A81146FFF7DBF8029C04B30DF151
:10BD80000C081C220021404613F000FB63686BB1D5
:10BD9000424603F1180C18685968154603C5083364
:10BDA00063452A46F7D108238DF824302046CDF884
:10BDB000008050F81C3B3A463146FFF751F90446E3
:10BDC0000348FDF767FF24EAE4700AB0BDE8F0819C
:10BDD0003C060020054A05230020916809B1013086
:10BDE000C0B2013B02F16802F7D170473C06002067
:10BDF000282A2DE9FF4105460F4601D0FDF7C8FB73
:10BE0000164B01925C680123ADF80C3000261CB97A
:10BE1000304604B0BDE8F081E36823B100236268D6
:10BE20000293934201D32469F1E72068D4F80C808F
:10BE300000EB031001AB75B1BA1BA919C04700286C
:10BE4000F1DDBDF80C3023F00103ADF80C30029B9E
:10BE500006440133E3E72A462946EFE73C06002083
:10BE6000F8B504461E464523FFF784FC28220C2122
:10BE7000204609F031FD0121204609F04FFD05461D
:10BE800030466768A48909F05EFD2822C3B22146C6
:10BE90003846FFF7ADFF2844F8BD4269013201D0B2
:10BEA00010F03ABE83685B6818472DE9F041DDF871
:10BEB0001880154600220E461F46014608F1080369
:10BEC000104600F07BF9044650B1406876BA6DBA6E
:10BED0008680C58027B142463946083013F063FB9F
:10BEE0002046BDE8F081000073B506460C46002AE6
:10BEF0003ED0072B3CD99188D088083B40BA49BA3C
:10BF0000009389B202F1080382B28120FFF7CDFFCE
:10BF1000054668B3237EFF2B04F1080214BF04F129
:10BF20001801002100F08DFC044610B90146284696
:10BF300009E000231A461946184603F077FF054624
:10BF400030B90146204602B0BDE8704004F0CABADC
:10BF500043680EB1B6F982615E8006492C602B46BB
:10BF600040F20222022002F0F9FE01460028DED053
:10BF700002B070BD0000FFFFF7B5099D0C461146E9
:10BF80001A464FF6FB739D4207464AD80095002398
:10BF90008020FFF78AFF002846D02246002146680D
:10BFA00000F04FFC044630B9214809F009F900259A
:10BFB000284603B0F0BD43689DF82020DA7167B1D0
:10BFC00000231A461946184603F030FF30B3436881
:10BFD000B7F882215A8004600446164B1868FFF7B0
:10BFE0005CFF032D89BFB0600836043D0C3600238A
:10BFF000AB42DAB20FD11049234640F202220220AE
:10C0000002F0ACFE0028D2D16FF0080500212046D6
:10C0100004F068FACCE7F2540133E9E76FF00B055E
:10C02000F4E76FF01505C3E76FF00B05C0E700BF3D
:10C0300088080400FC3704000000FFFF2DE9F047EA
:10C040001F46224B0546186816460C46FFF725FF8B
:10C0500002218146284604F07DFC032182462846C1
:10C0600004F078FC8046BAF1000F2BD050B3DAF818
:10C070000400083001F0C5FBD8F80410032C01F1CE
:10C08000080C1CD98B68043CA9EB03020C310B197A
:10C090000C469C4202D14FF0FF310AE00134601A95
:10C0A000013814F801ECC0B28645F2D0A4EB0C01C3
:10C0B00001393B462846B446BDE8F0476047614633
:10C0C0000022E4E76FF01500BDE8F087FC370400BC
:10C0D000F8B5048906460F46154600200DB1B54255
:10C0E00018D132897168002307F012FB04F13A037A
:10C0F0000344B3F5803F24BF013080B27968204407
:10C100003A3000232022083180B207F001FBC043FF
:10C1100080B2F8BD23462A89696807F0F9FAAB684E
:10C120002D6823449CB2D9E72DE9F8430E46814699
:10C130000321304604F00EFC044608B9FDF728FA46
:10C14000022104F007FC07460028F7D0A368032B60
:10C1500005D830460021BDE8F84304F0C3B90146D4
:10C1600032462046D4F80480FFF7B2FF0028F0D111
:10C1700098F80050892D0FD8842D11D8802D16D015
:10C1800098F80010334640F20122032002F0E6FD49
:10C190000028DED0BDE8F8836335EDB2012DEFD87D
:10C1A000A36879684246484601F0B2FDE8E7238972
:10C1B000796842464846FFF797FEE1E738B50D46F5
:10C1C000144600211A46032304F0CEFA28B143682E
:10C1D00000221D705C709A70DA7038BD10B504468C
:10C1E00060B190F90C30032B0BD10268FFF770FFA0
:10C1F00050B1636840BA5880002010BD6FF00D0048
:10C20000FBE76FF04C00F8E76FF00100F5E7002165
:10C2100004F068B908B50449102213F0A7F8B0FA81
:10C2200080F0400908BD00BFE62E040010B50A49A1
:10C230000822044613F09AF848B12378FF2B08D15E
:10C24000607800F00F00831E5842584110BD012055
:10C25000FCE70020FAE700BFD62E040070B51E46AA
:10C26000CBB2002115460246084603F0DFFD044626
:10C2700020B92846FFF7CBFF204670BD43681E71EA
:10C280000560F9E738B50B680C46054608B9FDF7B7
:10C290007FF94A68B0F88211518000224BB9B5F895
:10C2A000A030934209D220467A21BDE8384004F0FC
:10C2B00019B999681B680A44F0E7284602F0EEFFB6
:10C2C00060B10B49234640F20222012002F046FDF4
:10C2D00068B92046BDE83840FFF799BFB5F982013B
:10C2E00040F20222214602F02EFD0028F1DD38BD89
:10C2F0000000FFFF2DE9F8430E46D1E90014054682
:10C300000A4600232ABB5BBAA380A379FF2B02D184
:10C3100019BB3B23A371E37913B94DBB4023E371F0
:10C3200004F108073E491022384613F01FF804F1C3
:10C330001809804678BB4846FFF76CFF0246D0B12B
:10C3400010224146384613F021F80123E3753446A4
:10C350004FE0906812680344D4E70B7B023BDBB2EA
:10C36000022BD6D82F4AD35CA371FF2BD3D1D0E7B1
:10C3700095F88031D3E74946284603F0D7F90346BC
:10C380000028E4D000F1100253F8041B47F8041B06
:10C390009342F9D1DBE7284602F0A5FF4846FFF7B4
:10C3A00039FF98B10024284602F0A4FF002CCED01B
:10C3B0000321304604F0CEFA28B143681B7803F01D
:10C3C000FD03852BC3D06FF07C0022E03946284660
:10C3D00003F098F90028E5DB2844047D04F01F04ED
:10C3E000103C18BF0124DEE704F0DAF998B12060B0
:10C3F000044694F90C30022B02D120680028F3D1B6
:10C400003146204604F05DF8002807DA831C08BF97
:10C410000020BDE8F8836FF00B00FAE70020F8E792
:10C42000F62E0400882E040080B590B01022002162
:10C4300005A812F0ABFFB14B0693B14BB1481B8876
:10C44000ADF820300821FDF79DFB05A9022003F07F
:10C450009FFF40F20523ADF80E3001A8FDF77BFBEE
:10C46000BDF80620B2F5017F2BD840F202239A4294
:10C4700000F2A58140F201218A4238D09A42ECD1E3
:10C48000029E96F90C30013340F0E580746884B365
:10C49000B4F9020002F01CFF05463046277904F08B
:10C4A0007FF907F03F07014600283DD004F044F82B
:10C4B000064696F90C30022B00F0D080162130464B
:10C4C0004AE0A2F59F43403B9BB2152BC5D88E494D
:10C4D000012098400140002940F07981152B00F09F
:10C4E0007B81142BB9D1029801F0BCFAB5E7029E0A
:10C4F0000EB9FDF74DF84FF0FF31304604F02AFA3F
:10C50000054638B14368002BF3D0B3F9020002F0BE
:10C51000DFFE054673683BB1B268272A04D91B7851
:10C5200003F0F003602B01D030460DE0304604F0FC
:10C5300037F904460028F7D00222282104F052F9E6
:10C540000023237318B92046FFF761FE85E747688B
:10C55000FB7923B97421204603F0C4FF7DE7B98835
:10C56000BE798BB249BA89B20BB93B2EEBD184426A
:10C57000A36855D08B42204652D904F09DF9183754
:10C580003846FFF747FE70B93846FFF74FFE08B14F
:10C59000002D54D1384603F0AAF90546B0FA80F0D0
:10C5A00040090028CFD1292E4FD03A2E4FD0A6F1E6
:10C5B0001102534253419B0023733146022003F082
:10C5C00068FF002801DC3A2E43D10121204604F007
:10C5D0003FF80127494994F90C00234640F2012213
:10C5E00002F0BCFB10B92046FFF711FE87B13A2ECE
:10C5F00003D10121204604F02BF8234640F201220A
:10C600003146022002F0AAFB10B92046FFF7FFFDD9
:10C610003A2E7FF422AF21462846FFF785FD1CE71E
:10C6200000238268134490F90C20022A02D000688B
:10C630000028F6D1283B8B42A1D216218BE7384641
:10C6400003F055F9B0FA80F0AAE70223B4E7032318
:10C65000B2E70027BEE700273D462AE770682B496E
:10C660001022183012F082FE00283FF427AF304627
:10C6700004F096F8044600283FF456AF4668337E2F
:10C68000FF2B50D12DBB02F016FE00283FF45BAF0C
:10C69000411E204603F0DCFF47F04007284602F029
:10C6A00008FE054600283FF4D8AE204604F078F88E
:10C6B000064600283FF447AF01462846FFF71AFE1A
:10C6C000014628B3B4423FF43EAF3046FFF79FFD2A
:10C6D00039E701462846FFF70DFE014600287FF4A2
:10C6E00032AF47F040032246FFF7B8FD014600286D
:10C6F0003FF4B3AE2846FFF7C5FDAEE60000FFFFEE
:10C7000060310020F03B0020EFFB0600F62E040015
:10C710003B463246FFF7A2FD01460028BED0284620
:10C72000FFF7B0FDBAE71836304603F0E0F885426F
:10C73000804606D03046FFF779FD002818BF4FF03D
:10C7400000083046FFF766FD10B9B8F1000F17D0AA
:10C7500021464046FFF7CEFD00287FF4F4AE204688
:10C7600003F002FF00287FF4EEAE1D49234640F29D
:10C770000122022002F0F2FA00287FF46EAEE2E617
:10C7800009AB22462946304601F0DDF90028FFF6C4
:10C7900064AEBDF83C00C0F3041002F099FD0546FC
:10C7A00000283FF4A6AE2146FFF7A4FD00287FF441
:10C7B000CAAE9DF83E103B4622460DA894E76FF0A6
:10C7C000850303A901A80493FDF79CF945E60298A7
:10C7D000114601F0BBFD40E6029801F06DF93CE620
:10C7E0000000FFFF1FB5094CB4F9000060B9084B09
:10C7F000CDE90103074B0093042203464FF4707107
:10C800000548FDF76BFC208004B010BDEE3B002016
:10C81000A208040029C40200303C002008B502210F
:10C8200004F098F860B143680BB9FCF7B1FE826878
:10C83000272AFAD91A7802F0F002602AF5D11846B0
:10C8400008BDF8B50C46174602232822002103F044
:10C850008BFF064608B3456805F10800FCB1214688
:10C8600004F1100351F8042B40F8042B9942F9D13C
:10C8700005F11800C7B1394607F1100351F8042B30
:10C8800040F8042B9942F9D1602200232A70FF223C
:10C890006B70AB70EB70AA71EB713046F8BD102273
:10C8A000214612F073FDE3E71022394612F06EFDC7
:10C8B000012385F82730E7E7F8B5044615460E460C
:10C8C00009B90020F8BDD1F8A470FA04F9D51949C6
:10C8D000082212F04BFD38B12378FF2BF1D1637899
:10C8E00003F00F03022BECD1FB0701D4FCF750FE41
:10C8F00096F8810105F1100204F1080107F090F9A2
:10C9000010F0FF00DDD0A8762B4604F1100254F899
:10C91000041B43F8041B9442F9D1B6F882311B0181
:10C9200003F4F87343F4806343F006032B83012080
:10C93000C8E700BFD62E04002DE9F843054602F0F3
:10C94000D6FF0446002859D002F0CDFCB4F982117C
:10C95000002000F089FC002843D00368B4F982115C
:10C960009A8EC2F30412914201D0FCF711FE0433F7
:10C9700018462A46214600F002F92946204602F0D0
:10C98000C1FE0028F1DB21180B7D03F01F02102AE5
:10C9900031D003F00702013A012A27D80133D4F835
:10C9A00098800B75050105F17806154B1548B3F90C
:10C9B000009026443146FEF7F3F805F1160760199A
:10C9C0000023C0E91E38274444F6CF73A0F8823014
:10C9D000C0F88470A0F8809031460A48FEF7AAF8A3
:10C9E00004E084F89C00204601F06AFC2046BDE883
:10C9F000F84302F07FBC4EF66028D3E7BDE8F88329
:10CA0000EE3B0020F03F00202DE9F3470D461F4686
:10CA1000044608B9FCF7BCFDD0F8A430D90403D40F
:10CA2000042002B0BDE8F08779780229F8D11278A5
:10CA3000882AF5D1DB07F3D590F8CC206B4600F1BE
:10CA4000C40102F0EEF90828EAD1DDE90002B96874
:10CA5000FB689A4208BF8842E2D1BB78012B46D0DE
:10CA6000022B4AD0002B40D105F118012046FE8848
:10CA700002F048FE00281FFA86F8D1DBB8F5807F67
:10CA800018BF76BA04EB00021EBFB6B24EF66023A2
:10CA90005E43137D4FEA001523F01F0343F010039C
:10CAA00005F178081375A044234B2448B3F900A07E
:10CAB00018BFA6F56A46414614BF603E47F230569D
:10CAC00005F11609FEF76CF860190023C0E91E365F
:10CAD000A14444F6CF73A0F88230C0F88490A0F847
:10CAE00080A041461548FEF725F8B87899E705F18A
:10CAF0001801204602F0C8FFF7E7B4F9821105F1EA
:10CB0000080000F0B1FB0646002883D000F074FB5B
:10CB1000002000F093FB28B984F89C00204601F027
:10CB2000CFFBE2E73368002B3FF474AF05F1180048
:10CB3000FFF702FFD9E700BFEE3B0020F03F0020E7
:10CB400013B58A784878412A34BF022303239842D8
:10CB500012D1CC88C87864BAC0F30013A4B2009391
:10CB60000831234600F00F0003F076FF4EF66023F5
:10CB700003FB04F002B010BD4FF0FF30FAE7F0B550
:10CB8000074685B015461E460C4609B9FCF700FD60
:10CB9000B1F98211002000F067FB45B3D4F8A4304E
:10CBA000DA0424D518B30068B4F98221838EC3F364
:10CBB00004139A421BD13146043006F07EFEB0B118
:10CBC000D4F8A430DB0710D594F8CC2002AB04F1E4
:10CBD000C401204602F025F9082806D1002302AA44
:10CBE0000F21184605F0EFFC10B905B0F0BD00208C
:10CBF000009033462A462146384601F055FFF4E7B7
:10CC00002DE9F04117469846054608B9FCF7C0FCE7
:10CC100001F10806B0F98211304600F0CBF9044664
:10CC200028B190F8363013F0010F08BF0024D5F872
:10CC3000A430DA07EAD595F88101414607F006F8F5
:10CC400000281ADB74B9B5F982110322304600F0CE
:10CC500003FA044688B13B78872B02BF838E23F00A
:10CC60000803838694F83630DB0706D53B78862B9D
:10CC700005D1A38E43F00803A386BDE8F081872B7E
:10CC8000FBD0A38E23F00803F6E7000008B50449A3
:10CC9000102212F06BFBB0FA80F0400908BD00BF13
:10CCA000F62E0400F8B5069D14461E4680B179B1F3
:10CCB000FFF7ECFF1D4B9D429ABF4FF47A735D4323
:10CCC0004FF0FF350EB128B164B96FF0150407E0DD
:10CCD0000120EFE700F02CF96FF0850400F02EF949
:10CCE0002046F8BD00F024F92046314600F056FAFF
:10CCF0000446C0B10E4B18609DB10E4B061D314667
:10CD00000D48B3F90070FDF74BFF0023C4E901356E
:10CD100044F6CD730848E3812461A7813146FDF7CD
:10CD200009FF0024DAE76FF00B04D7E737894100E9
:10CD3000E4410020EE3B0020F03F002038B50446DF
:10CD40000D4600F0F5F824B11DB12046FFF79EFF17
:10CD500020B100F0A9FA08B100F04EFABDE8384061
:10CD600000F0ECB82DE9F04106460F46984615460E
:10CD700002B10BB9FCF70CFC106838B92C682046DE
:10CD800000F09CFB0446E8B9286003E000F0AAFB31
:10CD90000028F3D12C68204600F050FA044668B110
:10CDA00020680028F7D027B1838EC3F304139F4275
:10CDB000F1D14EBB4146204600F0A0FA201E18BF1C
:10CDC000012017E094F82430002BD3D020680028ED
:10CDD000D5D0042B02D1E38CDB07D0D527B1838ECD
:10CDE000C3F304139F42CAD13EB92046414600F026
:10CDF00087FB01202C60BDE8F0813146043006F04D
:10CE00005CFD0028F1D1BAE73146043006F055FD4B
:10CE10000028C0D0CEE7000030B590F820308BB0AD
:10CE2000044613B1FFF732FFF8B194F82110154B07
:10CE3000154A1648002918BF1A46114608F054F939
:10CE400004F110052846FFF721FF40B929462822A2
:10CE5000684606F0ADFD01460D4808F045F9618CC5
:10CE60000C4808F041F90BB030BD21462822684635
:10CE700006F09EFD94F820200146074808F034F99A
:10CE8000DEE700BFA7080400AA0A0400A9080400FE
:10CE9000BB080400C3080400B408040030F9081FEC
:10CEA000FCF7D4BD08B50449102212F05FFAB0FABD
:10CEB00080F0400908BD00BFF62E0400054A106846
:10CEC00038B10368984219BF1A68026000211160E6
:10CED00018467047E041002090F8361011B938220A
:10CEE00012F054BA704770B5044610460E46154607
:10CEF000FFF7F2FF4CB123462A1D04F1100153F84D
:10CF0000040B42F8040B8B42F9D11F2E01D9FCF718
:10CF10003FFBAB8E23F4F87343EA0611A98670BD7C
:10CF200001490248FDF75EBE9DCE0200F03F0020A1
:10CF30000148FCF7ABBB00BF0C4000200148FCF7E8
:10CF4000A9BB00BF0C40002070B50F4CA38EC3F3EB
:10CF50000413994205460E460FD150B9201DFFF724
:10CF6000A1FF50B12846084A3146FFF7BCFF0648EA
:10CF700070BD211D06F0A1FCF3E794F83630002BBC
:10CF8000F0D00020F4E700BFA841002028B13830DD
:10CF9000064B984203D3002070470548F8E790F805
:10CFA0003620002AF8D13830F3E700BFE0410020F6
:10CFB000A841002008B50B46014638B9FCF7E8FA4D
:10CFC0000A4806F07AFC78B109480EE0084A92F85F
:10CFD000360048B1928E12F4F87FC2F30410EFD0FD
:10CFE000002BEDD08342EBD0002008BDAC410020E7
:10CFF000A84100207047000010B590F8363023F0AB
:10D00000010300F1240180F8363004461048FDF792
:10D01000C7FD1049086820B10268944206D1FFF7A5
:10D020004DFF2046BDE81040FFF756BF134612687B
:10D03000944202D09842F9D1F3E7002BF1D01A685C
:10D0400012681A600A68944208BF0B60E9E700BFE3
:10D05000F03F0020E04100202DE9F84388460746D4
:10D0600008B9FCF795FA02F007052B1F022BF8D937
:10D07000FFF76AFF002839D1FFF720FF814660B330
:10D08000284E044694F83630012B29D8A38E03F499
:10D09000C0632BBB2046FFF7AFFF38462246414610
:10D0A000FFF721FFA38E2B43A386012384F836309C
:10D0B00020463368B3B11B68236033681C6034605A
:10D0C00060B9FFF7FBFE81450446DBD133685BB1F5
:10D0D0001B6803603368186034600020BDE8F88383
:10D0E0000020E6E72460EAE72060F5E790F83630B4
:10D0F000DA0708D4828E22F00702154343F00103B9
:10D10000858680F836300368002BE7D1054B1A6816
:10D110002AB1126802601A6810601860DEE70060C9
:10D12000FBE700BFE041002070B50C46054600B1AA
:10D1300009B9FCF72DFA0A46031D00F1140153F852
:10D14000040B42F8040B8B42F9D1A88E2083C0F364
:10D15000041002F0BDF8104906460822204612F0DD
:10D1600005F938B12378FF2BE3D1637803F00F037F
:10D17000022BDED1002EDCD0D6F8A430DB0705F17F
:10D180000C0104F11002D4D596F8810106F048FD97
:10D190000028A8BFA07670BDD62E0400F8B5154EA5
:10D1A000346807460D4694B1A38EC3F30413994225
:10D1B0000BD1211D06F081FB38B194F8363043F0D5
:10D1C000080384F836300B48F8BD0020FCE7FFF771
:10D1D000BBFE024630600028F7D029463846FFF7EC
:10D1E00082FE326892F8363043F0080382F8363017
:10D1F000E9E700BF14400020036810B504468BB176
:10D20000011D0C48FDF7CCFC206890F8363023F067
:10D21000080380F83630FFF75FFE14220021204615
:10D2200012F0B4F8044B1A68A24204BF00221A603C
:10D2300010BD00BFF03F0020E441002028B11430B1
:10D24000074A904203D3002070470648F8E7036876
:10D250001BB193F83630002BF6D11430F1E700BF44
:10D26000284000201440002010B520B10D4B1C6850
:10D270002CB900200FE00029F8D1FCF789F921B181
:10D28000A38EC3F304139942F3D128B994F836302E
:10D290001B07F2D5034810BD211D06F00EFB002828
:10D2A000E7D0F3E71440002010B5134C216879B99A
:10D2B0000020FFF7C3FFA0B921B10846FFF7BEFF6A
:10D2C000014618B90020FFF7B9FF0146216006E0CA
:10D2D0000B689B8E03F00703013B012BE8D908463E
:10D2E00010BD03689B8E03F00703013B012BE0D9BF
:10D2F00020600146F3E700BFE441002038B50C464A
:10D30000054610B1036803B109B9FCF741F91022D1
:10D310000021204612F03AF810490968002384F8E9
:10D320002030A9422A6807D1938E03F00703013BFE
:10D33000012B94BF0023012384F8213004F1100154
:10D34000131D143253F8040B41F8040B9342F9D126
:10D350002B689B8EC3F30413638438BDE441002023
:10D360002DE9F84F054689461F4690463AB11046CA
:10D37000FFF798FD044610B97B1E7F2B01D9FCF7FF
:10D3800007F9DFF8E0B082469BF82420DAB9002CD8
:10D3900008BF5C460AF1010ABAF1080F0BF1300B25
:10D3A000F2D174B12168002946D149462846FFF7D9
:10D3B000CBFD0146206000283ED13022204611F0EE
:10D3C000E5FF00242CE09BF825209742E2D1584647
:10D3D000414650F8046B06F086FA8742DAD8002EF0
:10D3E000CDD0B28EC2F304129145D3D1043630466B
:10D3F000FFF758FDB8B13DB105F1100255F8041B17
:10D4000046F8041B9542F9D1302202FB0AF2154B73
:10D41000995891F8362042F0400281F836205C4657
:10D420002046BDE8F88F002DB4D03146284606F0DE
:10D4300044FA0028AED0DFE70A4628464946FFF7FF
:10D4400052FD2046FFB250F8042B92F8363043F0DC
:10D45000400382F8363041463A4606F063FA84F8D3
:10D460002570DDE72840002010B590F824300446F0
:10D47000FBB90068D0B920463022BDE81040002139
:10D4800011F084BF3033013A04D09C42FAD01968BD
:10D490008842F7D1074A9342EDD390F8363023F013
:10D4A000400380F83630FFF717FDE4E7024B09220E
:10D4B000E9E710BDA84100202840002028B1303005
:10D4C000064B984203D3002070470548F8E790F8D0
:10D4D0002420002AF8D13030F3E700BFA841002013
:10D4E00028400020054B84468342A3F5C0728CBFC0
:10D4F00001200020624588BF00207047A84100201D
:10D5000038B50B4610B1026802B109B9FCF740F812
:10D51000021D00F1140452F8045B41F8045BA242BE
:10D52000F9D190F8252083F82020002183F82110DC
:10D530000268948EC4F304145C8490F824000428D8
:10D5400003F1100004D1BDE83840102211F01EBFD5
:10D55000131D143253F8041B40F8041B9342F9D1F5
:10D5600038BD00002DE9F8431646074600B10AB958
:10D57000FCF70EF8184D0024A04605F5C07995F883
:10D5800024305BB13946281D06F0ADF9804505D23F
:10D5900095F8253083429CBF80462C4630354D455A
:10D5A000EDD134B194F82430042B0FD1E38CDB0798
:10D5B0000CD4FFF779FE18B944B96FF0710003E09D
:10D5C0003146FFF79BFE0020BDE8F8833146204638
:10D5D000FFF796FFF7E700BF2840002010B504468C
:10D5E00000F114010648FDF7DBFA94F8243023F02B
:10D5F000040384F824302046BDE81040FFF734BF10
:10D60000F03F00202DE9F843044600F114011748CB
:10D61000FDF7C6FA2368988EC0F3041001F058FE97
:10D620000546D8B100F1160604F104094946304612
:10D6300094F8257006F057F905F126088742494607
:10D64000404694BF94F82570002606F04CF98742B6
:10D6500009D91EB13146284602F016FA2046BDE827
:10D66000F843FFF7BBBF4646F4E700BFF03F00209A
:10D670002DE9F8431F4613460A4601460020089E3E
:10D68000FFF76EFE044600283DD090F82430B742E4
:10D6900043F0040380F8243001D2FBF779FF07EA56
:10D6A0000605681C36D01D4B1868436901332DD020
:10D6B0000FF032FA711C05461CD0194B1948B3F90A
:10D6C000009004F114084146FDF76AFA0023C4E90A
:10D6D000053644F6CC731348E3832462A4F81C9007
:10D6E0004146FDF727FAB21C04D07319013308BF75
:10D6F00001362E44FB1C0FD87B19013308BF0137BC
:10D700003D44C4E90A562046BDE8F88383685B6857
:10D710009847CFE72E46F4E73D46F2E7F837040096
:10D72000EE3B0020F03F002010B50A4B9B690246FB
:10D73000002013B94FF0FF3010BD5C6820445C89B5
:10D740008C4204D1002AF7D0DC689442F4D01B68E4
:10D75000EFE700BFF03F002038B50D46044608B99A
:10D76000FBF716FF082BFBD84B1E1F2BF8D8FFF733
:10D77000DFFB294600222046FFF76EFC054620B954
:10D78000FFF7DCFB6FF00B0038BD0E490822204686
:10D7900011F0ECFD38B12378FF2B10D1637803F042
:10D7A0000F03022B0BD1AB8E23F4C06323F00703CE
:10D7B00043F4C063AB86FFF7C1FB0020E4E76FF0E2
:10D7C0001500E1E7D62E040070B505460E46FFF7BA
:10D7D000AFFB00242046FFF7D9FB044668B1A38EB7
:10D7E000C3F304139E42F5D1211D284606F065F8C7
:10D7F0000028EFD02046FFF7FFFBBDE87040FFF7A1
:10D800009DBB38B50546FFF793FB00242046FFF784
:10D81000BDFB044678B194F83630DA07F6D5211D01
:10D82000284606F04AF80028F0D0A38E5B0702D005
:10D830002046FFF7DFFBBDE83840FFF77FBBF8B5B8
:10D840000C6806460D461746FFF772FB2046FFF7A9
:10D850009DFB044668B194F83630DB07F6D526B157
:10D86000A38EC3F304139E42F0D139462046FFF73E
:10D870005BFC2C60FFF762FB2868003818BF0120B2
:10D88000F8BD000010B58AB001460446282268465B
:10D8900006F08EF80146104807F026FC238B13F49F
:10D8A000F87FC3F3041102D00C4807F01DFCA17EE1
:10D8B0006A4604F1100006F0E2F90146084807F054
:10D8C00013FC238B1B0702D5064807F00DFC064806
:10D8D00007F076FC0AB010BD39200400CC08040023
:10D8E000D5080400E0080400AA0A040010B50A499B
:10D8F0000822044611F03AFD48B12378FF2B08D1E5
:10D90000607800F00F00831E5842584110BD01207E
:10D91000FCE70020FAE700BFD62E040008B5044952
:10D92000102211F023FDB0FA80F0400908BD00BFBD
:10D93000F62E0400002102F0D5BD08B5FFF73AFB32
:10D9400028B190F8363013F0010F08BF002008BD51
:10D95000F8B50446174606981A460D46A9B191F83F
:10D9600081310A2B11D1134604F1100154F8040B34
:10D9700043F8040B8C42F9D1B5F882311B011383B3
:10D980000023937601263046F8BD78B92946204613
:10D99000FEF792FF06460028F4D1D5F8A41011F442
:10D9A000805107D03846FFF7C5FFECE71146FFF777
:10D9B000BBFBE7E70DB1B5F9821102222046FFF764
:10D9C0004BFB0028EED0002FDDD07621384602F048
:10D9D00089FDD8E738B505685DB195F836301B0785
:10D9E00007D5FFF709FC00242046FFF767FD044632
:10D9F00000B938BD23689D42F6D1FFF735FDF3E746
:10DA00002DE9F0411F460B4B144605460E460A48C9
:10DA1000B3F900801146FDF7C3F80023C4E90037CD
:10DA20006681E560A4F8088021460348BDE8F0411E
:10DA3000FDF780B8EE3B0020F03F002038B5084CE1
:10DA4000FFF776FAA16929B10D682046FDF7A8F81D
:10DA50002946F8E7FFF764FABDE83840FFF76EBAE9
:10DA6000F03F002038B5044608B9FBF791FD0025CA
:10DA700001F039FC0E49A4F89C50204601F04EFFFD
:10DA8000402220460B4900F03FFE4FF47A712846B1
:10DA90000AF0C0FA04F16802034644F6C371204656
:10DAA000FFF7AEFF2046BDE8384001F023BC00BFC1
:10DAB000B62E0400D62E040038B5044608B9FBF78C
:10DAC00067FD01F010FC04F11605104804F168012F
:10DAD000FDF766F82846FFF709FF18B129462046EA
:10DAE00001F0D2FF04F126052846FFF7FFFE18B12A
:10DAF0002946204601F0C8FF2046054901F065FF90
:10DB00002046BDE8384001F0F5BB00BFF03F0020E3
:10DB1000B62E040010B5044608B9FBF739FD01F034
:10DB2000E2FB4FF47A73C4F8983094F89E3043F0D7
:10DB30000103204684F89E3001F091F92046BDE8AB
:10DB4000104001F0D7BB2DE9F0470C468CB00546DC
:10DB5000084617469A4601F0C6FBFFF7E9F9002C84
:10DB600049D0B4F982112846FFF7E7FE064600289F
:10DB700057D12846FFF7BAFEB046B8B9B146484675
:10DB8000FFF79CFC8146002837D1B8F1000F66D022
:10DB900098F824305A0762D5B8F82630DB075ED5EE
:10DBA000D8F80030B3F83480C8F304182846FFF7DB
:10DBB0009DFE00284BD1B8F1000F48D0204601F05F
:10DBC00099FB404601F084FB0446FFF7B7F9204675
:10DBD00001F089FBFFF7ACF934BB002F3AD16FF0AD
:10DBE00075060024FFF7AAF9204601F083FB3046B2
:10DBF0000CB0BDE8F0872146B5E709F104012846DD
:10DC000005F071FE99F825309842B8D3B8F1000FAD
:10DC100005D098F825209A4238BFC846AFE7C846D5
:10DC2000ADE7B0F83480BFE7B4F982112846FFF7BA
:10DC300084FE0646009653463A4621462846FFF79C
:10DC400087FE00280CBF6FF075060026CAE7002C7F
:10DC5000C3D0EFE77621384602F044FCBFE703AAC1
:10DC600039462846FFF77EFC064607A8FFF756FE12
:10DC700000284AD02846FFF739FEB8B91FB17221F3
:10DC8000384602F02FFC6FF07106ABE7B4F9822141
:10DC90009A4208D0204601F02DFBB4F98221BDF84C
:10DCA0002E309A4213D1B4F982111FE0002EE5DB29
:10DCB00007AA05F1100C28686968134603C30835E4
:10DCC00065451A46F7D1BDF82E30002CDED1BDF9DE
:10DCD0002E0001F0FDFA0446FFF730F9204601F06E
:10DCE00002FBFFF725F9002CDDD1214607A8FFF73D
:10DCF00024FE534600903A46214607A8FFF728FE27
:10DD0000002808BF6FF075066CE7002EDBDAB5E778
:10DD10002DE9F04F0F4689B015469846044608B9DC
:10DD2000FBF736FC01F0DFFAFFF702F92B78872BBF
:10DD300000F05481882B00F04382862B40F09381C1
:10DD400007F108094846FFF7D1FD002800F08B8154
:10DD5000FB79FF2B40F087816B78002B40F08381AB
:10DD6000B8F10F0F40F27F81D4F8A430DA0407D461
:10DD7000EB885BBA9BB242F22832934200F2738185
:10DD8000A8F1100B05F1100632465B46002B59D165
:10DD9000B5F80680B4F982111FFA88F34846002BC3
:10DDA0005CD0FFF7FBF98146002800F05C8198FA0F
:10DDB00098F84FF47A731FFA88F803FB08F8434683
:10DDC000021D44F6CD71FFF71BFE2B790BB184F8D1
:10DDD0008031EB6813B11BBAC4F89830B9F1000F69
:10DDE00013D0D4F8A430DB040FD5237D13F0EF0F4C
:10DDF00003D004F11600FEF79FFD637D13F0EF0FD3
:10DE000003D004F12600FEF797FDBBF1000F2FD1E0
:10DE1000B9F1000F00F0278104F168052946A948EF
:10DE2000FCF7BEFED4F8A430D90440F11C814FEABF
:10DE3000980303EB43032A4644F6C3712046FFF7D9
:10DE4000DFFD10E19845C0F00E815178002900F007
:10DE50000A81A3EBC10302EBC10297E7FFF704FAC3
:10DE600008B1FFF7B7FD4FF0FF384FF00009ACE7FE
:10DE70003378052B1BD009D8012B11D0032B24D0CC
:10DE80007378ABEBC30B06EBC306BEE7222BF7D1CF
:10DE900031462846FEF754FE804528BF8046EFE70E
:10DEA00033462A4639462046FEF7AAFEE8E773784D
:10DEB000012BE5D12B78862BE2D173681BBAB3F521
:10DEC000A06FDDD3A4F8A030DAE77378042B05D077
:10DED0004FF0FF33984528BF9846D1E72B78862B23
:10DEE000F6D106F1100318460593FFF7FFFC002852
:10DEF000EED173680393B26804921BBA92FA82FA65
:10DF00005345E5D3D4F8A410F278C80401D511061E
:10DF1000DED4500607D5B278029306F110012046F0
:10DF200000F0F2FB029BF2783F2AD1D9B27802923C
:10DF30007268E2B9924613E09AF8243059070FD577
:10DF40009AF82530029A93420AD105990AF1040001
:10DF500005F0C9FC029B984202D35046FFF752FBE2
:10DF60005046FFF7ABFA82460028E5D1B0E7039AA6
:10DF7000013207D0544A93429ABF4FF47A72534306
:10DF80006FF00103049A013208D04F4A92459ABFBC
:10DF90004FF47A7202FB0AFA6FF0010ACDF800A082
:10DFA000029AB4F98201039306F11001FFF760FBB6
:10DFB00000288DD096F90320F178039B002ABEBF7C
:10DFC000C28C42F00102C2844A0642BFC28C42F0B7
:10DFD0000202C284534528BF53467BE7FB79FF2BDF
:10DFE00041D16B78002B3ED1B8F1170F3BD92B7A7A
:10DFF000FF2B38D007F1080A5046FFF78FFC30B1ED
:10E0000032490D2207F1180011F0B0F958BB05F1A3
:10E0100008094946204601F075FB031E029322DBE6
:10E02000A8F1180605F1180B5A4633461BBB4846A3
:10E0300001F05DFC8046002838D001F054F94946D3
:10E04000404601F05FFB011E2DDB08EB010303914D
:10E050001B7D5A0727D05046FFF760FC0399A0B9F3
:10E06000404601F047F9FEF769FF204609B0BDE8D8
:10E07000F04F01F03FB99845F5D351780029F2D01F
:10E08000A3EBC10302EBC102D0E708EB0111783129
:10E090000C48FCF785FD404601F02CF94946404606
:10E0A00000F078FBDFE7404601F024F95046FFF727
:10E0B00035FC68B10023009352462146484600F0E3
:10E0C0004FFDD0E7F03F002037894100C62E040005
:10E0D000D4F8A430DB0705D4B4F9821103225046EA
:10E0E000FEF7BAFF76B9029B23441B7D9D0660D5DF
:10E0F000B4F982114846FFF720FC054698B9FFF7AE
:10E1000019FCB0E79BF80030012B05D15B462A468D
:10E1100039462046FEF774FD9BF80130A6EBC30696
:10E120000BEBC30BDEE73B7EFF2B1FD194F8CC70CB
:10E1300004F1C4013A4606A811F035FAB7B13246E7
:10E14000394606A800F0A6FC06460028D7D0402194
:10E150003246484600F03DFC074648B15246002191
:10E16000FEF76FFB804628B93846C8E76021EFE725
:10E170003046C4E74368FF22DA7100231A46194685
:10E18000184601F053FE064608B94046B7E7436813
:10E19000B4F882215A804FF47A71C0F800800020D0
:10E1A00009F038FF05F12402034644F6C2713046F7
:10E1B00045E63B7E0096A3F1FF00434243417BE7E7
:10E1C00097F807A0BAF1FF0F7FF44DAF6B78002BE3
:10E1D0007FF449AFB8F1170F7FF645AF2B7AFF2BCD
:10E1E0003FF441AF3B7EFF2B03D12B7959063FF51E
:10E1F0003AAFA8F1180B05F118094A465B46FBB97E
:10E2000005F10808404601F072FB064638B301F0FC
:10E210006AF84146304601F075FA00281CDB3318D5
:10E220001B7D5A0718D006EB001000F17801234837
:10E23000FCF7B6FC304601F05DF8414630462FE76A
:10E240009845FFF410AF517800293FF40CAFA3EBD1
:10E25000C10302EBC102D2E7304601F04BF8B4F93A
:10E2600082114046FFF769FB064600283FF4FBAEEB
:10E27000BBF1000F0DD1BAF1FF0F7FF4F4AED4F86B
:10E28000A430DB047FF5EFAE07F1180000F0F8FAD8
:10E29000E9E699F80030212B08D1CDE900964B46EC
:10E2A0002A4639462046FEF7AFFB824699F80130F0
:10E2B000ABEBC30B09EBC309DAE700BFF03F00206B
:10E2C00038B5044601F00FF844F6C3712046FFF755
:10E2D0002BFAD4F8A430DA0423D594F89C30022B1E
:10E2E00042F210750AD9033B4FF47A6202FA03F343
:10E2F0001D444EF660239D4228BF1D46A8420BD9FF
:10E300001149204600F0B0FC94F89C30092B0BD941
:10E31000D4F8A430DB040DD42046BDE8384000F02A
:10E32000E9BF4FF47A65E9E70133DBB2022B84F8E9
:10E330009C30EDD82B4604F1680244F6C3712046A8
:10E34000FFF75EFBE8E700BFA62E0400F8B50D4618
:10E350000446FEF7EDFDA5F59F414239102916D878
:10E36000DFE801F0091915151515151515151D6BA3
:10E37000156F157377003949234640F202220220B7
:10E3800000F0ECFC18B90921204602F0ABF8BDE81A
:10E39000F840FEF7D3BD2046FFF792FFF7E723686A
:10E3A000988EC0F3041000F093FF05460028EED0CD
:10E3B0002B4B1868436901330FD00EF0ADFB0646B6
:10E3C000284600F090FFA36AB3420AD82046FFF720
:10E3D00019F9284600F08EFFD9E783685B689847F3
:10E3E000EDE7E36AB342F4D8271D394605F116007C
:10E3F00005F079FA94F8253083429FBF2B7D23F0F6
:10E400001F0343F008032B75394605F1260005F07C
:10E410006AFA94F8253083429FBF6B7D23F01F0377
:10E4200043F008036B75A36A04F114029B1B44F6C6
:10E43000CC712046FFF7E4FACBE72046FFF7CAFA93
:10E44000A5E72046FEF778FAA1E7204600F018FA83
:10E450009DE7204600F066FA99E700BF0000FFFF45
:10E46000F83704002DE9F04387B00C460546164600
:10E470000021102202A8DDF838901F4610F086FF18
:10E480000CB9FBF785F8802EB04628BF4FF0800806
:10E490005FFA88F2214602A805F044FA24491022C6
:10E4A00002A810F063FF00283FD02249082220462E
:10E4B00010F05CFF002838D02378FF2B35D0B94509
:10E4C00033D8FEF735FD2146CDF800903B46424655
:10E4D0002846FFF7CDF8044630B9FEF72FFD6FF060
:10E4E0000B0007B0BDE8F08328B200F0F1FE05464E
:10E4F00018B9FEF723FD0020F3E700F0F4FED5F88D
:10E50000A430DA045EBFE38C43F00103E38495F8A2
:10E510009E30DB0705D57F2E9EBFE38C43F00203C0
:10E52000E384284600F0E6FEE3E76FF01500D8E745
:10E53000F62E0400D62E0400F8B5054617460E4602
:10E5400009B9FBF725F8FEF7F3FC00242046FEF797
:10E55000B5FF0446A8B12368002BF2D094F825201B
:10E56000BA42F3D125B19B8EC3F304139D42EDD182
:10E57000211D304605F0B7F9B842E7D32046FFF732
:10E5800041F8BDE8F840FEF7D9BC2DE9F0410C6830
:10E5900007460E461546FEF7CBFC2046FEF78EFFDB
:10E5A000044630B3D4F80080B8F1000FF5D094F8E9
:10E5B00024305B07F1D52FB1B8F83430C3F304131E
:10E5C0009F42EAD194F825302B741022002128466E
:10E5D00010F0DCFE94F82520211D284605F0A2F954
:10E5E000B8F83430C3F304136B82A36A6B61E36A37
:10E5F000AB61FEF7A3FC201E346018BF0120BDE80C
:10E60000F081000030B58FB0054610220021684629
:10E6100010F0BCFE1E4B18684369013334D00EF075
:10E620007BFA2A7C29460446684605F07BF92822B5
:10E63000694604A805F0BCF92A7C0146154806F095
:10E6400053FD698A144806F04FFD69694A1C07D0DA
:10E65000091B4FF47A731148B1FBF3F106F044FD46
:10E66000A9694B1C0BD0A14284BF091B4FF47A73DC
:10E670000B488CBFB1FBF3F1002106F035FD0948D2
:10E6800006F09EFD0FB030BD83685B689847C8E711
:10E69000F8370400B4080400CC080400E7080400BC
:10E6A000F8080400AA0A040010B50A490822044622
:10E6B00010F05CFE48B12378FF2B08D1607800F0A1
:10E6C0000F00831E5842584110BD0120FCE7002076
:10E6D000FAE700BFD62E040038B5044608460D46BA
:10E6E00001F005F9206060B100F0FDFD20682946C9
:10E6F00001F008F8002804DB236803441B7D5B0756
:10E7000001D14FF0FF3038BDF0B5054685B00E465B
:10E71000174600211022684610F038FED5F8A430C4
:10E72000DA0732D595F8CC2002AB05F1C4012846B2
:10E7300000F0F5FB002828DB3A463146684605F034
:10E74000F1F86946284600F0DDFF041E1FDA0723B2
:10E750003A466946284600F027FF041E15DB0127CC
:10E76000D5F8A430DB0410D53046FFF79DFF30B15B
:10E770002A19137D23F01F0343F01003137527B1EB
:10E7800005EB04101630FEF7D7F805B0F0BD0027F2
:10E79000E6E7000070B50D4688B0044601F074F954
:10E7A0002846FFF781FF002863D0D4F8A45015F065
:10E7B00001050BD094F8CC2004AB04F1C401204631
:10E7C00000F0ADFB0028D4BF00250125204600F055
:10E7D00091FD02264FF40173CDE900630022B4F9E4
:10E7E00082010DF10E03052100F08CFA002842DBB6
:10E7F000BDF80E1006A805F073FDBDF80E30B4F993
:10E800008201082B40F20322CDE9003218BF3146C5
:10E8100006AB4FF0000208BF032100F073FAC643B5
:10E82000F60F204600F05FFD1EB3EDB1DDE90402F6
:10E83000D4F81E10D4F822309A4208BF884204D17E
:10E8400004F11601204601F01FF9DDE90413D4F8A4
:10E850002E00D4F832209A4208BF884204D104F135
:10E860002601204601F010F9044940222046FFF716
:10E870004BFF08B070BD0026D3E700BFD62E0400C2
:10E880002DE9F04786B001460646002701A801970A
:10E89000FFF722FF431C019D044635D040F2FF22C2
:10E8A0000023CDE902234FF080730493FF238DF8FA
:10E8B0001430737B8DF815302401F389164AADF8B6
:10E8C0001630304602AB294604F17806FEF757F9B8
:10E8D0002E44124B1248B3F90090D5F898A0314657
:10E8E000FCF75EF904F116082819A84444F6D2731F
:10E8F000C0E91E7AA0F88230C0F88480A0F8809029
:10E9000031460748FCF716F915B1284600F0F2FC2D
:10E9100006B0BDE8F08700BFF62E0400EE3B0020F5
:10E92000F03F002007B50023014601A80193FFF73F
:10E93000D3FE03465A1C019806D003441A7D22F0E8
:10E940001F0242F010021A7520B103B05DF804EB0B
:10E9500000F0D0BC03B05DF804FB38B5044618469F
:10E96000FDF76FFF054668B14368FF22DA710023A7
:10E970001A461946184601F059FA28B92946284678
:10E9800001F0DAFD002038BD43680CB1B4F98241D2
:10E990005C800560F7E710B50446084614B123789B
:10E9A000FF2B01D1FAF7F4FD182300228721FDF790
:10E9B00005FC68B14368216800221A715A719A7186
:10E9C000DA716268DA609960A168E2685A61196177
:10E9D00010BD38B504460D46104614B12378FF2B00
:10E9E00001D1FAF7D5FD182300228821FDF7E6FBB7
:10E9F00078B14368002225F01F051D71DA719A7104
:10EA00005A7121686268DA609960A168E2685A61A7
:10EA1000196138BD08B5002208238521FDF7CEFB1A
:10EA200028B1436800221A715A719A71DA7108BDCF
:10EA300010B5002304461046CA1D02F0F80219461C
:10EA400001F092FE20B1426814708368DB085370B5
:10EA500010BD70B506460D4618460231FFF7E8FFB7
:10EA6000044658B1436882680233023A00211846CE
:10EA700010F08CFC2A46314610F095FD204670BD02
:10EA800010B500B109B9FAF783FDBDE810400123C4
:10EA9000FFF7DFBF10B500B109B9FAF779FDBDE89E
:10EAA00010400223FFF7D5BF2DE9F7430A9D0C461E
:10EAB00016469846074610B10378FF2B01D1FAF7A6
:10EAC00067FD0029FBD0B8F1000FF8D0084600F030
:10EAD0000AFC36B932463946204600F027FE064683
:10EAE000B8B11D491022304610F040FC88B194F8AE
:10EAF000CC9004F1C4014A46684610F054FDB9F1C7
:10EB0000000F06D02A4649466846FFF7B9FFE8B12C
:10EB1000054638462946FFF73EFF0746B0B1034693
:10EB2000424631462046FFF718FF054668B10346C6
:10EB30000A4940F20222022000F010F930B12046CA
:10EB400000F0D8FB03B0BDE8F0833D460021284625
:10EB500001F0C8FCF3E700BFF62E04000000FFFF41
:10EB60002DE9F04387B00D460E9E144699460746A0
:10EB700010B10378FF2B01D1FAF70AFD0029FBD071
:10EB8000002AF9D0084600F0AEFB3946284600F0CE
:10EB9000B9FDB0F100085CDB30491022204610F0CE
:10EBA000E5FB30BB2E4B02AC03F1100C1868596822
:10EBB000224603C2083363451446F7D1002495F872
:10EBC000CC9005F1C4014A46684610F0ECFCB9F15E
:10EBD000000F3BD0324649466846FFF75BFFC0B3A3
:10EBE000A84498F814309B0601D444F0200406464B
:10EBF0000FE0224602AB04F1100C106851681C466D
:10EC000003C4083262452346F7D14024B9F1000F0E
:10EC1000D5D1214632463846FFF7DBFE0446C0B167
:10EC2000034602AA00212846FFF797FE064678B160
:10EC300003460C4940F20222022000F08FF840B156
:10EC4000284600F057FB07B0BDE8F0833046CEE71A
:10EC500026460021304601F045FCF1E7F62E04007F
:10EC6000B62E04000000FFFF2DE9F3410E460546D5
:10EC700008B9FAF78DFC214B002908BF1E4600F0A9
:10EC800032FB00223146284600F050FD8046A0B1FC
:10EC900095F8CC4005F1C4012246684610F083FC8B
:10ECA00064B1214600226846FFF7EAFE044628B90F
:10ECB0000021204601F016FC17E004462046FFF72D
:10ECC000A9FE07460028F3D00346324641462846AF
:10ECD000FFF743FE044670B10346094940F20222A1
:10ECE000022000F03BF80028E2D0284602B0BDE840
:10ECF000F04100F0FFBA3C46DAE700BFA62E040060
:10ED00000000FFFF00B589B006930A9BADF81C30E8
:10ED1000BDF82C308DF81410ADF81620ADF8063083
:10ED2000024605AB03A901A80293FAF7C5FEBDF898
:10ED30000E2040F205239A4201D0FAF729FC0498EC
:10ED400009B05DF804FB07B5019101466846ADF8CE
:10ED50000220FAF795FE03B05DF804FB2DE9F341BC
:10ED60000446884617461D4601F0DCFA4146204617
:10ED700001F08FFB064648B14146204601F084FB76
:10ED8000711E0446284601F063FC2CB901F0E4FA38
:10ED9000304602B0BDE8F081237A012B0FD0022B60
:10EDA00016D003BBB4F90C003A462946FFF7CBFF57
:10EDB000002813DC0521284601F094FB0EE0E068F2
:10EDC000ADF80270002269460195FAF785FCEFE77D
:10EDD000E3682946D3E900823846C047204601F05F
:10EDE0006AFB0446D1E78C21E5E713B590F8813141
:10EDF000043B012B13D8806803680DF106025C699F
:10EE000005210223A047022801D0FAF7C1FBBDF873
:10EE10000630082B0CBF0320022002B010BD0220D8
:10EE2000FBE730B41D46D0F8A430DB07044612D50A
:10EE300090F8810104280AD1022A08D1A068036849
:10EE40005C692A46A446082330BC032160472B4650
:10EE500030BC04F08DBE6FF0850030BC70471FB52C
:10EE600090F88131052B044616D0082B14D0042BC2
:10EE700018D10823ADF80230002301930393052332
:10EE80008DF804300DF1020302930223ADF80C302B
:10EE9000436801A91B699847D4F8A43043F4805310
:10EEA000C4F8A43004B010BD37B5044680680368C8
:10EEB0005D6994F88131043B072B22D8DFE803F029
:10EEC000042104210404210AD4F8A43043F48073FB
:10EED000C4F8A43002230DF106021121A84702282C
:10EEE00001D0FAF755FB4FF4A063A4F8A030BDF8A9
:10EEF0000630B3F5A06F28BF0023A4F8CE3003B0CE
:10EF000030BD02230DF106021121A8470028ACBF35
:10EF1000BDF806304FF6FF73A4F8A030EFE710B449
:10EF2000D0F8A440E40705D590F881015DF8044BC2
:10EF300004F034BE6FF085005DF8044B70471FB5D8
:10EF400000240394ADF80C30436801941B698DF8DC
:10EF50000410029201A9984704B010BD50F8A80C03
:10EF600003681B691847000008B50449102210F017
:10EF7000FDF9B0FA80F0400908BD00BFF62E04008C
:10EF800010B50A490822044610F0F0F948B1237878
:10EF9000FF2B08D1607800F00F00831E58425841C3
:10EFA00010BD0120FCE70020FAE700BFD62E0400C8
:10EFB00070B585680446FFF718FF2B6801465E6947
:10EFC00004F1C40208232846B04710F1860F08D088
:10EFD000D4F8A430002843F00103C4F8A43006DCC0
:10EFE00070BD94F8CC30002BFAD0FAF7D1FA84F83F
:10EFF000CC00F5E7F8B5044608460E461546FFF77F
:10F00000B3FF98B95DB104F13605032700243146FA
:10F0100005EB041004F051FC28B12046F8BD04F1C2
:10F0200016050227F2E70134A742F0D14FF0FF3076
:10F03000F4E7000070B506460D467AB101F018F904
:10F04000044694B1094806F0BBF8094B0122284652
:10F050000C21BDE870401A7001F044BA01F0BCF810
:10F060000446304601F0D6F8EBE770BD0C09040009
:10F07000E84100200378FF2B10B5044603D1407807
:10F0800000F00F0010BDFFF77BFF60B9208840BA89
:10F0900020F03F000004000C4FF6C06398420CBF04
:10F0A00005200E20EEE70220ECE70000D0F8C0308B
:10F0B00070B504460D46164633B132462946204601
:10F0C000BDE87040FFF7B6BF7AB908B9FAF760FA41
:10F0D000D0F8D8304BB100F02BF82946204601F08B
:10F0E0007BF808B3114806F06BF8636829465B6843
:10F0F00020469847011E0BD008DA11F1100FDCD022
:10F1000049422846BDE8704001F0ECB90021F8E71B
:10F11000C4F8C0500DB12D68FCE72EB1D4F8A4306E
:10F1200043F40033C4F8A43070BD00BF40090400AC
:10F1300010B5044608B9FAF72BFAD0F8D8307BB1ED
:10F140001A685968C0F8D82000221A605A6039B18C
:10F150000122FFF7ABFF2046BDE8104001F05AB88E
:10F1600010BD000037B5846841B904F1B00104F165
:10F17000A80003B0BDE83040FBF726BC042902D14B
:10F1800004F1B801F3E7052905D006290DD00229BD
:10F190000DD003B030BD134BCDE90034124B68469F
:10F1A000B3F90010FAF756FCF3E7104BF4E7636885
:10F1B00020469B68984705462046FFF7B9FF002D7B
:10F1C000E7D00B4995F90C002B4640F20122FFF7DE
:10F1D000C5FD01460028DCD1284603B0BDE830401B
:10F1E00001F080B90000D44FEE3B00200000D54F65
:10F1F0000000FFFF38B5A0F1B8040021A068036843
:10F200005B689847D4F8A4200346002122F4003517
:10F21000002BD4F8C000C4F8A450C4F8C01003DA1E
:10F2200013F1100F04D05942BDE8384001F05AB92B
:10F230000146C2F340422046BDE83840FFF7FABE1F
:10F24000F0B589B01E4687680023C0E90333109BE0
:10F2500043600C4615460FB1FAF79AF90F9B83608D
:10F26000CDE90507012106A8FAF79CFC0E9B029345
:10F2700005AB0193084B009332463B462946204696
:10F28000FAF72CFF0028E7DD012106A8FAF78AFC2F
:10F29000079809B0F0BD00BF05F3020090F8813176
:10F2A0000B2B9DBF4FF43760D84000F001000020C9
:10F2B000704706F091BE10B500242046FFF7F9FF15
:10F2C00008B9204610BD4368002BF7D00134F5E79C
:10F2D00010B504460020FFF7ECFF18B1B0F98231F9
:10F2E000A342F8D110BD20B1436813B10C30FAF736
:10F2F000CDB9704720B1436813B10C30FAF7CAB9E1
:10F30000704700002DE9FF410468DFF814810546CD
:10F31000002640F205232046CDE90066ADF8023014
:10F32000FFF7E1FFB8F80030A4F88231384BC4F899
:10F33000B430384BC4F8BC30374B1B68C4F8AC3021
:10F34000102104F58070C4F8A860FAF71BFC63680C
:10F3500020461B689847A860281DFAF79BFCAA68FE
:10F36000B24204F1A80749DB2046FFF7C3FF41F290
:10F3700033263846FBF748FB0546002839D102A85A
:10F38000FAF7E6FB002804DC48F20100FAF70AFE6F
:10F39000EFE7BDF80A30B3F5017F27D00FD840F270
:10F3A0000222934211D040F20322934213D06368A9
:10F3B0005B69002BDDD002A920469847D9E7B3420C
:10F3C000F5D12046FFF7B4FED3E703992A4620463D
:10F3D000FFF76CFECDE763681B69039920469847E9
:10F3E0006946019002A8FAF78DFBC2E76368DB6803
:10F3F000F3E74368002BBCD09847BAE7B8F8001091
:10F40000064809B205F070FE304604B0BDE8F08150
:10F410005DEF0200F5F10200D4300020780904000D
:10F42000603100202DE9F8430E460546FFF75BFFEB
:10F4300033783489112B0CD8062B0FD9073B0A2BB4
:10F440000CD8DFE803F01F89260B50690B0B0B0B60
:10F450009A00402B0BD0412B00F09B80A86872686B
:10F46000036831785C693389A047044635E0012C94
:10F4700001D0FAF78DF82846FFF710FF736818706F
:10F4800001242AE0012CF4D1736895F880211A70C8
:10F49000F6E70F2CEDD92C7D73688CB105F11602BF
:10F4A000194605F1260052F8044B41F8044B8242FC
:10F4B000F9D13289102A03F110034FF010040CD94E
:10F4C0006A7D52B105F1260205F1360152F8040BAE
:10F4D00043F8040B8A42F9D110342846FFF70AFF9B
:10F4E0002046BDE8F883002CC3D0726805F11303F1
:10F4F00005F1150000243189A142EEDD834203D1DC
:10F5000014F1860FAAD0E8E713F8011F0029F2D002
:10F5100002F8011B0134EEE70F2CAAD9D6F80480BB
:10F5200005F1360705F1660900243389A342D4DDCD
:10F53000B945D2D03846FFF717FD07F1100348B997
:10F54000424657F8041B42F8041B9F42F9D110347D
:10F5500008F110081F46E8E7072C8AD9D5F8A4203F
:10F560007368D2077FF57AAF95F8CC2005F1C40116
:10F570002846FFF7D4FC0446C2E77388022B7FF4C9
:10F580006DAF022C7FF475AF7368B5F8A0201A80B8
:10F59000A3E7012C7FF46DAFD5F8A4307268C3F3F4
:10F5A000002313706CE700002DE9F04F0D468BB07F
:10F5B00091469846044600B109B9F9F7E9FF0B787E
:10F5C000FF2BFAD00846FFF7CFFC0028F5D14849B9
:10F5D000102228460FF0CAFE0028EED009F1FF33B2
:10F5E0007F2BEAD82046FFF77EFE08F01F03072B8B
:10F5F00004F1160608BF08F0F8082946304608BF8F
:10F6000048F0010804F059F9B8B904F1260A29466E
:10F61000504694F814B004F050F9074698B9BBF17D
:10F62000000F12D0637D002B48D02046FFF762FE0A
:10F630006FF00B000BB0BDE8F08F00262046FFF7FF
:10F6400059FE3046F6E70126F8E7B2460646D4F8FA
:10F65000A430DA040BD4282229462648B4F982B112
:10F6600004F0A6F959460246234805F03DFDA219CB
:10F670002B4682F81480514605F1100053F804CB54
:10F6800041F804CB8342F9D1137D03F01F03102B03
:10F6900020D100230293B4F9820103AA02A9FEF744
:10F6A00074FF68B9002FC9D14FF0FF330093B4F94C
:10F6B00082014A462946FEF7D5FEBFE70126C6E786
:10F6C000294603A804F00FF9484528BF47F0010771
:10F6D000FFB2E0E7D4F8A430DB04AFD4074BCDE9A8
:10F6E000033A074B03A8B3F90010FAF7B3F9A5E7FB
:10F6F000E62E0400EA410020980904000000D14FE2
:10F70000EE3B002038B50D46044600B109B9F9F7C3
:10F710003FFFFFF7E8FD294600222046FFF76AFC7D
:10F7200005462046FFF7E6FD284638BD2DE9F04F97
:10F730008FB017460191054600B109B9F9F728FFC6
:10F74000FFF7D1FD2E7D002E00F0AC8016F00704EF
:10F7500040F0A780002F00F0A88005F11600FFF709
:10F760000FFC0646002800F09D8080266B7D002B54
:10F7700000F0A5805A0740F0A280002F40F098804A
:10F78000631C5C4246F040065C4100270198ADF8DE
:10F790001470FFF76FFC05F116084FF0FF310246B9
:10F7A00005ABC3460091BA468AF00701012000FA72
:10F7B00001F1314226D001995846CDE90223D946BC
:10F7C00004F07BF800285ED15846FFF753FC029AFC
:10F7D000039B8242197878D111440F31C8B205F1E8
:10F7E0001401187011F80A1001F01F0108291EBF3A
:10F7F0000130C0B218708742009938BF514600915D
:10F8000038BF07460AF10101022903F101030BF198
:10F81000100B4FF0010AC7D14FF000094E4605AB5F
:10F820009B5DBB4221D10199404604F05CF80290F7
:10F8300082464046FFF7A4FB002855D10690834638
:10F84000B5F9820107AA06A9FEF79FFE002842D15A
:10F85000BBF1000F04D0029B5B4528BF5B469A4674
:10F86000D1453CBF5FFA8AF90096731C022B08F160
:10F8700010084FF00106D2D1009B002B06DB05EBF0
:10F88000031303F11609B9F1000F03D105EB0414BA
:10F8900004F116092846FFF72DFD48460FB0BDE8D4
:10F8A000F08F00264FF0FF3460E780263C465DE78E
:10F8B00005F12600FFF764FB00287FF461AF002C00
:10F8C0003FF463AF4FF00009E4E73CBF101A0F317B
:10F8D0000844C0B283E7414607A804F004F858453D
:10F8E00088BF9DF82CB0ABE74FF0400BB3E738B5BD
:10F8F000054600242046FFF7DCFC044660B10022E8
:10F900002946FFF777FB013006D101222946204620
:10F91000FFF770FB0130EDD0204638BD2DE9F341F3
:10F9200005466A4690F881010E4604F0A5F90446A2
:10F930002846FFF7D8FC002C21DDA3B26A466E21D1
:10F940002846FFF7FCFA10F1860F044611D105F1A5
:10F95000360800274FF0FF343146404603F0ADFF34
:10F9600088B12846FFF7C6FC3C46204602B0BDE8F9
:10F97000F0810028EBDA2846FFF7BCFCF5E714F12C
:10F98000860FE4D0F7E7621C05D14046FFF7ECFA9A
:10F99000002818BF3C460137032F08F11008DBD1BF
:10F9A000631C05D12846FFF7A5FC6FF00B04DCE7CC
:10F9B00005EB04133146363306F1100251F8040BFF
:10F9C00043F8040B9142F9D1D5E72DE9FF478A4668
:10F9D000044600B109B9F9F7DBFD90F881016A46E8
:10F9E00004F04AF9051E02DA15F1860F2FD12046E0
:10F9F000FFF779FC002704F13608B9464FF0FF36CF
:10FA0000002D13DD4046FFF7AFFA78B994F8810175
:10FA100002AA414604F030F9854207D12A466946D8
:10FA200002A80FF0A3FC08B909F1010940465146AC
:10FA300003F043FF002818BF3E460137032F08F1AB
:10FA40001008DDD1731C05D12046FFF753FC04B02C
:10FA5000BDE8F08715F1860F02D0B9F1000FBAD0DA
:10FA6000B9F1010F05D1ABB26A466F212046FFF70D
:10FA700066FA04EB06101022002136300FF086FCE7
:10FA8000E2E70000000000002DE9F04F2DED028BB1
:10FA90000E4689B0044600B109B9F9F779FD9FED2A
:10FAA000268B4B7B8DF80D304FF08079CB89CDF8CC
:10FAB00008904FF0FF0A8DED008B8DF80CA0ADF88B
:10FAC0000E30FFF710FC04F1160504F1140804F1E0
:10FAD000360B01273146284603F0EFFEC0B1002166
:10FAE00088F80010102228460FF050FC10355D45B4
:10FAF00008F10108EED11FB169462046FFF765FF06
:10FB00002046FFF7F7FB09B0BDEC028BBDE8F08F94
:10FB10008DED048BCDF818908DF81CA06B7B8DF8C3
:10FB20001D30EB89ADF81E30694604A803F0C5FE10
:10FB300080F001000740D9E7FF020000000000004C
:10FB400070B50E460546FFF7CEFB327833891B2A87
:10FB500011D8062A11D9073A142A0ED8DFE802F084
:10FB60001F0D293D0D44500D0D0D570D0D0D0D0DA3
:10FB70000D0D0D0D7100412A54D0A86872680368FC
:10FB800031789C693389A047041E21DD3378052B29
:10FB900069D8012B1CD92846FFF70AFA18E0012B77
:10FBA00001D0F9F7F5FC73681B7885F880310124E2
:10FBB0000EE0102BF5D17288716802F0E00343F07B
:10FBC0001003120A2846FFF7EFFC002851DB10242F
:10FBD0002846FFF78FFB204670BD102BE1D17168DE
:10FBE0002846FFF751FFF2E7102BDAD1716828465B
:10FBF000FFF794FE041EEADA14F1860FBDD0E7E7A2
:10FC0000102BCED171682846FFF7DFFEDFE7728840
:10FC1000022AB2D1022BC4D172681288A5F8A020A2
:10FC20001C46D5E7012BBCD17268D5F8A4301278F8
:10FC3000012A0CBF43F4807323F48073C5F8A43009
:10FC4000B5E77268D5F8A41010780128A8680CBF31
:10FC500041F4803121F48031C5F8A41001688C6929
:10FC60001B21A047A3E7572BB2D12846FFF71CF969
:10FC7000AEE76FF00B04ABE730B56A4B0446806823
:10FC800087B0C0E901340368DB689847002877DB58
:10FC9000204606F08FF9A06803680DF106025D6941
:10FCA00028210223A847022801D0F9F771FCBDF8EA
:10FCB000063084F881312046FFF7F6F82046FFF73A
:10FCC00077F90023CDE904334FF480730022ADF8B7
:10FCD00004300023CDE9022394F88121D31E082BA0
:10FCE000E3D8DFE803F005510579935189930500C6
:10FCF000D4F8A430D907D8D594F8CC30062BD4D179
:10FD0000052AB4F8A03006D00B2A40F2DC5239D1D3
:10FD1000934203D9C9E7B3F5A06FC6D1D4F8A43094
:10FD2000D90720D594F8CC2002AB04F1C4012046B9
:10FD3000FFF7F5F88630B8D0D4F8A430DA07B4D598
:10FD400094F8810101A903F081FF8630ADD0D4F889
:10FD5000A430DB07A9D594F8810104AA02A903F015
:10FD60005FFF8630A1D0304D01232B70402384F8F3
:10FD700080312046FDF7CEFE2B78002B95D0002059
:10FD800007B030BD9342C8E7D4F8A430DA078CD569
:10FD900094F8CC30022B01D0082B86D1B4F8A030D7
:10FDA000B3F5A06F81D1A06803680DF103025D690E
:10FDB00019210123A84786303FF477AF94F88131A9
:10FDC000042BABD1A068036804AA5D690321082352
:10FDD000A8478630A2D168E7D4F8A430DB077FF5C6
:10FDE00064AF94F8CC30012B7FF45FAFB4F8A0205F
:10FDF0004FF6FF739A42EDE7D4F8A430DD077FF5A4
:10FE000054AF94F8CC30033B022B82E7D4F8A430F3
:10FE1000D8073FF54AAF94F8CC30002B3FF47EAFC3
:10FE200043E700BF65F10200E94100202DE9F04100
:10FE3000174603F108020A440E46002180461C467C
:10FE400008464FF0FF3300F08FFC0546F0B14068E4
:10FE50000022428082804FF4004206704470C280CB
:10FE6000B8F1000F05D026B13246414608300FF0F8
:10FE70009AFB5FB154B168684378A34206D1037816
:10FE800008332246394618440FF08DFB2846BDE85A
:10FE9000F081002100F026BBF0B5856891B06C8C34
:10FEA0006B8AADF8183004F028040E4681B391F93E
:10FEB0000C30013344D149680B79DF0654BF44F05C
:10FEC000010444F011043F2B9BBF0B7891F801C053
:10FED0001D4B083394BF5B184FF0020C22071BD553
:10FEE00005F116010822A87F471CAF77CDE9034032
:10FEF0000AAFBDF81800ADF80800ADF80400CDF861
:10FF000000C0384602F09CFF78B93046FFF7C1FFC9
:10FF10006FF0150011B0F0BD0A780AB10831E2E7C0
:10FF200090F8CC2000F1C401DDE73368CDE9073754
:10FF30002B68C0B209901B6807A928469847E9E7D3
:10FF40006FF04C00E6E700BFA42E04002DE9F04F4F
:10FF5000866833689C68002387B005461A461946B0
:10FF60003046A0470228074640F3A88000230246F7
:10FF70001946184600F0F8FB33680446D3F80880A9
:10FF800048B9034601463A463046C0470024204659
:10FF900007B0BDE8F08F41683A4601AB3046C04734
:10FFA000071E03DC2046FFF774FFEFE7D5F8A43007
:10FFB000D9031DD500231A4619461846FFF736FF08
:10FFC0000028EFD043689DF806205A71BDF8042040
:10FFD000DA800DB1B5F982515D8023461A461B685F
:10FFE000002BFBD110603946204600F065FCCEE7BF
:10FFF000606802F0ADFF81460028D3D08742D1D39C
:020000023000CC
:10000000D4F804B06A4604A9584603F022F86A46B8
:10001000824602A9584602F0CEFFBAF1000FC1DBBA
:100020000028BFDDC1B25FFA8AF304AA02A8FFF775
:10003000FDFE80460028B5D0BAF1020F43680AD110
:100040009DF810209DF811100A40FF2A02BF1A796E
:1000500062F07F021A719BF80020D20642BF1A7923
:1000600042F010021A719DF806205A71BDF8042062
:10007000DA800DB1B5F982515D80336804F10C026C
:100080005D69192101233046A847494600222046D0
:1000900000F0A8FB014620B92046FFF7FAFE4046D3
:1000A00081E783682046FF1A00F046FA23461A4685
:1000B0001B68002BFBD1C2F8008094E700287FF773
:1000C00065AF33689C680023024619463046A04756
:1000D0005CE700001FB5054C0294079C0194069C48
:1000E0000094FFF7ADF804B010BD00BF8C2E0400E3
:1000F00013B50C4C0823A38107F08CFB204605F0B8
:1001000045FF04F1280007F091FC074B00930749D5
:10011000019402234FF460720548FFF7DBFF02B041
:1001200010BD00BF144200203D0A04001844002006
:1001300090420020FFF7DCBF10B50C46B0F88211EA
:100140002046FAF7D7FD0022225410BD13B54FF414
:100150000174B0F982010194049C0094FEF7D2FD71
:1001600002B010BD13B540F20324B0F9820101942E
:10017000049C0094FEF7C6FD02B010BD38B5012105
:1001800005460B48F9F70EFD0A4A002352F83300E2
:10019000D90038B9084C0C4465600548F9F77AFD78
:1001A000204638BD0133402BF0D10024F5E700BFD5
:1001B000984900209C470020984700200023054ACA
:1001C000184652F8331001B101300133402BF8D1F9
:1001D000704700BF9C47002010B5044608460CB984
:1001E000F9F7D6F90029FBD0FFF7C8FF70B100235B
:1001F0000360D4F8D83033B11A461B68002BFBD10A
:100200001060002010BDC4F8D800FAE74FF0FF30AE
:10021000F8E700002DE9F341044608B9F9F7B8F909
:1002200041F23323A0F8DE30EFF3108672B60F4BA5
:10023000B0F982711D68EFF3108872B628460CF091
:10024000D5FA88F3108841F28833C21804F1DC0330
:100250000093019741F10003284604F1E8010CF0F6
:1002600093FA86F3108802B0BDE8F081E837040005
:1002700010B5044608460CB9F9F78AF90029FBD0F5
:10028000FFF77CFF30B1D4F8D8300360C4F8D80051
:10029000002010BD4FF0FF30FBE70121F9F782BCD1
:1002A00010B50A4C0A48FFF7F8FF236823B9BDE8E8
:1002B00010400848FFF7F1BF0548F9F7EBFC054887
:1002C000FFF7EBFF0348F9F7E5FCEBE7A049002057
:1002D000A44900209C49002070B504460E480D46F4
:1002E0001646FFF7DAFF0D4B1B680BB9F9F750F90B
:1002F0000948F9F7CFFC64B9EBB2042B01D92046C9
:1003000070BD074B53F82540002CF8D06368B3420A
:10031000F5D02468F8E700BFA4490020A0490020D8
:10032000A849002010B5094C0948FFF7B6FF23681B
:1003300013B90848FFF7B1FF236805485A1C1CBFD2
:1003400001332360BDE81040F9F7A4BCA0490020A8
:10035000A44900209C49002008B50A48FFF79DFFEA
:10036000094A13680BB9F9F713F9591C05D0013B79
:10037000136013B90548F9F78DFCBDE80840014842
:10038000F9F788BCA4490020A04900209C4900201E
:1003900070B50B7A06460D468BB9B1F90C104B1EA1
:1003A0009BB21F2B03D8144B53F821300BB9F9F72C
:1003B000EFF85B6A1BB9114804F096FEF7E7F3B259
:1003C000042B15D8FFF76CFF0D4B53F8262014466D
:1003D00054B92A600B4843F82650F9F75BFC0A48E9
:1003E000F9F758FC204670BDAC42E0D02468EFE736
:1003F0006FF01500F7E700BFDC300020470A04006B
:10040000A84900209C490020A4490020C3B2042B25
:1004100037B505460C4618D8FFF742FF174A52F881
:100420002530A34213D1236842F825301448F9F748
:1004300031FC1448F9F72EFC237A012B05D1E06832
:1004400000226946F9F79AF950B903B030BD1A464F
:100450001B68002BEAD0A342F9D123681360E5E7BB
:10046000BDF802306FF4007213449BB2012BE6D842
:100470000198092100F036F8E1E700BFA849002003
:100480009C490020A44900200A4601460020FFF7AD
:1004900023BF70B505460E46FFF744FF0020044613
:1004A00032462946FFF718FF18B9FFF755FF2046D7
:1004B00070BD0134F4E718B142680021FFF70CBFAA
:1004C000704761B190F90C30032B04D0042B04D099
:1004D0006FF001007047FBF781BE02F065BC6FF062
:1004E0001500704738B5012104461248F9F75AFB48
:1004F00024B9BDE838400F48F9F7CCBB204600F0DE
:10050000BFF808B9F9F744F8637B002BFAD0012B48
:1005100025680BD10023D4E90101637300F0BEF814
:100520001021204600F0BAF82C46E1E7013B637346
:10053000FAE700BFBC49002003468B4210B50846CD
:1005400006D10C6800210160FFF7CCFF204610BDEA
:1005500031B11A4622B11168884203D10168116095
:100560001C46EFE70A46F5E770B586680446034681
:10057000002173B98E420AD0204600F09DF938B9A7
:10058000256855B920682946FFF7ACFF2560002093
:1005900070BD9A681B681144EBE76068D5E90112E9
:1005A00030440FF000F8AB682D681E44E9E7000006
:1005B00070B5184C03460733206823F00703002169
:1005C00088B142689A420FD3D21A072A124E0344C6
:1005D0000FD8026859B92260104A9B1B11889BB240
:1005E000994238BF138070BD01460068E8E70A6091
:1005F000F2E79D1B0835B5F5C05F05D900212160E4
:100600000168C3E90012E7E709B92360F8E70B6066
:10061000F6E700BFC4490020C8490020C0490020B7
:1006200008B501210748F9F7BDFA074A074B1360DF
:1006300000214FF4C052C3E900120248BDE808404F
:10064000F9F728BBBC490020C4490020C849002054
:1006500038B504460D4609480121F9F7A3FA24B933
:10066000BDE838400548F9F715BB637B2B44FF2BE9
:1006700001D9F8F78DFF63732468F0E7BC490020C7
:10068000054B834206D803F5C053834294BF002034
:100690000120704700207047C849002070B502460D
:1006A00018B3FFF7EDFF08B3194D2868002308B110
:1006B00090421DD3073121F00701164C5618A41B98
:1006C000072C98BF0919C2E90001A3B92A60134693
:1006D0001A6852B159681944511A072905D8116886
:1006E0001960D11A52680A445A6070BDF8F750FF79
:1006F00003460068DBE759681A601944511A072954
:10070000E5D811681960D11A52680A445A60DFE7C7
:10071000C4490020C86100202DE9F843814610201B
:100720000F4615469846FFF743FF044648B1CDB142
:100730002846FFF73DFF064638B910212046FFF74F
:10074000ADFF00242046BDE8F8831FB12A46394694
:100750000EF029FF0123C4E90096A56084F80C80FF
:100760006373EFE72E46F5E7B2F5C05FF8B50546CF
:100770000E4614461F460FD801210848F9F712FA11
:1007800022463B4631462846FFF7C6FF044603484B
:10079000F9F780FA2046F8BD0024FBE7BC490020A9
:1007A00038B5012104460E48F9F7FCF91CB90C488C
:1007B000F9F770FA12E0637B012BF8D9D4E9011242
:1007C00094F90C302068FFF7A7FF054610B1637B52
:1007D000013B63730248F9F75DFA2C46204638BDA9
:1007E000BC4900202DE9F0470D460446012131485F
:1007F0009246F9F7D7F935B12CB1D4F80880A8455D
:1008000001D3636833B92B48F9F744FA0026304620
:10081000BDE8F0871020FFF7CBFE06460028F2D097
:10082000A8453FD0EB1D23F007039D423ED228464A
:10083000FFF7BEFE074620B910213046FFF72EFF16
:10084000E1E7A8EB0500FFF7B3FE814630B91021C0
:100850003046FFF723FF29463846EFE761682A460E
:1008600038460EF0A0FED4E9011248462944521B36
:100870000EF099FED4F8088060684146FFF70EFF3D
:10088000A8EB0503A3602368C4F80490C6E9003709
:100890000123B56086F80CA0737306482660F9F74B
:1008A000F9F9B4E767684FF00009E9E7676807EB13
:1008B0000509E5E7BC490020F8B504460D46244883
:1008C0000121F9F76FF90CB9F8F762FED4E90126B6
:1008D0001EB9002AF8D14DB117E0002AF4D0104615
:1008E000FFF7CEFE0028EFD0AE4204D11848F9F74A
:1008F000D1F9002012E035B931461046FFF7CEFE9F
:100900006560A560F2E7AE4214D22846FFF750FEBC
:10091000074620B90E48F9F7BDF90C20F8BD61680B
:1009200011B132460EF03FFED4E90101FFF7B6FEE9
:100930006760E6E7E81DF31D20F0070023F00703DA
:100940009842DED2311A1044FFF7A8FED9E700BF63
:10095000BC49002018B190F90C308B4200D170478F
:100960000068F7E708B5084B18684369013306D0FB
:100970000CF0D2F84EF66023B0FBF3F008BD8368AC
:100980005B689847F6E700BFF837040038B50C4CB1
:10099000142303FB00440546638A23B9637C23F0D8
:1009A0001003637438BDFFF7DDFF064B53F82530A5
:1009B000834202D800236382F0E71B1A6382F1E7C7
:1009C0000C620020CC6100202DE9F041012180461D
:1009D0001048114CF9F7E6F800252F462E46F0B2E4
:1009E000FFF7D4FF237C53B14146204602F07BFF42
:1009F000237C834203D8A84284BF2746054601369C
:100A0000102E04F11404EAD10248F9F743F93846EC
:100A1000BDE8F081C86100200C6200200F2838B5C5
:100A2000054613D801210A480A4CF9F7BBF82846B5
:100A3000FFF7ACFF142303FB05440548237C1BB1DF
:100A4000F9F728F9204638BDF9F724F90020FAE72C
:100A5000C86100200C6200200F28F8B506460F463A
:100A600014461D4632D87AB301211948F9F79AF88D
:100A7000184B142202FB06339DF818205D82802C4F
:100A800028BF8024002D0CBF002202F0010246EA9C
:100A90000212394618461C745A741C4602F00DFFA7
:100AA000014640B9102220460EF070FC227C3946E7
:100AB000204602F037FFFFF755FF074B0544044877
:100AC00043F82650F9F7E6F82046F8BD0024FBE786
:100AD000C86100200C620020CC610020024803683D
:100AE000002B18BF0020704750630020024B18886D
:100AF000013080B2188070474C6300202DE9F0412E
:100B000080460D4616461C460DB1B44202D320461F
:100B1000BDE8F081AB686968371B9F4228BF1F465C
:100B200008EB0400BAB23C440EF03DFDA4B22D68BF
:100B3000EAE7F8B50E460178934228BF134601F163
:100B40000802024405461F46083010F8073CFFF72C
:100B50006DF9044678B142682B6813606B68536086
:100B60000021084601233A46FFF7FEFD014628B959
:100B70002046FFF7B7FC00242046F8BDB388426842
:100B80005BBA1380F3885BBA53802060F4E72DE9E9
:100B9000F74F0C4609B9F8F7FBFC0A681368002701
:100BA000002B51D1824201D00028F4D15368002B90
:100BB000F1D0B3F90200FEF78BFB2589D4F800B021
:100BC000002D45D1A38890F8CE60DBF80400DB1B34
:100BD00006FA83F6043E26F00706F61AB6B23A463F
:100BE000331D2146FFF7A5FF0746002800F08A8045
:100BF00003687A685868037863F03F0300F8043BA1
:100C0000137943F010031371DBF8001032462B46C2
:100C1000FFF774FF2A4606462946384600F022FBB5
:100C2000002E6FD0238901941E44268140F2252393
:100C30006846ADF80230F8F7F5FE002862D003B040
:100C4000BDE8F04FF9F70CBA99681B680F44A7E7A5
:100C5000BD4257D2B0F8CE90DBF80400A9F10509E7
:100C600029F007091FFA89F909F10503C5F1050201
:100C70009BB23A442146FFF75CFF8046002841D0F2
:100C800003685A68924600211AF8053B63F01F0377
:100C90001370A388DB1B2B44DB101371DBF800609F
:100CA00076B38D4201D1002314E0B368CA1892B222
:100CB000954222D2691A89B25B1A4B4528BF4B462E
:100CC0009B4673685A46194450460EF06CFC3668D1
:100CD0001FFA8BF34A4631465046FFF70FFF054493
:100CE000AF4281BFD8F80420137943F01003137189
:100CF000002206461146404690E736681146CFE787
:100D00003346E7E720680021FFF7ECFB0023236070
:100D100003B0BDE8F08F4368197801F0F801C029ED
:100D20002DE9F041044617461CD0E02915D11D7964
:100D3000ED002668D6F8048001213046FFF788FCD4
:100D40003B462A462146404600F002FA10B1414691
:100D500000F018FA0021304600E00021BDE8F04123
:100D6000FFF7C0BB0025E4E70021FFF7BBBB000095
:100D70000D4B73B51C880D4B24B21D68EFF3108624
:100D800072B628460BF032FD86F31088084A094BEC
:100D90000093821841F100030194074928460BF0A3
:100DA000F3FC02B070BD00BF60310020E8370400E2
:100DB000C0C62D00940C0020606300200022036850
:100DC0000BB9038370471968C3E900220160F6E795
:100DD00010B508B9F8F7DCFBFFF7F0FF002303625A
:100DE00010BD0000F8B50C4B0C4C18680C4F0BF004
:100DF000FDFC04250646206A40B1E369F31ABB42B4
:100E000004D9FFF7B1FF2046FFF7E2FF013D04F1EF
:100E10002404F0D1F8BD00BFE83704007863002057
:100E2000C0C62D002DE9F04F16468BB0024609933F
:100E300012F8083B05920833C31804934B681A78DC
:100E400002F0F802C02A04460D4602D186B1F8F736
:100E50009FFBE02AFBD11A79B6EBC20FF7D15A1DDE
:100E600000928A683EB1042A07D9A2F1050B13E06B
:100E70001A1D00928A68032A08D82846FFF774FFD3
:100E80004FF0FF3420460BB0BDE8F08F0099097891
:100E90004129EAD0A2F1040BBBF1000FEDD01A8872
:100EA00052BAC2F30A0203925B885BBAADF81E30F5
:100EB0009BB20893FFF796FF237801936378029320
:100EC0009E4B9F4C18680BF091FC4FF00008069069
:100ED0004746C246236AA146002B00F0C880E38A39
:100EE000089A934240F0C680238B039A9A4240F0BE
:100EF000C180237D019A9A4240F0BC80637D029AB2
:100F00009A4240F0B780019A0599201D0EF02EFA02
:100F1000002840F0AF80029A049904F10C000EF012
:100F200025FA002840F0A680854B242202FB0A33D4
:100F3000069ADA61FFF71CFF5446DFF804C224204A
:100F4000604300EB0C0706EB0B033A8B93420BD983
:100F5000386AFFF709FF2846FFF706FF3846FFF714
:100F600037FF8DE7C846B5E7B1B25CF800804A1E8E
:100F70005A44434692B25BBB4A1E12FA8BF292B2BB
:100F8000DFF8C49101921FFA8BFA39F833204FEA47
:100F9000C30E7ABBDFF8B491019ACE444CF800E05E
:100FA000AEF80410AEF8062049F833807B8BDFF8EA
:100FB000908153447B837EB3242303FB04880099F0
:100FC000D8F8203058685A4630440EF0ECFA1FE04A
:100FD000B3F804E0724509D3B3F80690494505D843
:100FE000714540F09F804A4540F09C8076450FD087
:100FF0001B68C0E70133342BC7D1242303FB04C390
:101000004FF0FF34186AFFF7AFFE3846FFF7E0FEF7
:101010002846FFF7A9FE35E7009B1B7803F0E002A6
:10102000602A1ED16B681B7803F0D803C02B04D054
:10103000242303FB0483186A8BE70122042128463A
:10104000FFF7D0FB0028F3D032463946284600F09F
:1010500037FF242303FB04831B6A002B7FF412AFAA
:101060000EE7412B02BF009B01330093A4E7002F42
:1010700008BF2746B8F1000F09D0E269D8F81C3044
:101080009B1A6FF00042934234BFA146C1460AF159
:10109000010ABAF1040F04F124047FF463AF57B9D5
:1010A000D9F8200000283FF4D2AEFFF75DFE484695
:1010B000FFF78EFE4F46099B039AB3FA83F3002194
:1010C0005B095B000846FFF74FFB386200283FF4DE
:1010D000D4AE436813B100221A605A60039B3B836D
:1010E000069BFB61019A0599381D0EF05CFA029A85
:1010F000049907F10C000EF056FA019B3B75029B18
:101100007B75BDF81E30FB8200237B83FFF730FE2A
:101110000B4B0C4AFB1A9C10002B02FB04F4BFF68D
:101120000CAFAAE6242303FB04C36FF00104186A82
:10113000FFF71AFE3846FFF74BFEA3E6E837040038
:1011400078630020398EE3380E64002008640020A4
:10115000F8B51F4604460D461646FFF763FE831C8E
:1011600005D13B46324629462046FFF75BFE002864
:10117000A3BF034B242202FB00300020F8BD00BFB8
:101180007863002038B50D46044608B9F8F700FA30
:101190000029FBD0428B038B9A422ED1437D017DE7
:1011A00000F10C020430FEF741FE236A40B91846F4
:1011B000FFF7DAFD2046FFF70BFE4FF0FF3038BD9A
:1011C0004268B5F90210518029791171697951711C
:1011D000B5F90610D18033B11A4611461268002ABB
:1011E000FBD10860184600222062114600F028F862
:1011F0002046FFF7EDFD0120E1E70020DFE70021B9
:10120000FFF770B91FB50A4CB4F9000000280CDCD8
:10121000084B094A029300230092084801930322D5
:101220004FF47071F8F75AFF208004B010BD00BF72
:10123000A86900209E0A040011130300E86500203D
:1012400010B503460446064940F201220220FDF78C
:1012500085FD20B92046BDE81040FFF7D0BF10BD86
:101260000000FFFF10B590F90C300133044601D0A7
:10127000F8F78EF94368B3F90200FEF729F840F257
:101280000222B0F982012146FDF75DFD002804DC51
:101290002046BDE81040FFF7B2BF10BD2DE9F04178
:1012A00088461F46044608B9F8F772F9002AFBD0B1
:1012B000066800235EB9B2F8CE200AB19A420AD37A
:1012C0003A4620460021BDE8F041FFF7CBBFB168A8
:1012D00036680B44EEE7B8F5006F17D2FFF7FEFB58
:1012E000054628B90C212046BDE8F041FFF7FAB8C1
:1012F0000460A0F80480FFF7F9FB2E81E8803A46ED
:1013000029462046BDE8F041FFF741BC7A21EAE7D3
:1013100080B5102288B00DEB020000210EF036F8E7
:10132000604B0593604B61481B88ADF81C30082169
:10133000F8F728FC04A90120FFF72AF840F205235A
:10134000ADF80A3040F202266FF085076846F8F7DC
:1013500002FCBDF80230B3F5017F1DD8B34200F2A4
:10136000958040F20122934221D0B342EED1019DFB
:101370001DB3AB68072B20D92B68F3B193F90C3060
:10138000022B1AD12846FFF70BFA0446A8B143688E
:10139000002B4CD1F8F7FCF840F2252293427BD089
:1013A00040F226229342D1D1FFF71CFDCEE7019DEA
:1013B0002846FFF7F5F9044618B92846FFF71FFF3E
:1013C000C4E70121FFF7C6FA08B182680AB92046CE
:1013D000F4E743681B78412B15D1FFF7E1F9054687
:1013E0000028F4D001221146FFF7FCF9014600283D
:1013F000EDD02046FFF7A0F8022300222B73114600
:10140000FFF71EFFA2E703F0D802C02A09D003F0BD
:10141000E003602BDBD100221146204600F050FD96
:1014200094E7002211462046FFF775FC8EE7B3F9DA
:101430000200FDF74DFF256880464FF0000965B9B1
:10144000B8F1000FC3D0D8F8A430DB0509D52A467F
:101450002946204600F042FF78E7AB682D689944A2
:10146000EDE701231A4629462846FFF77DF90028B3
:10147000ADD0236803604368206041221A7049465A
:101480002B4642462046FFF709FF5FE702A9684660
:101490000397F8F737FB59E7002201991046FFF749
:1014A00076FB53E70000FFFF60310020A8650020B5
:1014B0003C280FD8282806D8002818BF11280CBFB0
:1014C000012000207047064B2938C0B2C34003F00A
:1014D00001007047A0F1870358425841704700BF90
:1014E0000D000800024A13680360536843607047A8
:1014F000D62E040008B508B9F8F74AF8BDE8084048
:10150000B0F90200FDF7E4BE102200210DF03EBF4D
:101510000021FEF7E7BF000010B50A490822044683
:101520000DF024FF48B12378FF2B08D1607800F03C
:101530000F00831E5842584110BD0120FCE70020D7
:10154000FAE700BFD62E04002DE9F34188461A4978
:1015500003460868496815466A4603C2184623B31D
:101560005E7C16F0100625D11C7C802C20D0402CEF
:1015700020D9E708F91F781CC7F10F02294440441D
:101580000DF0F4FEB0B93D4418F8073015F8080C1A
:1015900004F00704584004F108030DEB030414F8A9
:1015A000083C1840B0FA80F0400902B0BDE8F08174
:1015B0000120FAE70020F8E7A20A040010B504466B
:1015C000084611468368934203D90022FFF70AF9BF
:1015D00020B101462046FEF7AFFF012010BD70B5D7
:1015E00005460E46144622B11046FFF7E7FB0023DE
:1015F00023623046FFF78CFF2846BDE87040FFF7B6
:1016000087BF00002DE9F04F8B4687B01C469246FD
:101610000AB9F7F7BDFF0368002B00F023815E686D
:10162000BF496023237006F108070023637010226E
:1016300038460DF09BFE002840F091804FF00009E5
:10164000337EFF2B00F0188206F118052846FFF7BD
:10165000BBF98046002800F00F82437CDB0640F196
:101660000B82294602F03FF93F2840F20582B9F18A
:10167000000F40F0068298F81130180700F00C8235
:10168000637863F07F0363700023A37003253368DE
:101690007278307823F4704323F0FF0311090201BC
:1016A000002B7AD10A43D2B22378002A69D143F0C1
:1016B00018032370B2791046FFF7FAFE002800F0F5
:1016C0009480237843F004032370F379402B00F0D7
:1016D0009080FF2B00F09180012B40F092802378C6
:1016E00043F0010323708E49102238460DF03EFE70
:1016F000002840F08A80637843F040036370337EB3
:10170000FF2B40F05581637843F008026270728BC2
:101710006719002A40F01C81F269002A40F0188104
:10172000328C002A40F01481727E022A40F0DF8061
:10173000326A002A40F0DB80B28C002A40F0D78069
:1017400096F82620002A40F0D28043F00B03637005
:1017500096F827303B700135ADB2284683E0384615
:10176000FFF732F9814600283FF468AF437CDA0680
:101770007FF564AF394602F0B6F83F287FF65EAFDA
:101780005EE743F010032370337871781B016A1C05
:1017900043EA1113635595B28CE702F030006B1CDD
:1017A00008439BB218D1227842F0080222703268B6
:1017B0003178C2F30322891042EA811262553268FD
:1017C00012BAC2F30B22E2549D1C326801339BB261
:1017D00012BAE254ADB26DE70A436255326802357F
:1017E000C2F30322E254ABB2E9E76B1C62559DB22F
:1017F0006BE7237843F0020374E7237843F0030395
:1018000070E76A1C635595B26DE7B9F1000F0FD10F
:101810003846FFF781FEB8B9631907F1100257F88F
:10182000041B43F8041B9742F9D11035ADB266E7AB
:10183000637843F04003637099F8112011071EBFCD
:10184000A37843EA0213A370002200235046CDE997
:101850000223FDF748FDDAF8A430DA0706D4504633
:10186000FDF748FD002007B0BDE8F08F9AF8CC20C6
:1018700002AB0AF1C4015046FDF751FB0028EEDB34
:101880005046FDF737FD32690092DDE902027169C9
:10189000009B94F801C0914208BF834209D002AA7C
:1018A00039464846CDF804C0FFF74EFEDDF804C0C7
:1018B00010B14CF0300321E7009BB3F17F4F04EBF4
:1018C00005012AB20AD1B08AFE2807D14CF02003C4
:1018D0006370F38A6353023295B210E74CF0100341
:1018E000637033690B6073694B600832F4E7718C85
:1018F0002AB2B9B996F82410A1B943F00A0363706B
:10190000737E3B700135ABB2B6F82510E15214FA84
:1019100085F596F82730AB70043295B21DE700BF0D
:10192000F62E040096F82210002940F0998043F02A
:1019300009036370737E3B700135ABB2D6F8231098
:10194000E15014FA85F596F827302B710632E4E75A
:10195000B38BADF80830F38BADF80A30338CADF8AB
:101960000C3002A8738CADF80E30FFF72DF800286C
:1019700076D0437CDB0673D5027CF37E9A426FD12E
:10198000637843F004036370437C13F00F031EBFBE
:10199000A2781343A370737E3B706B1C9BB2B27E24
:1019A000E254AB1C9BB2726AE2500635ADB2D4E68B
:1019B000B8F1000F05D106F11800FFF7ADFD0028C2
:1019C0004ED09BF80130002B4AD0B8F1000F0BD05D
:1019D000637843F00403637098F8113013F00F0339
:1019E0001EBFA2781343A3709BF800109BF8012040
:1019F000083102AB59445046FDF791FA0028FFF632
:101A000031AFDDE90213D6F82090726A67789A4206
:101A100008BF894506D002AA06F118014046FFF723
:101A200093FD18B147F00307677096E6B9F17F4F51
:101A300004EB05012BB20AD1B28CFE2A07D147F084
:101A400002076770F28C625302339DB285E647F05D
:101A500001076770326A0A60726A4A600833F4E705
:101A600006F118032C44283653F8042B44F8042BB1
:101A7000B342F9D1103599E7B9F1000F0AD04FF010
:101A8000000899F811301D077FF4FAADB8F1000F86
:101A90007FF4F1AD4FF000080225F8E52DE9F84399
:101AA00090F901301446002B064688464FF0270275
:101AB0004FF0000104F10100B4BF032502250DF031
:101AC00065FC60232370337803F01803082B3DD0A6
:101AD000102B4CD09BB9735D1A091B01711942F090
:101AE0006002DBB2637022704A7802F00F02134387
:101AF00063708A78A270EB1C0435F35CE370337872
:101B00005F075CBF735DA371337803F0030358BFB5
:101B10000135022B34D0032B34D0012B01D0735D5F
:101B20000135E371777817F040032DD038064ABFAE
:101B3000B0780020000917F0300726D0FEF76EFFBE
:101B4000074610BB00252846BDE8F883735D9B0956
:101B50009B0043F060032370735D721903F00F0361
:101B600063705278A270AB1C0335F35CC6E7735DFB
:101B70001A0942F060021B01227063700135BEE752
:101B80004023CEE7FF23CCE71F464046FFF7B2FCD9
:101B9000737803F07003402B81467CD048D8202B0B
:101BA00057D00FD8711904F10800002B49D10B460A
:101BB00001F1100253F8041B40F8041B9342F9D1C1
:101BC000103501E0302B57D0737859070DD51A0620
:101BD0004ABFB078002000F00F0013F00B0F04D0C4
:101BE000FEF71CFF07460028ACD0737803F00F0304
:101BF0000C2BA8D801A252F823F000BF0B1D030044
:101C0000231D0300391D03006B1D0300471B030048
:101C1000911D0300AF1D0300E91D03000B1D030010
:101C2000191E03003D1E0300611E03007B1E0300FE
:101C3000602B41D0702B55D0502BC5D187BBF7F707
:101C4000A7FCFFF74FFC735923614B6863610835AC
:101C5000BAE704F10800FFF745FC4FF0FF3200231C
:101C6000E2746FF0010223746374A37422756375C8
:101C7000735BE3820235A7E7414604F1100311F8D4
:101C8000082BFDF74CF90028FFF65CAF04F10800C3
:101C9000FFF728FC98E704F10800FFF735FC93E70D
:101CA0007359236172193946536863613A7C04F1B0
:101CB000080001F037FECAE7002FC0D04FF0FF3216
:101CC0000023E2746FF0010223746374A37422751D
:101CD0006375735BE3823A7C394604F1080001F0D6
:101CE00021FEC7E7002FAAD0414604F1100311F8E6
:101CF000082BFDF714F90028FFF624AF3A7C39468B
:101D000004F1080001F00EFE5EE72E44183406F1DF
:101D1000100356F8042B44F8042B9E42F9D11035D9
:101D200011E704F11800FFF7DDFB73592362721904
:101D300053686362083506E704F11800FFF7D2FB29
:101D40004FF0FF32002384F823206FF0010284F863
:101D5000203084F8213084F8223084F8242084F85C
:101D60002530735BE3840235EDE698F8001098F8AF
:101D70000120083104F1200341444846FDF7CFF823
:101D80000028FFF6DFAE04F11800FFF7ABFBDAE640
:101D9000002F3FF454AF73592362721939465368C8
:101DA00063623A7C04F1180001F0BCFDC2E74FF019
:101DB000FF32002384F823206FF0010284F82030E2
:101DC00084F8213084F8223084F8242084F82530E7
:101DD000735BE384002F3FF432AF3A7C394604F161
:101DE000180001F09FFDBEE798F8001098F8012058
:101DF000083104F1200341444846FDF790F80028DB
:101E0000FFF6A0AE002F3FF41AAF3A7C394604F13A
:101E1000180001F087FD96E604F11800FFF774FB47
:101E2000FF232376735D63766B1CF218F358C4F8B6
:101E30002330137984F82730063584E604F118003E
:101E4000FFF762FBFF232376735D63766B1CF2184A
:101E5000F35AA4F82530937884F82730043572E6D5
:101E600004F11800FFF750FBFF232376022363766B
:101E7000735D84F82730013565E6002F3FF4DFAE4F
:101E800004F1180097F81080FFF73EFB3A7C402AD7
:101E900088BF40224FF0FF0388BF3A742376735DFA
:101EA00063762E4439467378A376E27604F11C00FB
:101EB00001F038FD73686362063587F8108042E6EA
:101EC0002DE9F04F89B00F460592064608B9F7F79D
:101ED0005FFB8368012B0BD821B10846FEF76EFF2C
:101EE00000233B62304609B0BDE8F04FFFF710BB5E
:101EF0004368039391B10D6A002DE8D0AB68272B9E
:101F000017D828212846FEF7D7FC78B13A4629464B
:101F1000304609B0BDE8F04FFFF761BB022328222D
:101F20000846FEF721FC05460028DBD0AB68272BCE
:101F3000CDD94FF0FF313046FEF70CFD019000285F
:101F4000C5D04068FFF7D6FA019B6A6859680398C4
:101F5000FFF7A4FD83460028D8D0B3688342D5D3C9
:101F6000039B1B785B0740F188810623029328249A
:101F7000039B13F80B3003F0F803E82B04D0F02B8D
:101F800000F0F580E02B16D1D6F8048018F80B305D
:101F9000012203F00E0902FA09F240F255110A4239
:101FA00031D1B9F10E0F00F09080B3685B45ADD32D
:101FB000029B002BDCD1B168002F00F06081B7F8E4
:101FC0001880AB682144A1EB0B01A8F128088B42D3
:101FD0001FFA88F89AD3B268686898FA98F8934517
:101FE000A0F8048006D27168A2EB0B025944204489
:101FF0000DF0D9FA002F00F054817B8B1C44A4EB28
:102000000B047C836EE713F0010308BF08EB0B029F
:102010000BF1010A0CBF927818F80A20A11C114498
:1020200004910498A96881421AD369680819B9F122
:10203000080F3FF66BAF01A454F829F07B20030092
:102040000D1F0300BF2003000D1F030077200300B6
:102050000D1F0300B32003000D1F0300B920030070
:1020600004992846CDE90632FEF726FCDDE9063262
:102070000028DAD04AE74FF02C09029C01F80490BE
:1020800003BB18F80A1001700BF1020A0293931FA8
:102090000AF1010ADB08437008EB0A0102300692DC
:1020A0000DF081FA069A12EB0A0B3FF42FAF049C55
:1020B0007BE74FF03C09E0E74FF08709DDE74FF0A1
:1020C0002B09DAE76B68C31AE0E74FF0FF313046BF
:1020D000FEF740FC024600283FF418AFAB6804F15D
:1020E000280A53450BF1010B31D351686B680491F9
:1020F00003EB0409084608EB0B030693FFF7FAF914
:10210000069B04994A461846FFF7C8FC00283FF48E
:10211000FDAE6B68029929225A5418F80B3013F05F
:1021200004031EBF6A6809F106039B1A02938344E5
:10213000A4B2AFB13B8B283B1B1B9CB264BAA9F87D
:102140000440BBF1000F3FF4E1AE54462DE704908C
:1021500051462846FEF7B0FB049A0028C5D0D5E6C4
:10216000B368283B1C44A4EB0B04A4B2E6E70BF1D4
:1021700001030393AB68D6F8048004F108094B45CA
:1021800018F80BA021D369680AF0030E0BF10100C7
:10219000BEF1020F18F800C001EB04020BF10203BC
:1021A00048D0BEF1030F54D0BEF1010F14D001F896
:1021B00004C008EB0B0018F803305370C378937019
:1021C00000790BF10503D07014E049462846FEF76C
:1021D00073FB0028D7D099E682F800C018F80330C6
:1021E00053700BF10403C3449BF80300A0F5805027
:1021F00040BA50801AF0040F7FF488AE18F803003C
:102200009071984403F1020B98F80130D3717FB3B9
:102210003B8B1B1B9BB25BBA9380029A11238B549E
:10222000BBF1000F3FF472AEB3685B45FFF46EAED6
:102230004C46C0E6ACF5805C9CFA9CFC21F804C0DE
:1022400018F8033093700BF10403C3449BF80300A8
:10225000B9E74FEA1C100CF00F0CA0F57560ACF557
:10226000756C40BA9CFA9CFC1080A2F802C0C1E7D1
:10227000B3680833A3EB0B03CCE728249BE628398B
:102280002144A1EB0B011FFA81F8284614FA81F1D1
:10229000FEF712FB00283FF49EAE2846FFF738F900
:1022A00020E6019BB34216D0334601991A461B68BB
:1022B00099420DD10B68136029460B460968002925
:1022C000FBD1019A1A602846059AFEF7B9FF09E684
:1022D000002BEAD1F0E7019B1E68EDE72DE9F04FF6
:1022E00087B0044640680392FFF704F90090206825
:1022F00000230546019325B96368029324BBF7F7D1
:1023000047F9AB68019A2D681A440192F3E7CDB9F9
:1023100023609A68186816441D46C0B1027B90F984
:102320000C30042A13D827FA03F3DB070FD5FEF786
:1023300037FA03460028EAD1204607B0BDE8F04F3F
:10234000FFF7E6B82B60E4E72E461527E5E7002EF9
:10235000D5D001230021F2180846FEF705FA804681
:102360000028E9D0D0F80490009A02994B46204604
:10237000FFF748F985B218B94046FFF7C9F8DBE71F
:1023800023685B689B7904931846FFF791F8049BD8
:10239000B0B929464046FEF78FFA21682046FEF77D
:1023A000CBF80268C8F80020C0F800800028C3D02D
:1023B000DDE90021039B07B0BDE8F04FFEF76EBFDB
:1023C00022681768002FD7D0292B00F0B98006D8D3
:1023D0006BB1112B56D0FF264FF0000AD8E03C2BF2
:1023E00005D04CD8A3F12B02D2B2012AF3D87968D8
:1023F000BA6891F801B0012A0BF1010B4FEACB0B3F
:102400007FF67DAF5A45FFF47AAFABF1020292B28C
:10241000FF2AE0D82C2B0E7809EB050A00F0C780C4
:1024200000F2BF80002B40F0C080E0208AF800005E
:1024300030460493FFF73CF8002800F0BE80049B70
:102440002C2B05D14B885BBA9BB2072B00F2B580D1
:102450009AF8003043F001038AF800300120431C51
:102460000AF8002002310AEB0300059204930DF0F4
:102470009AF8DDE9043203EB020A5A4681E0872B21
:10248000B5D0A8E7BB68072B09EB05017FF637AF8E
:1024900078680288438852BA6FF00F0692B209F842
:1024A00005604FF2B00E22F00F065BBA76459BB284
:1024B0001FFA86FC1FD123F00F0666451BD103EBE4
:1024C0000213A3F57023F326A3F52B6309F8056027
:1024D00002224B7083798B541144C3794B7002F103
:1024E000020A394608222046FFF768F800283FF420
:1024F00043AFFF264CE003F47F46B6F5704F09D199
:10250000F1220A7002784A7042788A70DBB2CB708E
:102510000422DFE702F47F43B3F5704F06D1F223C4
:102520000B704A7083788B70C378F0E703784B7038
:1025300043788B708378CB70C3780B710522C9E721
:102540007B689E79BB68272B09EB05027FF6D7AE27
:102550006FF01F0309F805303046FEF7A9FFE0B120
:10256000E12309F805304FF0010A02EB0A03029952
:10257000009A3846FFF746F800283FF4FDAE824443
:10258000282239462046FFF719F800283FF4F4AE18
:102590000AEB050295B23346F5E656704FF0020A93
:1025A000E3E73C2B07D1E62040E7E2203EE7E420CA
:1025B00009F805003CE7E820FAE70B788AF80130D3
:1025C000FF2602204BE770B506460C461546102143
:1025D0001A462120FCF72CFA58B14368002264BA4D
:1025E0009E705A711A71DA70DC8029689960696886
:1025F000D96070BD40F20123984273B50D46144670
:1026000013D10F4B02F11006CDE9003100226946CB
:102610003046F7F761F8002809DC3146094802F036
:1026200063FD00212846FDF75DFF02B070BD236FFA
:10263000002BFAD0626F102120469847F5E700BFC3
:1026400000000102AB0A0400034610B40724084648
:102650001C62002103F12804C3E900125C6202221B
:10266000084C1A7203F16802C3E90411C3E90611A8
:10267000C3E91A4319675DF8044BDA601946FDF7A0
:1026800087BE00BFF52503002DE9F7431D46036A09
:10269000DDF82880072B04460E46174600F1100986
:1026A00004D06FF0150003B0BDE8F083C2B1036F32
:1026B00013B1324802F084FD7B1C1AD10122694615
:1026C0004846F7F75BF8BDF8022040F201239A4232
:1026D000E7D1019F3846FAF7A1F8D8B9F6F758FFC5
:1026E00069464846F7F74AF80028ECD16FF00A002F
:1026F000D9E7234807F2E7374FF47A730068B7FB4E
:10270000F3F36A4649460AF0D1FB0028DBD06FF0AC
:102710007300C8E700F108032A1D00F1180153F8FF
:1027200004CB42F804CB8B42F9D104222A60D8F8BA
:1027300000205AB10432283053F8041B42F8041B1D
:102740008342F9D1D8F8003004221A604FF0FF31EB
:102750003846FEF7FFF810B14368B3F90200236F63
:10276000A88237603BB1D4E90612914203D0626F70
:10277000102120469847002095E700BFD80A0400A2
:10278000F83704002DE9F0479046064689469A46F8
:10279000024600256AB9D9F80030D8F800209342E3
:1027A0000BD030460021FDF79DFE6FF06900BDE8BB
:1027B000F087936812681D44ECE7042BF1D108F10F
:1027C000040209F104013046FAF73BF80446B0B1BF
:1027D00096F90C700FB902273773636883F806A067
:1027E000B9F8146076B1002319461A461846FDF769
:1027F0001DFB36B20146C0B92046FDF773FE6FF0EF
:102800000B00D4E7B8F81460002EECD10A49234637
:1028100040F202223846FCF7A1FA014650B92046A0
:10282000FDF760FE6FF04C00C1E743685E80046016
:102830000446EBE72846BAE70000FFFF38B501F190
:1028400018020446034651F8040B43F8040B914266
:10285000F9D1A08A48B9FCF72CFD054628B1FCF750
:1028600028FD10B9B5F88231A38238BDF8B50E46FF
:1028700014461F46054608B9F6F78AFE1AB1D38AF0
:10288000002BF9D061B9C822002128460CF07EFD4A
:10289000AEB33368F08A042B0DD06FF0690009E005
:1028A000B28A002AEFD0A38A002BECD09A42EAD059
:1028B0006FF01500F8BD30B905F088FB6FEA804075
:1028C0006FEA904080B2334605F1940206F114019C
:1028D00053F804CB42F804CB8B42F9D11B88138008
:1028E000A5F8AA00FCB12368042BD6D1E31C04F19F
:1028F000130213F8011F29B99A42FAD1D8E7002C24
:10290000F1D116E0214605F1AC00FFF797FF2379DE
:10291000FF2B07D009491022201D0CF027FD08B11C
:1029200047F002072EB1B5F8AA2004212846FFF788
:102930008BFEA5F8C4700020BCE700BFF62E040093
:102940002DE9F0438DB016461A4604AB0024DDE9AC
:102950001497884604945C60054608B101B10EB92D
:10296000F6F716FE316851B1C8F8004030682146CC
:10297000FDF7B8FD346020460DB0BDE8F083D0F817
:102980009410002957D006911FB1397EC80748BF5F
:102990000497009303A906AB2846FFF775FE0028AD
:1029A000EADB03980421FDF7D5FF0028D8D0D0F842
:1029B00004C0B9F1000F10D006AB4C461A4603CA4A
:1029C00061600CA98A422060134604F10804F5D125
:1029D000BCF800305BBAA9F81630B5F8C4309907D6
:1029E00018D5D5F8AC30ABB1BCF80030B5F8C22082
:1029F0005BBA9BB29A4206D1102207A905F1B0003A
:102A00000CF0B4FC30B103980021FDF76BFD6FF0C2
:102A10004600B1E747B13B7EDA0741BF23F001032F
:102A20003B76B5F8AA30FB82039B5A68C8F80020B1
:102A300098683360A0E76FF07C009DE72DE9F043D4
:102A400088468DB015461F46044610B91AB9F6F7E8
:102A50009FFD002A6AD0EB8A2BB96FF01505284636
:102A60000DB0BDE8F083EB1C05F1130213F8011F54
:102A7000002940F0A3809A42F8D1EEE754B1B4F8AF
:102A8000A8201AB1AB8A0BB19A42E6D1D4F894309F
:102A9000002B54D11822002168460CF077FC05F079
:102AA00095FA6FEA80466FEA9646B6B264B1A4F82A
:102AB000AA60002D41D1D4F8AC30C4F8943032462D
:102AC00004212046FFF7C0FDCFB13A7E130716D58B
:102AD0003B680093FE8ABB8AADF814300DF1040EFA
:102AE0003B1D07F1140918685968F446ACE8030067
:102AF00008334B45E646F6D122F008023A7675BB1C
:102B0000B4F8C29004F1AC07009A3B687ABB00931A
:102B1000404600F020FE0023024619461846FDF705
:102B200023FE054630BB6FF00B0598E7D0F8AC30BC
:102B3000002BABD16FF07F0591E72B68BDE7B4F8B0
:102B4000AA6004F19403EC4604F1AC0E18685968CD
:102B5000624603C2083373459446F7D1B4E7294669
:102B600006A8FFF76BFE06AFB5F81690CCE79A42C1
:102B7000CED072E7D0E90112404600F0F4FD3146B4
:102B80004A46284600F02AF9014618B92846FDF7BA
:102B9000A9FCC8E711233A466946FFF7F3FD051E75
:102BA000C8BF083D002C3FF45AAF236F002B3FF401
:102BB00056AF626F20212046984750E72B68042BC0
:102BC0003FF45CAF6FF0690549E7C0E91C1270473C
:102BD000783070470021FDF785BCF8B505890746B8
:102BE0000E461446002054B900237968082200F0EC
:102BF0008FFD96F90C30022B0FD00020F8BDBC429F
:102C0000F2D0B442F0D02B462289616800F080FDFA
:102C1000A36824682B449DB2E5E743191133B3F54B
:102C2000803F24BF013080B27168284411300023F6
:102C30002022083180B200F06BFD4FF6FF739842FE
:102C40001CBFC04380B2D9E780B5102288B00DEB1D
:102C5000020000210CF09AFB504B51481B88ADF844
:102C60001C3040F20523ADF80A3008216FF08503CF
:102C70004C4D03930595F6F785FF04A90420FDF755
:102C800087FB40F202266846F6F765FFBDF8023082
:102C9000B3424CD00DD840F201229342F3D1019FB0
:102CA0003846FDF77DFD044660B93846FFF792FFD0
:102CB000E9E7A3F20323012BE5D802A96846F6F75A
:102CC00021FFE0E70221FDF745FE074608B9F6F7C8
:102CD0005FFC206830B190F90C30042B02D183687E
:102CE000082B07D0042208212046FDF77BFD08B9F8
:102CF0002046DBE700232373D0F80480B8F80630C1
:102D0000002BF5D022463946FFF767FF4FF6FF73D9
:102D10009842EDD1B8F8021049BA234640F2012298
:102D200089B20420FCF71AF80028ACD1E0E7DDF8FE
:102D30000480404698F90C70FDF732FD044608B94E
:102D40004046B3E70068A0460028C0D090F90C3098
:102D5000042B19D1FDF724FD0028C9D04268C8F81A
:102D600000000023816800680B440028FAD15BBA98
:102D700093807B1C04BF236893F90C7040F20222FD
:102D8000234629463846CDE7FDF70AFD03460028CD
:102D9000AED0C8F8000000689846D5E76031002042
:102DA000AC6900200000FFFF10B5044668B161B1B6
:102DB00090F90C30042B0BD10268FFF70EFF50B1D5
:102DC000636840BAD880002010BD6FF00D00FBE7AB
:102DD0006FF04C00F8E76FF00100F5E738B51446E6
:102DE0000D4601B10AB9F6F7D3FB042308220021EE
:102DF000FDF7BAFC38B1436800226DBA64BA1D8091
:102E00005C809A71DA7138BD1FB5094CB4F90000C5
:102E100060B9084BCDE90103074B00930522034637
:102E20004FF4E0710548F7F759F9208004B010BD60
:102E3000AC6B00204C0B0400492C0300EC69002013
:102E40002DE9F04104469DF8248080F80080102090
:102E50000F461E469DF82810069B6070154602B16D
:102E60000FB11BB116B90020BDE8F08118F0050FB5
:102E700039D0C5BB002BF6D0A1709DF82020E270A0
:102E8000022B9DF82120227133D0082BEBD11C237B
:102E90006370221D06F1080313F8011D02F8011FDB
:102EA000B342F9D1002D4ED00D23BDF81C10BDF852
:102EB0002020914233D1227842F040022270022D2C
:102EC00036D0082DCFD1627862F03F02627007F1F0
:102ED00008021C4412F8011D04F8011BBA42F9D182
:102EE00003F10800C0E7A170002BC6D1B5B90320DB
:102EF000BAE716491A4630460CF038FA18B928F0E5
:102F0000200884F800801823637073786371337825
:102F1000A3710DB90720A7E70723C6E703239DF890
:102F20001C10E1545A1C9DF81D10A1540233C6E731
:102F3000627862F07F0262707A78E254981C2344CF
:102F40003A785A7090E70D208EE700BFA42E040057
:102F50000178024601F00700022828D098B1537882
:102F600003F00C03082B12D00C2B13D001F04000FF
:102F700003431ED10320527812F0C0020CD1002B63
:102F800008BF0020704711F04003F3D070470720BE
:102F90000123F0E70D20FBE74B0658BF0230802AE3
:102FA00001D102307047C02A03D108307047032096
:102FB00070470020EAE770B5034601B10AB9F6F799
:102FC000E7FA407800F00C00082820D11878440671
:102FD00018D40724587810F0C00027D01D786D064B
:102FE00007D4402820D01E5D1670651C02345D5D3C
:102FF0005570802820D11A5D4A701C4402206378E5
:103000000B7013E0D878107018795070E1E70C2835
:1030100009D11878400601D40D24DBE7D878107068
:1030200018795070F8E710B16FF0150070BD18787E
:103030004606F9D40324CDE7C028F5D1234401F195
:10304000080213F8010B02F8010D8A42F9D1082099
:10305000ECE708B501B10AB9F6F79AFA437803F03C
:103060000C03082B09D1C37813700379537043798B
:103070004B7083790B70022008BD0C2B0ED1C378E6
:10308000137010F8043F537001F1080310F8012F7A
:1030900003F8012D8B42F9D10820EDE73BB9037805
:1030A00013F0400F14BF6FF015000020E4E76FF03D
:1030B0001500E1E707B503688DF80710DB690DF12E
:1030C00007020221984703B05DF804FB0368002261
:1030D0001B6A0221184700000B78032B05D0072B31
:1030E00000D02BB90368DB6A1847034B0362F9E78A
:1030F0006FF01500704700BF6003400110B5044633
:10310000FFF7D8FF002805DB2046FFF7DFFF0B3075
:10311000FAD0002010BD38B500210446FFF7EEFFBD
:10312000054638B92368216B5B68204698472046DE
:1031300002F0F8FE284638BD036810B5DB690022AE
:10314000012104469847002808DB236800221B6AF7
:103150000121204698470B30F7D0002010BD0368AE
:1031600010B4DC680023A4465DF8044B60470023DC
:1031700070B50D468377012104461646FFF7BEFF62
:1031800008B1F6F705FAA3693246294620465B687E
:10319000BDE87040184703689B6B184710B590F85E
:1031A0002930032B04460DD8013380F82930012142
:1031B000FFF7A4FF08B1F6F7EBF9204602F0B2FEE4
:1031C000032010BD0021FFF7E6FF20460022022168
:1031D000FFF7CDFF0220F4E703681B6C1847036874
:1031E00013F0010008BFC3F3C000704737B50446B1
:1031F00031B14B1E012B58D90025284603B030BDF4
:10320000036801AA1B6A98470028F5DB9DF8045063
:10321000032DF1D8DFE805F0080226332068FFF718
:10322000DEFF08B9F6F7B4F90023206884F82A30E5
:10323000FFF7D5FF08B9A37F33B901AA2946204675
:10324000FFF795FF0225D8E720460121FFF7A3FFEE
:103250002046FFF771FF0028E4D1204602F086FEE9
:103260000525CAE72068FFF7BAFF0028DAD0002357
:1032700084F82A302046FFF791FF0546BDE7236812
:103280001B68DA0702D501AA0321D8E79B07FAD405
:1032900094F82A305A1C84F82A2094F82C209A4258
:1032A000F1D9204602F03EFEA7E700221146FFF7C3
:1032B00056FF0425A1E7000073B590F82E60731E39
:1032C00004460D46042B52D8DFE813F005004A00EF
:1032D0009100C200C8004D1E062D48D8DFE805F059
:1032E0000A2D474704473500FFF715FF002877D020
:1032F000012511E000212046FFF700FF05460028C8
:10330000F8D1236820469B689847032809DDA36904
:1033100020461B6898470225284684F82E5002B0A4
:1033200070BD2A4611462046FFF719FF2046FFF7D9
:1033300003FF0028DCD0F6F72BF900212046FFF729
:10334000DDFE02460028F8D1ECE70021FFF7B2FECF
:103350000028CDDB2046FFF7B9FE0B30FAD0DAE7C4
:1033600005290ED006D84D1EEDB2012D3AD994F89C
:103370002E50D1E70629FAD1FFF7DEFE0028B7D09C
:10338000C9E7036B9A68032A25D15A681278900717
:1033900021D51968F9B92046FFF7B0FE0028BAD147
:1033A0002368216B5B68204698470028B3DB464BB7
:1033B000C021186809F04CFD23680022DB69114622
:1033C000204698471030F7D000212046FFF70EFF27
:1033D0000028F9D09FE72046FFF79DFE00289AD1EC
:1033E000032599E700221146FFF7B9FE93E702296A
:1033F00006D80029BBD000221146FFF7B0FEEFE748
:103400000429B4D103681B68D90718D49A0716D4C5
:1034100004F0DCFD94F82B10638C014059432A4BD7
:10342000186809F015FD94F82B30627F591CB2EB37
:10343000510F82BF5B0043F0010384F82B302368F7
:103440000022DB691146204698471030F7D063E729
:10345000FFF7CCFE0546002889D05DE7022929D078
:1034600003292CD0012982D103681D6815F00805B5
:103470007FF461AF032201A9FFF771FE08B9354659
:103480004AE79DF804309B07F9D5204602F058FD25
:103490009DF8046094F829308DF8013029462046C3
:1034A000C6F30016FFF777FE6A4631462046FFF75F
:1034B0005EFE30E700221146FFF751FEDFE7FFF71F
:1034C0006DFE054628E700BFFC37040010B590F8F4
:1034D0002E30013B012B02D96FF00F0010BD09B94E
:1034E0000020FBE74B688C681B78032CC3F3401269
:1034F00018D103F007039C1E634263418277016386
:103500000022017F80F8292080F82A2001228A40A9
:10351000013A80F82B20052133B9FFF7CDFE0328AF
:10352000DED0D9E70023E9E7FFF7C6FE0228F7E778
:1035300001232DE9F34180F82E3003685B690446CE
:10354000884617469847051E70DB3B68E3607B683A
:103550002361B8F80030A3822323A38440F20353ED
:10356000A3830423A38523681B68DA0659BF0521BA
:1035700002221721002213F4FC2004F10C06E1843E
:1035800084F8282001D1F6F703F81F0461D490FADB
:10359000A0F103F46047B1FA81F10122B7F5004FC1
:1035A00002FA01F155D0B1F5004F43DC98044CD438
:1035B00003F4C043A3F580414B424B41934084F850
:1035C0002F30236820469B6998470B30F9D004F1CF
:1035D000140200212046FFF7FFFD3246012120465C
:1035E000FFF7FAFD04F1240202212046FFF7F4FD63
:1035F00094F82F308DF80030E38CADF8023094F859
:1036000028308DF80430694694F82D308DF8053057
:103610002046FFF761FD23686FF045015B6A204695
:1036200098472046FFF788FD0028FAD1284602B0C7
:10363000BDE8F08103F4F033B3F5803F07D0B0F577
:10364000802F0CBF06230023B9E71346B7E70423F6
:10365000B5E70323B3E7F8B590F82E707B1E012B76
:1036600004460E4629D8012F12D031462046FFF7D6
:1036700033FD051E13DA2046FFF728FD0B30FAD084
:10368000012F0AD12046FFF757FD30B1F5F780FF33
:103690000021FFF70FFD051EE7DA2846F8BD738805
:1036A000E384337984F82830737984F82D303378C3
:1036B000072B18BF84F82F30DDE76FF00F05ECE71C
:1036C00008B590F82E30012B09D0022B04D1062129
:1036D000FFF7F2FD012805D06FF00F0008BD6FF075
:1036E0007700FBE70020F9E708B590F82E30012BB2
:1036F00004D0022B09D06FF00F0008BD0721FFF79F
:10370000DBFD0228F7D10020F7E76FF07700F4E740
:1037100070B5AAB1DC0705D511F8014B013A204478
:1037200092B2013356080024B4420AD31A44D30794
:1037300003D511F8163000EB0320030C08D180B23A
:1037400070BD31F814506DBA10FA85F00134EBE712
:1037500013FA80F0F1E70346002003B970479A6836
:103760001B681044F9E770B50B4604460E46154633
:103770000CB9981B70BDA268AA4209D861681846A6
:103780000BF011FFA26824680346AD1A1344EFE75B
:103790006FF06800EEE700002DE9F74F0F46019249
:1037A000054618B111B1531E272B04D90025284610
:1037B00003B0BDE8F08F102200210BF0E7FD3B784D
:1037C0003A2B2DD17B783A2BF0D107F10108002458
:1037D000A2462646A146019BA8EB07029A4221D3A6
:1037E000BAF1000F08D0A21C102ADFD8631CDBB28C
:1037F000310A2955EE54D4B2B9F1000F44D02C440B
:10380000A4EB090305F1100205F111000026811A4D
:103810008B42CCDB14F8011D02F8011D2670F6E77F
:10382000B846D4E798F800B0194859460BF0C5FDE2
:1038300080B9184859460BF0C0FD68B1154BC31A42
:1038400043EA0616B6F5803FB0D24FF0010A08F100
:103850000108C0E70E4BF2E7BBF13A0FA6D1BAF16F
:10386000000F05D1B9F1000FA0D105EB0409EEE777
:10387000A21C102A9AD8631CDBB2310A2955824651
:10388000EE54D4B20646E2E7102C8FD18FE700BF8A
:10389000610B0400500B040038B50C46054650B1CE
:1038A00049B108460BF08DFE214602462846BDE888
:1038B0003840FFF771BF002038BD30B54268056859
:1038C0000C684B689A4208BFA5420AD18468C26856
:1038D000CB6888689A4208BF84420CBF0120002050
:1038E00030BD0020FCE710B590B1B9B1884217D0C7
:1038F000431E0139002013F8012F11F8014FA24295
:1039000007D06240B2FA82F2183852FA80F0C0B2A0
:1039100010BD0830C0B28028EDD1F9E70846F7E7BE
:103920008020F5E7802A28BF8022F8B5D508144604
:103930002A4606460F460BF036FE63070DD0C4F14B
:103940000804735D04EBC504FF22A24023EA0203CE
:103950007355795D0A4013437355F8BD024610F85C
:10396000013F23B18B42F9D100230370901C0378EF
:10397000002B08BF0020704710B51446FFF7EEFF7C
:1039800018B1BDE810400BF070B9204610BD00B56D
:1039900001468BB008B9F5F7FBFD2822684600F018
:1039A00007F86846F7F74CFA0BB05DF804FB000027
:1039B0002DE9F0478C468AB0074620B900273846E3
:1039C0000AB0BDE8F0870029F8D000264FF0FF309C
:1039D0003446354603463CF81610002938D1591CA8
:1039E00013BF013433B2012424B20136082EF2D1C0
:1039F0005E1C39D0411C03D0A542A4BF03462C460F
:103A0000022CACBF18464FF0FF30DFF8E0804FF0DB
:103A1000000E6B4669464FF03A0970452BD103F80A
:103A2000019B00EB040EBEF1070FF6DD451C05D02F
:103A30000444082C04BF3A2003F8010B002003F8CB
:103A4000010B5B1A9342B9D838460BF0A4FDB6E7D8
:103A5000591CCAD0411C04D0AC4202DC4FF0FF33E9
:103A6000C3E725461846F9E7461C02D003462C4614
:103A7000C6E72C46C9E7BEF1000F01D003F8019B51
:103A80001CF81E600CEB4E050F2E6D7818D94FEA0E
:103A9000161A06F00F0618F80AA018F806605E70ED
:103AA0002E0983F800A018F806609E70033305F015
:103AB0000F050EF1010E18F8055003F8015BB2E78F
:103AC00066B118F806A01E4606F802AB4FEA151AB2
:103AD00018F80AA083F801A03346E8E70F2D82BF4B
:103AE0002E0918F8066003F8016BE0E7610B04008B
:103AF00038B5054607F067FB044605F11000F6F7F8
:103B0000C9F8204638BD38B5054607F074FB0446B1
:103B100005F11000F6F7BEF8204638BDF8B50446AA
:103B20000D46164600F1100732462946204607F09A
:103B300030FB00B1F8BD01213846F6F733F8F3E762
:103B40000346A3F130020846D1B2092901D8104634
:103B50007047A3F14102052A02D8A3F1370070474C
:103B6000A3F16102052A98BFA3F157007047000036
:103B7000042808B507D1082A0BD1086818604868DE
:103B80005860104608BD0146034801F0ADFAF5F74C
:103B9000FFFC6FF01500F5E7720B0400042810B568
:103BA000144634D10022042C5A701A701CD0082CF0
:103BB00004D0022C1FD06FF0150010BD0A7882F0DF
:103BC00002021A704A785A708A789A70CA78DA7043
:103BD0000A791A714A795A718A799A71CA79DA71AD
:103BE000002BE8D00820E8E70A7882F002021A7079
:103BF0004A785A700222FF240020DC70FE2498705C
:103C00001C715871885C987111444A78E7E7014645
:103C1000024801F069FAF5F7BBFC00BF720B040023
:103C2000042808B505D00146074801F05DFAF5F70C
:103C3000AFFC0B6813604B685360137883F002038A
:103C40001370082008BD00BFB70B0400042808B596
:103C500008D14B78012B0BD0022B0CBF08206FF042
:103C6000150008BD0146034801F03EFAF5F790FC47
:103C70000220F6E7F90B04006FF0850070472DE98C
:103C8000F84380460E4615460AB110B909B1F5F75A
:103C90007FFC00242C702F4606F1FF39B44202D17C
:103CA0002846BDE8F88318F804103846F6F7B2FF46
:103CB0000744A14514BF3A23002307F8013B013410
:103CC000ECE72DE9F84F07460D4609B9F5F760FC1A
:103CD00018B900263046BDE8F88F0378002BF8D0DD
:103CE0000346984613F8016F002EFAD12C464FF088
:103CF000010AB8450CD2BAF1000FEAD1631E9D4209
:103D0000E8D21A78297803F8011905F8012BF6E7AB
:103D1000C3464FF0FF311BF80109FFF711FFB0F167
:103D2000FF3F814606D1BAF1000FD2D14FF0010A10
:103D3000D846DEE75F4510D818F8010C0021A8F13D
:103D4000020BFFF7FDFE234649EA001903F8019B29
:103D500001361C464FF0000AEAE70020F3E700288E
:103D6000BFBF00F1FF306FEA40406FEA504000B241
:103D7000704730B5044607C985B0002584E80700C0
:103D800002F05EFB00950DF10F03217920680F22F0
:103D900003F010FF9DF80F303D2B27D1E2796379B6
:103DA0000095134343F08003217920688DF80F308C
:103DB000202203F009FF0095237A2179206821222F
:103DC00003F002FF0095637A21792068222203F034
:103DD000FBFE0095A37921792068232203F0F4FEED
:103DE000206802F049FB284605B030BD4FF0FF3097
:103DF000FAE7F0B585B00446002602270068ADF862
:103E00000C600D4602F01CFB01960097217920689A
:103E100003AB282202F09FFBBDF80C302B80CDE9CC
:103E2000007603AB217920682A2202F094FBBDF8CA
:103E30000C306B80CDE9007603AB217920682C2211
:103E400002F089FBB5F90000FFF789FF0246B5F9DA
:103E50000200FFF784FF0346BDF90C00FFF77FFF68
:103E60004FF47A7190FBF1F092FBF1F2A88093FB92
:103E7000F1F320682A806B8002F0FEFA05B0F0BDF5
:103E800010B50C46FFF7B5FF4FF60F53E380032044
:103E900010BD00007FB5044600B109B9F5F778FB05
:103EA00007C9002584E8070002F0CAFA009512222B
:103EB00021792068802303F087FE354B0F21186895
:103EC00008F0C6FF0095217920680DF10F030F223D
:103ED00003F070FEA84206DA206802F0CDFA4FF037
:103EE000FF3004B070BD9DF80F30692B4BD06A2BAA
:103EF0004BD108232373E379627900259B00009559
:103F000043EA0213DBB2217920688DF80F301022CA
:103F100003F05AFE237AA27900959B0043EA02132C
:103F2000DBB221798DF80F3006461122206803F0AC
:103F30004BFEA37962790095934238BF1346DB00AC
:103F400043F00603DBB221798DF80F3006440A22D4
:103F5000206803F039FEA27A637A009543EAC2032F
:103F6000DBB221798DF80F3006440822206803F077
:103F70002BFE0644206802F07FFAAE42B4BF6FF019
:103F800001002846ADE70423B4E76FF00200A8E77C
:103F9000F8370400F0B585B00446002700680D46E8
:103FA00002F04EFA0097217920680DF10F031E22CE
:103FB00003F000FE0097217920680DF10F032822FD
:103FC00003F0F8FD9DF80F302B800097217906460D
:103FD0000DF10F032922206803F0ECFD2B889DF8DA
:103FE0000F2043EA02232B800097217906440DF12C
:103FF0000F032A22206803F0DDFD9DF80F306B804F
:104000000097217906440DF10F032B22206803F05D
:10401000D1FD6B889DF80F2043EA02236B80009747
:10402000217906440DF10F032C22206803F0C2FD14
:104030009DF80F30AB800097217906440DF10F03F6
:104040002D22206803F0B6FDAB889DF80F2043EACF
:1040500002230644AB80206802F00EFABE421EDB4B
:10406000E379032B01D9F5F793FA0E4A32F91310CD
:104070002B8847F6FF7213FB01F393FBF2F32B80BF
:104080006B8813FB01F393FBF2F36B80AB8838462C
:1040900013FB01F393FBF2F3AB8005B0F0BD4FF0DF
:1040A000FF30FAE71C2F0400F0B585B00446002766
:1040B00000680D4602F0C4F90097217920680DF1DF
:1040C0000F031E2203F076FD0097217920680DF181
:1040D0000F03222203F06EFD9DF80F302B80009716
:1040E000217906460DF10F032322206803F062FDBB
:1040F0002B889DF80F2043EA02232B80009721791B
:1041000006440DF10F032422206803F053FD9DF8AF
:104110000F306B800097217906440DF10F032522A3
:10412000206803F047FD6B889DF80F2043EA0223C7
:104130006B800097217906440DF10F032622206839
:1041400003F038FD9DF80F30AB80009721790644CD
:104150000DF10F032722206803F02CFDAB889DF89A
:104160000F2043EA02230644AB80206802F084F962
:10417000BE421EDB237A032B01D9F5F709FA0E4A5A
:1041800032F913102B8847F6FF7213FB01F393FBF0
:10419000F2F32B806B8813FB01F393FBF2F36B803C
:1041A000AB88384613FB01F393FBF2F3AB8005B009
:1041B000F0BD4FF0FF30FAE7142F0400F0B585B0E2
:1041C0000746002500680E4602F03AF900950DF109
:1041D0000F0339793868202203F0ECFC0346AB4228
:1041E000386805DA02F048F94FF0FF3005B0F0BD4D
:1041F00000950DF10F0339799DF80F40212203F04E
:10420000D9FC0346002B3868ECDB9DF80F3044EAFC
:10421000032402F031F93A7B1923934024B21C4461
:10422000A4B264235C43144134802846DEE710B511
:104230000C46FFF7AFFE0028A3BF4FF60953E380FB
:1042400003206FF08B0010BD10B50C46FFF72CFF5C
:104250000028A3BF4FF60A73E38003206FF08B00A2
:1042600010BD10B50C46FFF7A9FF0028A3BF4FF6FD
:104270000263E38001206FF08B0010BD73B50A4626
:104280000C46232105460BF081F8684603F08AFCB2
:104290006946002241F2055311F8010B03EB431369
:1042A0000344B2FBF4F004FB102001322E5C082A18
:1042B00086EA03062E54EFD1002341F205529C42B8
:1042C00001D102B070BDE95C02EB42120A44B3FBBB
:1042D000F4F104FB11310133685C50406854EEE79F
:1042E00010B50446FFF7CAFF034A1378591C117032
:1042F00022785340237010BDAE6B002070B5044689
:104300000E461546FFF7BAFF23780121B1FBF6F1FF
:1043100071436B40C1F101012370635C83EA152393
:10432000635470BD38B50C46054608212046FFF79A
:10433000A5FF2A7BA3795340A3716A7BE37953409D
:10434000E371237823F0010343F00203237038BDA7
:104350009A4238BF8854704770472DE9F84F984605
:104360000D9B15469A07DDE90B4906460F4623D0FB
:104370002A460A9B03EB040A1444A24220D10D9B57
:104380009B0705D5A2EB050AD14505EB0A0420D809
:104390002046BDE8F88F434639462020B0470AF151
:1043A000010ACA450AEB0B02F5D3A9EB04024C45FE
:1043B00088BF00222A44DCE7A246A5EB040BF0E705
:1043C00002F1010B1AF8010D43463946B0475A462F
:1043D000D3E74346224639462020B0470AF1010A76
:1043E000D2E72DE9F04F8FB09046189C9DF864A05D
:1043F0001A9F0593DDE91C250CB925F0100515F46D
:104400008066049600D014B315F0200F14BF4FF04F
:1044100041094FF06109A4460DF1180B0024A9F1E0
:104420000A09BCFBF7FE07FB1ECE4FFA8EF6BEF163
:10443000090F94BF30364E4476B2BC450BF8016B81
:10444000BCFBF7F604F1010401D3202C12D115F0C6
:10445000020F0DF1180C1ED105F001063AB136B16C
:10446000BAF1000F02D115F00C0F00D0013A4FF055
:10447000300E07E0B446D4E7202C06D006AB03F894
:1044800004E001341B9B9C42F6D326B130269442B3
:1044900001D2202C32D1EB0622D5049B9BBB94B3D6
:1044A0001B9BA34201D094422DD1661E2AD0102F0F
:1044B0004BD1023CAF064CD4202C4CD004F1380335
:1044C0000DEB0306782706F8207C0134202C42D01F
:1044D00004F138030DEB0306302706F8207C013485
:1044E000202C38D0BAF1000F1FD004F138030DEBA7
:1044F00003062D2706F8207C01342DE00CF804601B
:104500000134C4E73446102FD4D0022FDED1202C42
:1045100021D004F138030DEB03066227D3E704F141
:1045200038030DEB03065827CDE76E0705D504F1D8
:1045300038030DEB03062B27DCE72B070CD504F122
:1045400038030DEB03062027D4E7022F3446BFD1F2
:10455000DFE7202CE3D12024CDE90225CDE900C4FA
:10456000059B4246FFF7F9FE0FB0BDE8F08F000053
:104570002DE9F04F93B0CDE90A32DDE91C430E93EB
:1045800053EC102BCDE90801104619468DED060BB2
:104590001E9E09F007F980B1DDE90601C84B4FF016
:1045A000FF3209F027F940B9DDE906014FF0FF328B
:1045B0006FF4801309F000F970B10E9B1E96CDE9DF
:1045C0001C439DED060BDDE90A32DDE9080113B05D
:1045D000BDE8F04F00F08CB9DDE9060100220023B0
:1045E00009F0EAF8002800F03681DDE906A303F1BE
:1045F000004BCBF30A5016F48063A0F2FF3008BFE3
:1046000006240F9308F0FCFD9DA3D3E9002308F0D6
:1046100061FE9DA3D3E9002308F0A6FCCBF31305AC
:10462000894645F07F518046A64B0022504641F412
:10463000401108F097FC96A3D3E9002308F04AFE46
:1046400002460B464046494608F08EFC09F0DCF86D
:10465000054608F0D5FD90A3D3E90023804689469E
:1046600008F038FE984B002208F07EFC09F0CCF8E8
:104670008BA3D3E9002307464946404608F02AFEAB
:1046800080463846894608F0BBFD87A3D3E900235E
:1046900008F020FE02460B464046494608F062FC00
:1046A00002460B46CDE90C2308F014FEDDE90C238D
:1046B000804689461046194608F056FC834BCDE9E2
:1046C000100100224046494608F02EFF804B002290
:1046D00008F04AFC02460B464046494608F024FFD3
:1046E0007C4B002208F040FC02460B4640464946FF
:1046F00008F01AFFDDE90C238046894600204FF0C0
:10470000804108F02FFC02460B464046494608F01F
:104710002BFC02460B46DDE9100108F005FF07F20D
:10472000FF376D4B002208F01FFC00223B0508F00C
:10473000D1FD52465B468046894609F05BF8002869
:1047400040F08C80CDE90C8905F16303C62B8CBF4A
:104750000527042731051ED555A3D3E9002350466C
:10476000594609F03DF8002800F0828052A3D3E9B1
:1047700000235046594609F01FF8002878D0AC4273
:10478000C8BF04F1FF344FF00007CCBF641B002406
:1047900046F480663D460E9B9F4234BFA3EB07085C
:1047A0004FF0000816F0020903D0002F18BF4FF099
:1047B00000083DB150465946DDE90C2308F0B4FE2F
:1047C00082468B46DDE906010022002308F0F4FF53
:1047D00010B10BF100439B4626F40063CDE9018341
:1047E000DDE90801DDE90A324BEC10AB009400F082
:1047F0007FF802465FB316F0200F00F10104DDE9F7
:1048000009130CBF65204520089EB047052305937A
:1048100000220A23002DCDE9023207F1FF374FEACB
:10482000D573B8BF6D4201932246DDE908010A9BAA
:1048300004970095FFF7D5FD0246B9F1000F06D0A9
:104840000B9BC41A0B9B1A190E9BA34246D8104609
:1048500013B0BDE8F08FDDE906ABCAE61C4B0022C1
:104860004046494608F060FE013DCDE90C016BE78A
:10487000002C90D00F9B002B8DD0013C8BE700BF0C
:10488000FB799F501344D33FB3C8608B288AC63F3F
:1048900061436F63A787D23F71A379094F930A40A1
:1048A0001655B5BBB16B0240EF39FAFE422EE63F1A
:1048B0002D431CEBE2361A3F0000000080842E419D
:1048C000FFFFEF7F0000F83F0000E03F00002C40BA
:1048D00000002440000018400000F03FDDE909130B
:1048E000089D2020A8470134ACE700BF000000006D
:1048F0002DE9F04F5BEC10AB97B0CDE90501CDE9A8
:104900000723504652465B465946DDE92048229F20
:1049100008F048FF70B90323CDE902870193A44B47
:104920000093DDE90501DDE90723FFF716FD17B068
:10493000BDE8F08F4FF0FF326FF4801350465946B8
:1049400008F03AFF28B104230193CDE90287994B7F
:10495000E6E7994B4FF0FF325046594608F04AFFC0
:1049600050B178074CBF04220322CDE902874CBF27
:10497000924B934B0192D3E789A3D3E9002350468E
:10498000594608F037FF38B987A3D3E900235046CA
:10499000594608F011FF68B1DDE90723DDE905019B
:1049A0004BEC10ABCDE92187209417B0BDE8F04F58
:1049B000FFF7DEBD002200235046594608F0FCFEFA
:1049C000B8B15B4652460020002108F0CBFA012323
:1049D00082468B46099317F4806F08BF06240EAAFF
:1049E000A4F1200923463021092B04D8E41A994662
:1049F00007E00990EFE7013B4B4502F8011BF3D1BB
:104A000020245946504608F0FFFE6E4B03EBC903C5
:104A100093ED007B05468DED0A7B08F0F1FB024625
:104A20000B465046594608F09DFADDE90A2308F086
:104A300051FC02460B46CDE90C2308F00DFF06465B
:104A400008F0CEFB02460B46DDE90C0108F08AFABD
:104A500002460B46CDE90C235B4B002208F0CAFE50
:104A6000B8B10136304608F0BBFB02460B46DDE923
:104A70000A0108F0ABFE08B101350026B9F1000FBC
:104A800014D00EAB1A190A21202C40D1A144302297
:104A90004FE0DDE90C014C4B002208F08DFE0028B0
:104AA000ECD10EB1F107E9D50136E7E7284608F069
:104AB000A7FB02460B465046594608F053FA424BB4
:104AC000002208F079FE10B9013525F001050EAB82
:104AD0001A190A21202C0AD095FBF1F001FB105580
:104AE000303502F8015B013405460028F2D107F0A9
:104AF0000302012A37D1B8F1000F34D0099A12B954
:104B000017F00C0F01D008F1FF38302222E0B6FB7D
:104B1000F1F001FB10633033092E02F8013B09F17B
:104B2000FF3904F10104B1D90646ADE70EA90A55D3
:104B30001C46202CCBD04C4504F10103F6D104F1E6
:104B400058020DEB02042E2204F8202C1C46BEE76E
:104B50001A550134A04506D9202CF9D1CDE9028798
:104B600001940EABDCE6202CF8D0099B3BB104F19C
:104B700058036B442D2203F8202C0134EEE77A070A
:104B800004D504F158036B442B22F4E73B07E5D529
:104B900004F158036B442022EDE700BFAFF300801F
:104BA0000000000065CDCD410000000065CDCDC105
:104BB0005A0C04005E0C0400FFFFEF7F510C040050
:104BC000560C0400482F04000000E03F38B50446AE
:104BD0004518AC4200D338BD291B204606F094FA94
:104BE0000028F8DB0444F4E738B50C4691F840108F
:104BF0004029054605D12046FFF7E8FF002384F849
:104C000040302DB194F840305A1C84F84020E554CF
:104C100038BD00002DE9F04F8DB09B460B1E06936A
:104C2000B64B169E904614BF8146994600259BF8C8
:104C3000000060B9454506992CBF08F1FF322A46AD
:104C400043460020C84728460DB0BDE8F08F252810
:104C50000BF1010B06D02A4606996C1C4346C84747
:104C60002546E4E700230CE02D2A1FD0302A05D08A
:104C7000A2F1300009280ED8002729E043F00103F3
:104C80008B46594611F8012B2B2A12D0ECD8202A3A
:104C900012D0232A13D02A2A33D156F8047B002FAE
:104CA000BCBF43F002037F428B4618E043F002038F
:104CB000E6E743F00403E3E743F00803E0E743F0EB
:104CC0001003DDE70A2000FB0722A2F130078B4624
:104CD000594611F8012BA2F130000928F2D99BF8AE
:104CE00000202E2A44D19BF80110A1F130000928A0
:104CF0000BF1010243F4806331D800244FF00A0C19
:104D000006E00027EBE70CFB0411A1F1300402469A
:104D1000104610F8011BA1F1300EBEF1090FF2D9B7
:104D2000114611F8010B6C282CD024D8682830D0FB
:104D30006A2837D011468B461BF8010B67285DD8CF
:104D4000572832D8452807D085D9462800F0DA8080
:104D5000472880D143F4006343F02003E6E02A298A
:104D600007D156F8044B0BF1020224EAE474D7E7AA
:104D70005A460024D4E7742801D07A28DAD143F4C3
:104D80008073D8E750786C28F9D143F44073911CB4
:104D9000D1E75078682802D043F08003CBE743F096
:104DA000C003F4E743F40073C5E7A0F158020F2AEB
:104DB0003FF651AF01A151F822F000BF574E03005A
:104DC000574C0300574C0300574C0300574C03004B
:104DD000574C0300574C0300574C0300574C03003B
:104DE000574C0300574E0300514F0300574E03002A
:104DF000294F0300094F0300294F0300A0F1690266
:104E0000D2B20F2A3FF627AF0121914049F2410C5F
:104E100011EA0C011AD10A2A00F0D680072A7FF481
:104E20001AAF56F8042B43F011030A20002A40F071
:104E30002D81CDE9020305230193314B009306999F
:104E400043462A464846FFF788FA6BE06F2840F051
:104E50002D8108220BE0582810D0622800F0248110
:104E600023F0100364284FF00A0200F0278123F09A
:104E70000C0323E17828F3D11022F8E743F0200354
:104E8000FAE758060DD596F90010CDE90224CDE9D0
:104E9000047300294FEAD1730193B8BF49420091CE
:104EA00013E0190640F11D81B6F90010EDE7002965
:104EB0007FF4BDAED80506F1040A0FD5CDE9047321
:104EC000CDE902240191336800932A4606994346AE
:104ED0004846FFF786FA56460546A8E6590607D51E
:104EE0003178CDE904730023CDE902240193D6E79C
:104EF000316813F0800F18BF89B2F2E759430300FD
:104F0000630C040043F02003CDE90173073626F05B
:104F100007060094B6EC020B069943462A4648461B
:104F2000FFF7E6FC054682E667280ED0CDE901735F
:104F3000073626F007060094B6EC020B06994346A6
:104F40002A464846FFF714FBECE743F40063EDE71D
:104F500013F0020423D04FF0010A6B1C079306994B
:104F600016F8040B43462A46C8475CB3079A5446D2
:104F70001EE0069943462020C84705EB0A020AF1C5
:104F8000010A5745F5D8002F07F1FF3308BF00236A
:104F900007F1010A1D4408BF4FF0020ADDE7A246EF
:104FA000EBE7551C069943462020C84701342A46A2
:104FB000A742F6D8079AA7EB0A03574538BF002344
:104FC0001A440792079D32E63246002C52F8046BD1
:104FD000079214BF21464FF0FF313144324610781A
:104FE00008B1914211D1A2EB060A13F48062099232
:104FF00002D0A24528BFA24613F002030A931BD198
:10500000AAEB05032A46089308E00132E7E7531CA0
:105010000B93069943462020C8470B9A089BD31848
:105020009F42F4D8A7EB0A03574538BF00230AF183
:10503000010202EB030A1D44AB1B089304E01C466B
:10504000069943462A46C847089B9D1916F8010B46
:1050500028B1099B002BF3D0631E002CEFD10A9BD3
:1050600093B12A46AAEB050405E0561C069943466F
:105070002020C847324613199F42F6D8A7EB0A03EF
:10508000574538BF00231D44079ED0E5CDE90403F2
:105090001023CDE9011300920699039443462A4652
:1050A0004846FFF79EF93DE70222E0E63FF6E2AE12
:1050B000692823F010037FF4D5AE0A22590548BFB2
:1050C00023F00103692803F4007102D064287FF4FF
:1050D000EEAE00297FF4ABADD90506F1040A7FF5E9
:1050E000D0AE3168D1E600BF0FB410B594B016AAA7
:1050F000002152F8043B02928DF84C10009203A953
:105100004FF0FF320748FFF785FD9DF84C1004462D
:1051100003A8FFF75BFD204614B0BDE8104004B0C3
:10512000704700BFE94B03000EB40FB505AA014656
:1051300052F8043B0392009204484FF0FF32FFF70D
:1051400069FD04B05DF804EB03B070475143030000
:105150000CB41FB506AC0A4654F8043B0094014653
:1051600004480394FFF756FD04B0BDE8104002B0B8
:10517000704700BF5143030010B594B000220346AE
:105180008DF84C2000914FF0FF3203A90548FFF73E
:1051900041FD9DF84C10044603A8FFF717FD20467B
:1051A00014B010BDE94B030007B501218DF80700CD
:1051B0000DF10700FFF70AFD012003B05DF804FBC5
:1051C00038B505460AF0FDF9044601462846FFF7C2
:1051D000FDFC03480121FFF7F9FC601C38BD00BF4E
:1051E0009C0A04000B680E2810B5A2EB030209D03C
:1051F0000F281BD00D2803D132B113F8010B0D304D
:105200000B6003E0012A02D86FF01B0010BD1A46A4
:10521000002012F8024B5B7864F3070063F31F2051
:1052200040BA80B200F20D101346E9E76FF04C006F
:10523000ECE7042907B50A4601D9F4F7A9F90023D8
:10524000019321B102AB0146981A0AF0ACF901981A
:1052500000BA03B05DF804FB0168034682B00A4659
:10526000002052B943F8012909BA02AA0191121A81
:1052700002A98A4204D102B070470130120AF0E755
:1052800012F8011B03F8011FF2E770B504460C2B5E
:105290000846217803D893401943217070BDB3F5B7
:1052A000867F04EB000608D80D2505FA02F21143AB
:1052B0000D3B217001303370F0E70E2505FA02F244
:1052C00011436FF4867213445BBA2170235202308B
:1052D000E4E7F7B581420446019117461D4615D211
:1052E00011F8016B814201D1FF2E0FD001912246AE
:1052F00001A93009FFF776FF2246388006F00F003B
:10530000FFF770FF2860019803B0F0BD0020FBE7B5
:1053100038B50C4600B109B9F4F73AF9B0F90430E0
:10532000002B0ADA056828460AF04BF9294602469E
:105330002046BDE838400AF060B801682046BDE864
:1053400038400AF01EB900F110030246C08930B59A
:105350001C46A8B125888D4200F1FF3011D1E31A17
:10536000580902F150056FEA930303F00703012186
:1053700099402B5C23EA01032B546388106818447E
:1053800030BD0434E5E737B50546FFF7DCFF4FF6DF
:10539000FF74014650B100230193686801AB0DF121
:1053A0000202FFF796FF019B1BB91C46204603B083
:1053B00030BD012B01D10478F8E7022B01BF03882F
:1053C00063F30F0464BAA4B2F0E773B5064615465A
:1053D0000AB9F4F7DDF8FFF7B6FF0146C0B10024C3
:1053E0007068019401AB0DF10202FFF772FF0199A1
:1053F000A14207DB042908DCFFF71BFF28602046D9
:1054000002B070BD6FF04C00FAE76FF01B00F7E7D9
:105410006FF00100F4E72DE9F04F032A85B00E4646
:10542000016001EB02094FF00001054641608181F6
:1054300000F1500BA0F85010816004D86FF04C00C0
:1054400005B0BDE8F08F717809B9042AF6D1347837
:1054500004F00F04082CF1D804344FF00008344451
:1054600005F1100A4746A14502D80394214608E0F9
:10547000611C03912378FF2B12D1A9EB0103696012
:10548000AB814945DAD86B68EF8103B9696005F1F2
:10549000540206212846FFF798FF90BB0020CFE773
:1054A00018094A4603A90193FFF79CFE031E0093C7
:1054B000C4DB019B4A4603F00F00FFF793FE002870
:1054C000BCDB009B9844CBB10F2F1ED818F0010F06
:1054D0000CD0F908FB431BF801C003F007030122BD
:1054E00002FA03F343EA0C030BF80130A41BAAF8F9
:1054F0000080AAF8024001370AF1040A039C044420
:10550000B1E74FF0FF336B65C8E76FF00B0097E72B
:105510002DE9F3411468074615461E4644B9FFF7C6
:1055200012FF04462860E0B9002002B0BDE8F08117
:105530004FF000080023ADF80630786833460DF1CF
:1055400006022146FFF7C5FE0028EDD0B8F1000F96
:1055500003D1BDF80630002BE6D1336803442B603D
:10556000E3E74FF00108E5E70C21FFF70CBF2DE959
:10557000F34789469DF828A014461D46804610B181
:105580000AB1012B01D8F4F703F8002300932E464B
:10559000494601AB6A464046FFF7BAFF014658B993
:1055A000009B13B904F801AB013E0023681C237073
:1055B000801B02B0BDE8F087019FBB1CB34209D835
:1055C00004F801AB3A4620463C44F71B09F0EBFFD8
:1055D0007E1EDDE76FF01B00EBE773B50646154650
:1055E0001C46FFF7B0FE014628B9286020704FF036
:1055F000FF3002B070BD706801AB0DF10202FFF721
:1056000068FE0028F3D001990429F0DCFFF711FEB1
:1056100003092B6000F007032370C0F3C000E8E724
:1056200038B50C46032C11461D4601D9F3F7B0FFDF
:1056300043EA0414049B4370BDF8143044F0400462
:105640005BBA047043800430904202D02A4609F0CD
:10565000AAFF281D38BD2DE9F043174602681278CD
:1056600085B0054602F00F090E46D1B112F0300F99
:105670000CBF4FF002084FF001080C98043000EB0B
:1056800009049C4227D803AA4FF481712846FFF7EA
:105690009CFE78B971090139C9B2062905D9F3F719
:1056A00077FF89464FF00308E7E7039A01238B4011
:1056B000134213D12A6853885BBA9BB2CDE90063C9
:1056C00004324B4641463846FFF7AAFF2F6020467A
:1056D00005B0BDE8F0836FF01B00F9E76FF08B00B9
:1056E000F6E7F8B504460D461F461646002150223F
:1056F000083009F04BFEF61B25603D446560A6812D
:10570000F8BDF8B59142069E05461F4601D9F3F74C
:105710003FFF0024531A047004220121FFF7B5FD56
:105720002246014633462846FFF7AFFD04462EB118
:1057300032463946281809F036FF34442046F8BD71
:105740002DE9FF47C6890F2E04460F46914698461D
:1057500004D96FF01B0004B0BDE8F08736B1033602
:1057600030F826608E4201D9F3F712FF4FF0000A9D
:10577000BB1B0422012103A8ADF80CA08DF80EA0DC
:10578000FFF783FD434605465246514603A8FFF7FF
:105790007CFDA38905444544AB42DAD3CDF80080B3
:1057A0004B463A4631466068FFF7ABFFE28904EBAF
:1057B000820001320782D4E90013591A41822B4436
:1057C0006360A389E2815B1BA3812846C3E710B510
:1057D0000C4604F108031146221DFFF7FEFE431C90
:1057E0001CBF227A636860721ABF043293400023A0
:1057F0000130236018BF012010BD2DE9F047074696
:105800009DF820808A4615461C4623B302EB030907
:1058100000262B7843450CBF6A1C2A4615462B7878
:10582000434504F1FF3404D0A94502D00135002CD2
:10583000F5D1AB1A03D1B8F12F0F07D136B15146CC
:105840003846FFF77DFF002807DB0644002CE0D137
:105850003046BDE8F0871846FBE76FF01B00F8E71D
:105860002DE9F04391B01446DDF860901F46804664
:1058700008B9F3F78DFE0029FBD0002AF9D0B9F161
:10588000000F24D0002BF4D009F101052544402D50
:105890001FD8224668466E4609F085FE77B1B9F1F9
:1058A000000F0BD004F140036B443D22013403F898
:1058B000402C39464A46301909F075FE2B463246CF
:1058C0000F214046FFF73CFF11B0BDE8F0834D4685
:1058D000DCE74FF0FF30F7E737B5044601A80D4687
:1058E0000192FFF7B9FC01AA034629462046FFF7BB
:1058F00027FF03B030BD70B50C46054608B9F3F775
:1059000047FE0029FBD0084609F05BFE224603460D
:1059100023212846BDE87040FFF712BF11F00101B6
:1059200009D0838963B143685A1C4260FF221A7010
:105930008189013989B28181D0E90003181A704741
:105940006FF01B007047C068704770B5044602F0E6
:105950003DFB0023638422460123A0772374232385
:10596000638252F8123B9D692046AC460223BDE893
:105970007040062160471B2910B511D81B2911D88A
:10598000DFE801F03110131B25252D101010101029
:105990001010101010501010101010371047104138
:1059A00028293BD06FF0850010E0012B01D8F3F7D8
:1059B000EFFD838A1380022008E0072BF7D9D0F887
:1059C00016301360D0F81A305360082010BD022B37
:1059D000EDD1418C490748BF08231380EBE7022B28
:1059E000E5D1438AF9E7022BE1D1C37F138001207F
:1059F000ECE7012BDBD1438C13F0200F14BF012304
:105A000000231370F3E7012BD1D1438C13F0020F65
:105A1000F4E7012BCBD190F91030F2E7022BC6D17D
:105A20000423DAE7012BC2D96623D6E710B50C466A
:105A3000062C11461A4607D8062C0BD8DFE804F0CE
:105A40000D0A171F2B2B3E00192C4ED01B2C43D0B8
:105A5000172C38D06FF0850008E0022A01D0F3F748
:105A600097FD0B88FF2BFAD8C377022010BD022ABE
:105A7000F5D800238382143009F095FDF5E7082A54
:105A8000EDD80023C0F81630C0F81A30163009F0EF
:105A90008AFD0820EAE7022AE1D10B88022B04D014
:105AA000082B07D06FF06900E0E7438C23F0040374
:105AB0004384DAE7438C43F00403F9E7022ACED1AA
:105AC0000B884382D1E70A78438C12B143F020035C
:105AD000EEE723F02003EBE70A78438C12B143F0A2
:105AE0000203E5E723F00203E2E7012BB7D191F9C6
:105AF000003003741046B9E7006F704738B50D46A3
:105B0000A0F1280412B1537884F8743094F87530F9
:105B10003BB10D48FFF754FB94F875300BB1F3F728
:105B200037FD012384F87530022D4FF0040384F80B
:105B3000763005D0032D02D16FF00F03236738BDF7
:105B40006FF07503FAE700BF690C040090F84D3060
:105B500010B5A0F128043BB10748FFF731FB94F8DA
:105B600075300BB1F3F714FD012384F8753002236F
:105B700084F8763010BD00BF6B0C0400422914D0AD
:105B800005D8102918D01A2906D0FFF7F4BE5729D6
:105B9000FBD190F857300CE090F85630022B14BF30
:105BA0000223012313700020704790F97430002BFA
:105BB00007DB137001207047B0F9243013800220F6
:105BC00070476FF08500704737B5044600F1160541
:105BD0002946F4F7D7FE237F03F07F032375637F05
:105BE00063752A4604F1140104F12800FDF7A0FCB6
:105BF00000281BDB2046FFF7A8FEB4F84E30ADF8B6
:105C000006300DF1060202230021204694F955507A
:105C1000FFF70CFF064A012317212046FFF706FF76
:105C200020466368A58405219847002003B030BD55
:105C3000982F040070B5044628300E46FDF746FC48
:105C4000051E0DDB4FF0030384F8763008D1304693
:105C5000FDF781FD10F0FF031CBF0233DBB22367A9
:105C6000284670BD2DE9F04106461F4686B056F81D
:105C7000283F05460C4631B92AB99B68304606B024
:105C8000BDE8F0411847D3F80C80214601AB3046FF
:105C9000C047804637B19DF80430AE3B3B809DF84D
:105CA0000530BB70237803F02703212B15D1AB6A95
:105CB0001A68520711D4DB6B9BB90223ADF8083088
:105CC000A3788DF80A300023039302AB049303A951
:105CD000032328460593FFF7ADFF404606B0BDE815
:105CE000F0810DF10301304698470028E5DB9DF86F
:105CF0000330002BE1D0F0E7EFF3108272B60368B7
:105D00001943016082F310887047032910B5A0F190
:105D100028040ED0042907D001290CD0636820463E
:105D20000021BDE81040184702214430FFF7E4FF8E
:105D3000F4E70421F9E70821F7E710B5044601214B
:105D40006C30FFF7D9FF636820460021BDE81040A2
:105D500018470629F7B504460E4615461F4600F1BA
:105D6000280007D806290BD8DFE801F0310A131CF8
:105D70000A0A2700142965D01A2951D0102938D0D1
:105D80003B462A463146204603B0BDE8F040FFF7C7
:105D90004DBEA36A00211B6C98470028F0DB2B88BE
:105DA000A387EDE7A36A01211B6C98470028E7DB76
:105DB0002B6863636B68A363E2E7A36A02211B6C31
:105DC00098470028DCDB2B88A4F84C30D8E71388F0
:105DD000ADF8023094F850308DF80430072294F872
:105DE00055308DF8002069468DF80530FDF733FCFD
:105DF000C6E707238DF80030B4F84E30B2F90050F2
:105E0000ADF80230694694F850308DF804308DF8C2
:105E10000550FDF720FC002800DBA58403B0F0BD91
:105E20001378012B04D0022B07D06FF08500F5E723
:105E300003B0BDE8F040FDF757BC03B0BDE8F0404B
:105E4000FDF73EBC1178A36A49009B6B01F0FE018F
:105E500003B0BDE8F040184770B5044600F12805CE
:105E6000EFF3108272B6E36E23F00801E16682F36D
:105E700010881E0704D502212846FDF71DFAEFE71A
:105E8000EFF3108272B6E36E23F00101E16682F354
:105E90001088D80701D50321EEE7EFF3108272B620
:105EA000E36E23F01001E16682F31088D90601D574
:105EB0000421E1E7EFF3108272B6E36E23F00401F0
:105EC000E16682F310885A0703D501212846FDF7C1
:105ED000F3F9EFF3108372B6E16E21F00206E66685
:105EE00083F310888B0704D500212846FDF7E4F9D9
:105EF000314619B994F875302BB970BD0848FFF7D1
:105F0000F3F8F3F745FB84F875102046636894F8BE
:105F1000761098472846BDE87040FDF7D1BB00BF1A
:105F20006D0C040010B5A0F1280410214430FFF7D7
:105F3000E3FE636820460021BDE8104018470000DA
:105F4000094B10B500F13401A0F12804186806F0DF
:105F500020FEEFF3108272B6E36E23F00103E366D6
:105F600082F3108810BD00BFFC37040010B5044652
:105F7000FFF7E6FF044B228C186804F13401BDE8FA
:105F8000104006F01FBE00BFFC370400054B036045
:105F9000054B0364054B0363054BC0E91930002032
:105FA000704700BF9C2F0400B82F04000B5D030056
:105FB0003B5D030050B1EFF3108272B6054B1968D8
:105FC0000160186082F31088002070476FF01500A0
:105FD000704700BFB06B002010B9024B18687047C3
:105FE00000687047B06B002073B50D46064608B9CF
:105FF000F3F7CEFA082903D90024204602B070BD79
:106000000A4B1C68002CF7D069462046FAF794F832
:10601000684609F0D6FA854206D12A4669463046D6
:1060200009F0EBF90028E8D02468EBE7B06B00201A
:106030002DE9F843002381460D460B6014461AB93A
:106040006FF01500BDE8F8833A21104609F0B5F964
:1060500068B3204609F0B5FA25210746204609F025
:10606000ACF90646D0B100F10108404609F0A9FAA2
:1060700001464046FFF7B8FF28608046304609F0E9
:10608000A0FA3F1AB8F1000FDAD03A462146484646
:10609000FDF782FB0028D3D00020D3E7FFF79CFF59
:1060A0002860FFF799FF0028EFD02E60EDE76FF032
:1060B0008500C7E770477047014608B50248FFF7FB
:1060C00013F800F0B7FAFEE7740C040030B503468D
:1060D000EFF3108472B6094A094D10680144A942D1
:1060E00005D8084DA94202D31160421C03D10C22ED
:1060F0001A604FF0FF3084F3108830BD9C0C0020F4
:106100000000042098750020014B188800B27047E9
:1061100060310020032303604FF0FF3070471946C1
:10612000104605F00BB81946104604F0EDBF1323D6
:1061300003604FF0FF307047132303604FF0FF30D0
:106140007047132303604FF0FF30704702294FF070
:10615000000303608CBF002001207047F4F788B96A
:1061600002F01803102B70B5C2F3C105D4B23BD0B6
:1061700002F00702AB00032A30D8DFE802F0021E6B
:106180002708A20648BF43F4407343F003036607A1
:1061900005D0012D25D0032D01D143F00C030122A0
:1061A0008A4001F5E07164064CBFC0F80825C0F8CC
:1061B0000C2540F82130002070BDA6064CBF43F4EA
:1061C000E06343F4C06343F00103E0E7A20602D5B5
:1061D00043F4A063F7E743F48063F4E743F002037A
:1061E000D5E743F00403DAE76FF08500E4E7000049
:1061F0000C2907D841F21903CB40DB0706D44FF036
:10620000FF30704740F20C639942F8D110F0200F34
:1062100000F01F00044B00F5E07008BF4FF0A043F2
:1062200043F82010002070470003005010F0200FAA
:106230000A4A08BF4FF0A04200F01F03D2F814151D
:1062400001209840014214BFD2F80435D2F810352D
:106250001840003818BF0120704700BF00030050ED
:1062600000F01F0200F020000123002803FA02F3CF
:10627000054A08BF4FF0A04211B1C2F80835704777
:10628000C2F80C35704700BF00030050024B0122DA
:10629000C3F80425704700BF00D000400F4B70B515
:1062A00001220F4CC3F8042301441A604FF4005537
:1062B0000022884205D10122C3F808235A6070BD2C
:1062C00020BFD3F80061002EFAD0D3F8086500F89B
:1062D000016BC3F80021C4F88051EAE700D0004008
:1062E00000E100E00C23054A4343D358044AC3F8B5
:1062F0000823044B03EB8000F3F7CCBCC02F040051
:1063000002020001B46B002038B54FF0402540F484
:106310000073C5F80433044601211A48F3F742FC20
:10632000D5F8043113B10023C5F80431022C0BD089
:106330004FF04023D3F84C15D3F84825914203D0B1
:10634000D3F82421002AF5D04FF04023D3F824219C
:106350000AB9002038BD0022C3F82421D3F8C42490
:10636000910705D50222C3F8C4246FF00500F1E7B8
:10637000D3F8C4245207ECD50422C3F8C4246FF028
:106380000400E7E7B46B002038B59DF8105018B949
:1063900012B1581EFE2801D9F3F7FAF815F00900DA
:1063A0001BD14FF04024C4F88815C4F84425C4F824
:1063B00048356B075CBF4FF40073C4F800324FF0F0
:1063C00001034CBFC4F800020220A36048BF4FF095
:1063D0008070BDE83840FFF797BF6FF05E0038BDB2
:1063E00038B5054608B1F3F7D3F84FF0402412480A
:1063F00001210560F3F7D6FB40F20C61C4F80055AB
:106400000B20FFF7F5FE40F20C610C20FFF7F0FEC9
:106410000B23C4F808350C23C4F80C354FF0CC73AB
:10642000C4F8243505492A462046F4F74BFA0623DA
:10643000C4F8003538BD00BFB46B0020E56203002E
:1064400008B5024608B1F3F7A3F80A494FF0402017
:10645000F4F73AFA4FF040230B22C3F808250C2238
:10646000C3F80C254FF0CC72C3F824250622C3F8DC
:10647000002508BDE562030008B5034608B1F3F73F
:1064800087F84FF04020C0F80035BDE80840F4F729
:1064900035BA00002DE9F341089F9DF824800E468F
:1064A00014461D4618B913B17B1EFB2B01D9F3F717
:1064B0006FF818F0090F24D101211348F3F772FB8C
:1064C00018F0020F1148E3B21BBF240A0470012424
:1064D000022414BF437003703A462946204409F051
:1064E00062F8E319094ACDF8008031460020FFF731
:1064F0004BFF04460448F3F7CDFB204602B0BDE84D
:10650000F0816FF05E04F8E7B86B0020BC6B0020F0
:1065100010B59DF8084018B912B1581EFE2801D9CF
:10652000F3F736F814F00D0F12D14FF04020BDE80C
:106530001040C0F88815C0F83425C0F838354FF43D
:106540008053C0F80032012303600220FFF7DCBE55
:106550006FF05E0010BD37B5069C9DF81C50ADF87D
:10656000062018B913B1621EFE2A01D9F3F710F8FC
:1065700015F00D0F24D14FF040220220C2F88815EB
:10658000A90743BFBDF8061049BAADF806100121AE
:1065900048BF0221C2F848154FF040220DF1060114
:1065A000C2F84415C2F834354FF48453C2F8384564
:1065B000C2F8003201239360FFF7A6FE03B030BD9E
:1065C0006FF05E00FAE700002DE9F34102F1604C44
:1065D000BCF5802F9DF8208006460F4615461C46C8
:1065E00006D2CDF8208002B0BDE8F041FFF7CCBE66
:1065F000013BFE2B01D9F2F7CBFF01210B48F3F74A
:10660000D1FA224629460A4808F0CDFF2346084A17
:10661000CDF8008039463046FFF7B6FE0446034801
:10662000F3F738FB204602B0BDE8F081B86B0020DC
:10663000BC6B002000234FF440311A0102F180426C
:106640000133092BC2F80819F7D1FEE708B5F4F7B2
:106650007BF8064B01225A6005494FF40030086070
:106660000021C3F808151A6008BD00BF00100140E2
:1066700000E100E0014BD3F8040570470010014031
:10668000064B1960064B1A60064B20F07F404FF412
:106690008032C3F84005C3F804237047C86C00205B
:1066A000C46C002000100140024B4FF48032C3F84C
:1066B0000823704700100140014B01221A60704707
:1066C0000010014010B5134CD4F84031012B0BD110
:1066D0000023C4F840314FF480330F4AC4F8083324
:1066E0000E4B10681B689847D4F80431012B07D172
:1066F00000230B4AC4F804310A4B10681B68984702
:10670000094B1B682BB1094B4FF080525A60BFF305
:106710006F8F10BD00100140C46C0020C86C0020B9
:10672000BC6C0020C06C0020D030002000ED00E0E8
:106730000B4B012210B51A60D3F80021002AFBD0C0
:10674000D3F8084500220120C3F80021586019231E
:1067500063430B804FF602634A808A80CB8010BD72
:1067600000C00040F8B5204E06EBC00305461F7977
:106770000024A74209D81D4B1B682BB11C4B4FF0BE
:1067800080525A60BFF36F8FF8BD56F835C00CEBDE
:106790008403D3F84011012923D100221548C3F8FE
:1067A00040210C2303FB05031A7A42FA04FE1EF073
:1067B000010F16D093F809E04EFA04FE1EF0010F07
:1067C00008D1A14022EA01021A724FF48033A3409B
:1067D000CCF808330C236B43C2182146C3585068C9
:1067E00098470134C5E700BFEC2F0400D0300020EB
:1067F00000ED00E0CC6C0020032808B501D9F2F7C9
:10680000C7FE0A2008BD0000032808B501D9F2F729
:10681000BFFE092996BF02480020C84008BD00BF3E
:106820000024F4000328F0B502D94FF0FF30F0BD8A
:106830001F4D0C2444432E192A5173601D4BC60072
:1068400053F8304003EBC000012540796560C4F87F
:1068500008050020C4F80405E560174DA9421AD1C7
:106860009919C4F81005087900210D46884218D8F6
:106870006AB133449A7993F90630002B07DB012380
:10688000510902F01F0293400C4A42F821300123C3
:1068900023600020CBE701300A284FEA5505DDD1FF
:1068A000C3E701F15007013144F82750DEE700BF8C
:1068B000CC6C0020EC2F04000024F40000E100E088
:1068C000F0B5164E06EBC0031B798B4222DDEFF3C9
:1068D000108772B6124B0C2505FB003301241D7A7C
:1068E0008C4025431D725D7A25EA04045C7287F3AF
:1068F000108856F8304004EB81030020C3F840258F
:10690000C3F84001D3F840314FF480338B40C4F8D2
:106910000433F0BD4FF0FF30FBE700BFEC2F040065
:10692000CC6C0020134B03EBC00210B512798A42E5
:106930001DDD53F830204FF480338B40C2F808330C
:10694000D2F80042012303FA01F124EA01040A4BC0
:10695000C2F800420C2202FB0030037A23EA010352
:106960000372437A23EA01034372002010BD4FF003
:10697000FF30FBE7EC2F0400CC6C0020064B03EB50
:10698000C00253F83030127903EB820301221A64FB
:10699000D3F84005704700BFEC2F04002DE9F84FF5
:1069A000DFF8A48008EBC00A05469AF804308B4251
:1069B000164642DDFFF7E2FF8419EFF3108772B647
:1069C0001F4B58F835B00C2202FB05334FF001097C
:1069D0001A7A09FA01F002431A725A7A0BEB81080B
:1069E00022EA00025A720023C8F84045C8F8403134
:1069F000D8F840314FF480338B40CBF8043328462D
:106A0000FFF7BCFF9AF805200E4B53F82230241AEA
:106A10001C40A6420CD2D8F840314BB9CBF80490B8
:106A20002846FFF7ABFF4844C8F84005CBF8009074
:106A300087F310880020BDE8F88F4FF0FF30FAE7A9
:106A4000CC6C0020DC2F0400EC2F0400024B53F828
:106A5000303001221A607047EC2F0400024B53F8CB
:106A6000303001221A617047EC2F04000020FFF73C
:106A700079BE0120FFF776BE0220FFF773BE032028
:106A8000FFF770BE70B50C4615460146002840F071
:106A900093804B4A4B4EC2E90053C6F86C052DB1AA
:106AA0001820FFF7A5FB1823C6F814350321192079
:106AB000FFF79EFB434B1922C3F80C25B4F5614F39
:106AC0004FF0FF32C3F80825C3F8102552D020D864
:106AD000B4F5615F47D011D8B4F5965F41D008D8BE
:106AE000B4F5966F2FD0B4F5166F37D06FF08500E0
:106AF00070BDB4F5165FF9D1334A26E0B4F5E14F25
:106B000034D0B4F5164F33D0B4F5964FEED12F4AAA
:106B10001BE02F4A944233D00AD8B4F5E13F2BD082
:106B2000B4F5613F2AD0B4F5963FDFD1294A0CE095
:106B3000B4F5612F27D0284A944226D0B4F5E12F2E
:106B4000D4D1264A01E04FF49E22C3F824251D4BE0
:106B50000822C3F80025DDB90020C9E74FF41D2243
:106B6000F3E71F4AF1E74FF46C12EEE71D4AECE73A
:106B70001D4AEAE71D4AE8E71D4AE6E71D4AE4E741
:106B80004FF08062E1E71C4ADFE74FF08052DCE71C
:106B900001211A4AC3F83815C3F834251022C3F866
:106BA0000423D3F8002242F02002C3F80022196027
:106BB000134B04221A60CFE76FF0120098E700BF72
:106BC000006D0020002000400050270000A04E0073
:106BD00090D0030000903A0140420F0000705F0720
:106BE00000B0130000F0750000509D0000F0EB00B5
:106BF00000E0D70100B0AF0300D0BE0EFC6C002057
:106C000000E100E008B508B1F2F7C2FC024B012236
:106C10005A60C3F8000508BD002000402DE9F0418E
:106C20000D4688B0164608B1F2F7B2FC1C4CD4F8F9
:106C300000352BB111F0005723D16B46B74202D378
:106C400008B0BDE8F081A6EB0708B8F1200F28BF17
:106C50004FF0200842461846E91908F0A4FC00222B
:106C6000C4F820210122C4F844050346C4F848852D
:106C7000A260D4F82021002AFBD00122E260474420
:106C8000DCE70123C4F82001C4F84415C4F8482502
:106C9000A360D4F82031002BFBD00123E360CFE7C1
:106CA0000020004008B50D4BD3F810215AB1002246
:106CB000C3F81021D3F83C352BB1094B09491A68A8
:106CC000097858689047084B1B682BB1074B4FF069
:106CD00080525A60BFF36F8F08BD00BF0020004094
:106CE000006D0020FC6C0020D030002000ED00E0A2
:106CF0000129F0B504460ED1012A4FF0000507BF67
:106D00001030A57604F1700084F87A5004600272A5
:106D10004172436003E0881E012801D90020F0BDC4
:106D200004F11C050126012A14BF05F160072F4656
:106D3000384697F809C0BCF1000F07D1BE72013682
:106D4000082E05D00C350028EDD0DFE70020F6E74F
:106D50000028DBD1E2E7017A0368827A012907D1B2
:106D60002AB9D3F8D0304FF48062C3F804237047B7
:106D7000002AFCD1D3F8D0304FF40002F5E7017AB5
:106D80000368827A012907D12AB9D3F8D0304FF4A9
:106D90008062C3F808237047002AFCD1D3F8D030B2
:106DA0004FF40002F5E7D0F8D03001225A65704761
:106DB0000268837AD2F8D02010B40BB9C2F85C31E3
:106DC000047A0121994014B94C3342F823405DF80C
:106DD000044BC2F86C14FFF7BEBF38B5D0F8D03002
:106DE000D3F8002104466AB10022C3F8002104212F
:106DF000436880F8D4209847D4F8D0300122C3F8F3
:106E0000042338BDD3F85821002AFAD0D3F800540F
:106E1000EA0502D5436806219847AB0503D56368A8
:106E2000072120469847D4F8D0300022C3F85821D3
:106E300040F60172C3F800244FF48002DFE700003F
:106E4000F8B5867A04680F461546A6BB8B0701D0B5
:106E5000F2F79EFB017AD4F8D030012915D16AB936
:106E600094F8D420022A09D1196504F11000A3680E
:106E70009847042384F8D4302846F8BD0122C3F88B
:106E80000076C3F804565A60F6E7C3F80077C3F8F3
:106E9000042794F8D410012908D11965032384F834
:106EA000D43004F17000A3689847E5E70229E3D1E4
:106EB0000122DA64E0E7017AD4F8D0301422012903
:106EC00002FB063214D1C2F8007603EB8603C2F847
:106ED00004560C4A8220C2F81C0C5960D3F80811E1
:106EE0000029FBD00021C3F80811C2F81C1CC3E71D
:106EF00006F59476C2F80077C2F80457012243F8E9
:106F00002620B9E700700240027A08B503680AB18A
:106F1000F2F73EFB0A4AD3F8D0308221C2F81C1C9B
:106F2000817A03EB810301219962D3F830110029A2
:106F3000FBD00021C3F83011C2F81C1C08BD00BFF3
:106F40000070024008B5837A0BB9F2F721FB0039D3
:106F5000027A18BF012103F0070343EA0123511EFF
:106F60004A424A4143EAC2130268D2F8D020C2F82A
:106F7000183508BDFFF7E6BF38B5044621B1012931
:106F80002DD06FF0850038BD012B01D0F2F700FB4A
:106F90002168A57A1278007AD1F8D010AB4082B17E
:106FA00048B9D1F814251343C1F814352046FFF72A
:106FB000FFFE0120E7E7D1F810251343C1F8103593
:106FC000F4E7DB4328B9D1F814251340C1F8143590
:106FD000EFE7D1F810251340C1F81035E9E7012B90
:106FE000D4D11178FFF7AEFFE3E7012908B50ED140
:106FF000012B01D0F2F7CCFA1278D0F8D0101AB1E8
:10700000C1F80435012008BDC1F80425FAE76FF086
:107010008500F8E7032908B504D0042902D06FF0F1
:10702000850008BD012B01D0F2F7B2FA13700120E0
:10703000F7E7012908B504D002291CD06FF08500BC
:1070400008BD012B01D0F2F7A3FA0368D3F8D010E2
:10705000837A007A50B903F5887301EB83014B689A
:10706000003B18BF012313700120E9E703F5847387
:1070700051F82330F4E7042BE5D10368817A007AD4
:10708000D3F8D03030B901F5947153F82130136042
:107090000420D5E7142000FB0133D3F80836F6E7C7
:1070A000F8B5837A0468027A0546002B5BD194F820
:1070B000D410002A4AD1032907D184F8D42008210A
:1070C000A368C9B22846984733E0D4F8D030D3F843
:1070D0005C1199B3C3F85C21D3F80027D3F880641E
:1070E0001670D3F88414C9B25170D3F88804D3F859
:1070F0008C7440EA07205080D3F89004D3F894743D
:1071000040EA07209080D3F89804D3F89C7416F0D6
:10711000800F40EA0720D0800CBF022201220529FF
:1071200008BF002284F8D420D3F88434DBB2052BC6
:10713000C5D12846BDE8F840FFF70DBED3F8282199
:1071400082B3C3F82811FFF7DFFEB8E7042902D1A4
:1071500084F8D430B3E7D4F8D020D2F8281109B39A
:10716000C2F82831ABE7012AD4F8D0600ED1D6F8A6
:107170006C149A40114215D00023C6F86C24C6F84E
:1071800060314FF08073C6F8043398E7D6F86C246A
:10719000103301279F403A4204D0FFF7B5FEC6F8EE
:1071A0006C748CE74FF0FF318AE700004FF080539A
:1071B00010B5D3F80431B3F1413F01D1F2F7E8F94A
:1071C000174AD0F8D03049F275310324C2F8001CB8
:1071D000C2F8144DC2F8001C0121C3F80015D3F801
:1071E00000140905FBD5D3F8001421F40061C3F89D
:1071F000001449F275340021C2F8004CC2F8141D85
:10720000C2F8004C0122C3F8002502F1A07280F8F8
:10721000D410C3F80023034B80225A6010BD00BF76
:1072200000E0064000E100E008B508B1F2F7B0F96F
:10723000004808BD086D0020034B044A1A60044A48
:10724000C3F8D020704700BF086D00200C30040048
:10725000007002402DE9F041444CD4F8D030D3F80E
:107260000021A2B1D3F80023D00710D50121C3F823
:1072700008136368204698473D4B1B682BB13D4B74
:107280004FF080525A60BFF36F8FBDE8F081D3F8A2
:1072900058215AB1D3F80023510207D54FF4800288
:1072A000C3F80823314863680121E4E7D3F85C217F
:1072B00052B1D3F800331A0206D52F48A368012132
:1072C00098472D48FFF75BFDD4F8D030D3F828213C
:1072D000C2B1D3F800335B0514D594F8D41001295A
:1072E00005D12648A36898472448FFF748FD94F83D
:1072F000D430022B06D12048A368012198471F48AB
:10730000FFF73DFDD4F8D030D3F86021002AB3D088
:10731000D3F86C24002AAFD00022C3F86021D3F840
:107320006C840C260127B8F1000FA5D098FAA8F5B7
:10733000B5FA85F5102D10DDA5F110007043231866
:1073400093F8793023B17030A36801212044984725
:1073500007FA05F528EA0508E5E706FB05F0231816
:107360005B7E002BF4D01030EEE700BF086D0020EC
:10737000D030002000ED00E0786D0020186D002076
:1073800011F15C0F10DB0A4BD3F86C2622F47F421C
:10739000C3F86C26D3F86C265C31890842EA0122D6
:1073A000C3F86C26002070476FF01500704700BFCF
:1073B0000010004000207047014B187802387047D9
:1073C000736E00200A4BD3F86C26022902F00702E4
:1073D000C3F86C2605D001F0FD0101290CBF032183
:1073E0000021D3F86C261143C3F86C1600207047B7
:1073F00000100040032906D8DFE801F002070D1154
:10740000084B12881A8000207047074913680B60E8
:1074100053684B60F7E7054B12881A80F3E76FF06B
:1074200085007047EE6D0020E66D0020E46D0020C1
:10743000084631B9044B1278197862F304111970B7
:1074400070476FF085007047A00C0020022911D80A
:107450000A4A0B48525C4B1C9B0003F0040343EAAE
:10746000C203027803F00C0322F00C0213430370F2
:10747000002070476FF08500704700BF3C3004006B
:10748000A00C0020002ADFBF064BB2FA82F2197866
:107490005209DDBF62F34101002019706FF08500D1
:1074A000704700BFA00C002038B591F9052002F10B
:1074B0002803DBB2302B30D8194BD3F8500508B174
:1074C000F2F766F8897805256FF0310411FB054164
:1074D000012AC3F8081503DDC3F80C25002038BDC8
:1074E000002A02DBC3F80C05F8E7111D01DBFC22C2
:1074F000F2E712F1080F01DBF822EDE712F10C0FB1
:1075000001DBF422E8E712F1100F01DBF022E3E7E0
:107510001432ACBFEC22D822DEE76FF01500DEE7B4
:1075200000100040F8B5234C234E2378D6F85005C0
:10753000DBB21D46032931D8DFE801F00219202A09
:1075400013F0FB0332D0D6F85035003B18BF0123AF
:1075500022B12078042808BF0321117093B90023B9
:107560002370154B4FF44022C3F800220EE0461E54
:107570007142714131B9EDB2257007E020F0080188
:10758000042902D16FF00A00F8BD23700020FBE748
:10759000D91E012994BF002101210AB9F1F7F8FF92
:1075A000D81E4342434113700025E3E7002AD0D19F
:1075B000D5E700BFF06D002000100040012904BF96
:1075C000044A13784FF0010004BF23F00103137045
:1075D000FFF744BAA00C002008B5064BD3F8FC2FE7
:1075E000012A04D10022C3F8FC2FF3F797F80020FA
:1075F00008BD00BF0010004038B5104C0846217887
:107600008D1E954217D883B10C4414F8014C3F2CC1
:1076100098BFA200A4F15D0494BFD2B2FF22502C07
:10762000A8BF5024523C5A701C7005492A4607F0E6
:10763000BAFF284638BD6FF06800FBE7736E002084
:10764000746E0020064BD3F8502522B10022C3F8F7
:10765000102101221A61D3F85025002AFBD170476E
:107660000010004008B503292DD8DFE801F002170B
:107670002B42264B1B78DA0745D413F0020F244A1D
:107680000CBF4FF440234FF4C723C2F8003201234C
:107690001360204ADBB21370002008BD1D4B1A781E
:1076A00012B11B78022B2ED1FFF7CCFF184B1A4AD0
:1076B000C3F804254FF44022C3F8002201225A6087
:1076C0000223E6E70AB9F1F763FF13782BB9114BF0
:1076D0001A7812B11B78022B15D1FFF7B3FF0C4BB0
:1076E0004FF44022C3F800220C4AC3F804250023BB
:1076F000CFE7FFF7A7FF064B4FF40062C3F8002265
:1077000001225A60F3E76FF00F00C6E7A00C0020DB
:1077100000100040F06D0020736E0020F16D00201D
:10772000064B1B781A075DBFC3F3800383F0010388
:10773000DBB202230B700020704700BFA00C0020BA
:1077400070B50C4609B9F1F723FF094E0025A26870
:1077500032B1681C6168304407F025FFA3681D44FE
:107760002468002CF3D1024B02351D70204670BDF9
:10777000F16D0020204B10B50022204C1A70D4F877
:10778000FC3F23B9F2F7B2FF0123C4F8FC3FD4F861
:10779000503523B10023C4F81031012323610F2396
:1077A000C4F81035164BC4F814357F23C4F81835C7
:1077B000A723C4F860360020124BC4F84406C4F86E
:1077C000483640F20223C4F834350F4BC4F838353C
:1077D000C4F83C05D4F8503643F00103C4F85036E1
:1077E0004FF44023C4F80032084B02221A60084BC1
:1077F000C4F8043310BD00BFF06D0020001000403D
:1078000008000006FF0700FF2110010000E100E072
:10781000084006000C4B0D4A10B500241C700C4BA0
:107820004FF224411C7001202346FEF7FBFFA042CB
:1078300001DAF1F7ADFE0120FFF710F9054B204604
:10784000C3F8FC4F10BD00BF736E0020BD75030070
:10785000F16D002000100040674BF0B51C68674BCD
:10786000D3F8382189B052B10021C3F83811644BE4
:107870001A78012A36D1A3680221204698475F4B27
:10788000D3F8442162B10022C3F844215C4B1A783A
:10789000012A05D003221A700521A36820469847C3
:1078A000564BD3F848216AB10022C3F84821544B03
:1078B000A268197801294FF004011970204618BFF9
:1078C000052190474D4BD3F80C213AB34C4E00277D
:1078D000C3F80C713278012AD5B208D0022D28D015
:1078E000F1F756FE1B78022BC9D1A368C5E7454ABC
:1078F000454B19781378132943F001031370294677
:1079000034BF0C2228222846FFF748F82846FFF704
:107910009DF8A36837700421204698473B4B1B68AD
:107920002BB13B4B4FF080525A60BFF36F8F09B0C1
:10793000F0BDD3F80034002B5AD0324B1B781D0712
:1079400003D53770A3680321E6E7324F7A789007B2
:1079500005D55907C3F3800201D43270F2E74FF620
:10796000FF7301AA04A92C48ADF80C30FBF771FB9A
:1079700002AA054606A92848FBF71DFB7B785B0792
:107980000FD1022801D008280BD12448022202A9D5
:1079900007F0ECFCF8B12148022203A907F0E6FC4D
:1079A000C8B1022201A903A807F0E0FC28B11B48D6
:1079B000022201A907F0DAFCB0B9022D0ED1184855
:1079C0002A4604A907F0D2FC28B116482A4604A981
:1079D00007F0CCFC40B900233370B3E7082D03D186
:1079E00011482A4604A9F3E7044B01229A6095E75F
:1079F000A368012190E700BFE06D00200010004067
:107A0000F06D0020A00C0020F16D0020D03000208F
:107A100000ED00E0736E0020746E0020E46D002025
:107A2000EE6D0020A42E0400E66D0020024B0360E2
:107A3000024B1860704700BF40300400E06D00202A
:107A40002DE9F0471446814618460E461F46F3F7C7
:107A5000EBF9002C08BF1024002506F1FF3AB542CF
:107A600001D1BDE8F0870D48F3F7EAF905F1010807
:107A700019F80500F3F7CCF9B8FBF4F304FB138312
:107A80000BB1AA4508D10A20FDF78EFBAA4503D009
:107A900008EB0700F3F7C8F94546E0E7BE1F04000E
:107AA000092810B528D801211548F2F77BF8154BA5
:107AB00015490122C3F80025D3F82C06884212D0BC
:107AC000C3F83026C3F82C161049C3F81815002146
:107AD000C3F81415C3F8F415C3F81011DA60D3F81D
:107AE0001021002AFBD0074B05480024C3F80045AD
:107AF000F2F7D0F8204610BD4FF0FF30FBE700BF93
:107B0000F86E002000700040F66E002000120200A7
:107B1000092838B50D4601D9F1F73AFD022938D8C0
:107B2000092818BF441C4FF001011B4808BF0D2451
:107B3000F2F738F8194B01220021C3F80025C3F8E9
:107B4000F055C3F81045C3F800111A60D3F80021AE
:107B5000002AFBD00022C3F8042101225A600F4BF7
:107B6000D3F80421002AFBD00022C3F814210122FB
:107B70009A60D3F81421002AFBD000220648C3F8EB
:107B80000025F2F787F8064BB3F9000020EAE07011
:107B900038BD4FF0FF30FBE7F86E0020007000406A
:107BA000F66E0020024A034603CA18605960704707
:107BB0006000001013B59DF810400194012400945A
:107BC000FEF7C9FC02B010BD1FB58DF80F309DF84F
:107BD00018300193012300930DF10F03FEF75AFCB7
:107BE00005B05DF804FB0C212220FEF701BB00006C
:107BF00010B50321084C2920FEF7FAFA4FF4007360
:107C0000C4F80C3503212A20FEF7F2FA4FF4806302
:107C1000C4F80C3510BD00BF0003005008B5FFF7D5
:107C2000E2FF0020FEF7DCFBFEF710FDFEF72EFB67
:107C3000BDE80840FFF700BB2DE9F84306460C46B7
:107C4000FEF7DAFD00F1FF38C14600254D4510D1A1
:107C500029463046FEF7D8FDA042074616D2B5B1F8
:107C6000691E3046FEF7D0FDC7EB440484420ED9AE
:107C70000EE005EB09077F0839463046FEF7C4FDE4
:107C800084423CBF7D1C4F46B946DFE702D83846E8
:107C9000BDE8F8834545FAD2A0EB0408691C3046DC
:107CA000FEF7B2FD8044A045E1E70000032A70B56D
:107CB00015D80D4601EB82060024B54211D11F4DA7
:107CC000002355F8046BA64216D21D4C54F82350DD
:107CD000C4790534E31AC371D5B9002315E0F1F76F
:107CE00057FC55F8043BA34201DD1C46E5E75B4227
:107CF0009C42B8BF1C46E0E70133052BE1D1ECE71D
:107D000051F8234020F8134001339342F8D170BD5D
:107D10006E0800249442FAD051F82430002BB7BFEB
:107D2000F31A9B19B3FBF5F35B42A8BFB3FBF5F362
:107D30001BB220F814300134ECE700BF9C30040083
:107D400088300400222806D8034B53F8201011B1C4
:107D50000248FDF7C9B97047D0300400BFFD0300E9
:107D60000F30C0B21E289ABF014B185C002070472C
:107D7000B03004002DE9F0410D4686B0044608B14C
:107D8000032905D93F4806B0BDE8F041FDF718BA10
:107D90003D48FDF7A9F9A3791F2B0FD1032D01D081
:107DA000F1F7F6FBB4F90030B4F90220B4F904108D
:107DB000364806B0BDE8F041FDF796B9202B07D054
:107DC000DFF8EC800027AF420CD106B0BDE8F081AF
:107DD000032DE5D1B4F90030B4F90220B4F9041050
:107DE0002B48E6E7A3791B2B03D828FA03F3DB071C
:107DF00020D494F90700FFF7B3FF06460920FDF7EA
:107E0000D3F9012D18D023483946FDF76DF934F91F
:107E10001710AEB120483246FDF766F9A079012867
:107E200003D9192801D0FFF78DFF1C48FDF7C8F9C9
:107E30000137C8E70026E1E71948FDF755F9E6E7FD
:107E400094F907201AB91748FDF74EF9E6E7531DD4
:107E5000DBB2042B0CD803A8F2F7B7FF08289FD891
:107E600000F118036B4403F80C6C0F4803A9EBE70F
:107E70000B460C2100920DEB01000C4AFDF768F94E
:107E8000F3E700BF970C0400B50C0400BB0C040022
:107E9000CC0C0400DD0C0400E30C0400AA0A04006E
:107EA000BC1F0400EB0C0400F10C0400F70C0400F0
:107EB0008F010208042808B506D11046FBF7ECFC38
:107EC000003818BF012008BD07F02EFB6A230360AD
:107ED0004FF0FF30F7E700002DE9F04F2C4A2D4915
:107EE0002D48DFF8D080DFF8D0A08BB0FDF7FCF88C
:107EF000F2F710FA0546F2F723FA0446F2F71CFAF5
:107F0000C5F50073CDE900402A4624484FF40071BE
:107F1000FDF7EAF825EAE57508F180094FF40077E6
:107F200058F8044F24B32079F2F74CF9266B2279E4
:107F30001B4B31460A2A88BF53468346A06A0993E1
:107F4000F2F7C1F82268B4F906100692A26A099BFA
:107F5000CDE904023744361A0396226B0292627905
:107F600001920093E26A0F485B463544FDF7BCF886
:107F7000C845D5D10C4B0D487A1BCDE90252CDE94D
:107F800000370B4A1946FDF7AFF80BB0BDE8F08F8C
:107F9000B31D0400010D0400060D0400560D04007D
:107FA000FF0C0400A60D0400FA290400EC0D0400E7
:107FB000E80D0400DC300020FD0C0400024B013809
:107FC000002218605A607047006F00200849094875
:107FD0000B68094A10B54C68584302FB0400A3FB28
:107FE0000232013340EB0200C1E9003010BD00BF96
:107FF000006F00202DF451582D7F954C07B50421BA
:108000000DEB0100FEF74AF90198FFF7D7FF03B027
:108010005DF804FB884270B5064601D3F1F7B8FA63
:108020000D1A691EB5FA85F32942C3F11F0209D161
:1080300001249440013CFFF7C9FF20408542FAD952
:10804000304470BD1F2A04D0C3F1200301249C409A
:10805000F0E74FF0FF34EEE738B505680C46A86846
:10806000297BFFF755FD2B6998470D232080A371CD
:108070002B79E371012038BD08B5B1F90020037AEE
:1080800032B9007903F00101FEF7EAF8012008BDDA
:10809000DB43F6E738B5057A00790C46FEF7C6F8FB
:1080A00005F0010568401923C0B2E380208001205B
:1080B00038BD000070B5144C14492046EEF79EF808
:1080C000002805DABDE8704011480021FDF70CB822
:1080D000104A114D114B5460164610469560D360FE
:1080E00000F090F90E4BF36106F11000C6E905456A
:1080F00000F088F90B4BF362C6E9094506F1200050
:10810000BDE8704000F07EB9386F002004320400F2
:10811000100E0400086F0020420E0400F0F8030067
:10812000E4F80300D8F8030070B5104C104920465D
:10813000F0F71CFD002805DABDE870400D4800216D
:10814000FCF7D2BF0C4A0D4D0D4B5460164610463D
:108150009560D36000F056F90A4BF361C6E9054516
:1081600006F11000BDE8704000F04CB9686F0020C7
:10817000143204004B0E0400486F00207B0E0400F4
:10818000242E0400182E040010B50C4C0C49204677
:10819000FBF7EFFD002805DABDE810400948002193
:1081A000FCF7A2BF084A094B54609360BDE8104039
:1081B000074BD360104600F025B900BFB46F002014
:1081C00020320400820E0400A46F0020B30E0400CD
:1081D000082F040070B5144C14492046FBF75AFED2
:1081E000002805DABDE8704011480021FCF77CBF8B
:1081F000104A114D114B5460164610469560D360DD
:1082000000F000F90E4BF36106F11000C6E90545D8
:1082100000F0F8F80B4BF362C6E9094506F12000BF
:10822000BDE8704000F0EEB8F06F00202C32040082
:10823000BB0E0400C06F0020ED0E04003C2F0400B4
:10824000302F0400242F040010B50A4C0A4B0B48B1
:1082500023600021FCF748FF094A0A4B9360052080
:10826000094B5460D360FFF71BFCBDE81040044885
:1082700000F0C8B81070002038320400F60E040078
:1082800000700020250F0400E03104002DE9F743C1
:108290001A4C1B4D1B4EDFF87090002741F211085D
:1082A000E18823686C600C29AB6024D828FA01F3BC
:1082B00013F0010F0CBF33464B46EB602079FDF7FE
:1082C00097FF237A13F0060F08D003F00403ADF8EC
:1082D0000030EB6869465B682046984728460137BE
:1082E00000F090F8032F04F10C0405F11005D7D12C
:1082F00003B0BDE8F083034BDFE700BF4C3204005E
:1083000014700020F8310400EC310400054A002309
:108310005360054B1B6893601046044BD36000F01C
:1083200071B800BF44700020D82F0400CC2F040087
:1083300010B5104C1049204602F0A6FC28B1BDE84B
:1083400010400E480021FCF7CFBE0D490D4B0E4AE0
:108350004C608B604C618B610C460C4BCA600846CC
:10836000CB6100F04FF804F11000BDE8104000F0C0
:1083700049B800BF7470002070320400470F040039
:1083800054700020760F04009437040088370400EE
:1083900010B50B4C0B49204604F08AF920B1BDE81A
:1083A00010400948FCF70CBF084A094B5460936021
:1083B000BDE81040074BD360104600F023B800BF63
:1083C00094700020783204003AFD0300847000208D
:1083D0007D0F0400DC37040008B5FFF735FFFFF719
:1083E00055FFFFF793FFFFF765FEFFF79DFEFFF7D1
:1083F000CBFEFFF7EFFEFFF79BFFBDE80840FFF75E
:10840000C7BF0000074A136840B10021016013B9DB
:108410001060002070471A461B68F8E76FF01200E2
:10842000704700BF9C700020054B0246186800236F
:10843000934200DA00B9704700680133F8E700BFE3
:108440009C700020054A0346106800B97047C26856
:10845000127A9A42FAD00068F7E700BF9C700020B9
:1084600038B5074B1C6805460CB9204638BDA068D6
:10847000294607F086F80028F7D02468F4E700BF03
:108480009C70002018B1C36840681B6818476FF0E3
:108490001200704718B1C36840685B6818476FF0F6
:1084A000120070476FF085007047000000F0C002B6
:1084B000402A00F03F0306D0802A0BD072B1FF287B
:1084C00010D109490BE0052B0CD8084A52F82310AB
:1084D00029B970471C2B05D8054AF7E70549064816
:1084E000FCF702BE704700BF803204006C34040009
:1084F000983204008A320400BFFD03004269013251
:1085000001D004F009BB83685B68184708B508B957
:10851000F1F73EF8002301600371836029B9BDE8DB
:10852000084001210830F1F73DBB08BD2DE9F84FA7
:10853000894692461E46044608B9F1F729F80379A0
:10854000FBB9EFF3108372B60D4600F1080B2768F4
:10855000C7BB55B983F31088B9F1000F0CBF6FF09A
:108560000A006FF07300BDE8F88F83F310885EB9DE
:1085700001215846F1F716FB2379FBB15846F1F774
:1085800089FB6FF08B00EEE75046FFF7B7FF3246EE
:1085900080465946504604F0B3FC05465046FFF766
:1085A000ADFFA0EB08039E4281BFB5FA85F5B0444C
:1085B0006D09A8EB000698BF3D46DDE7EFF3108399
:1085C00072B6C4E7013F276083F31088B9F1000F4A
:1085D00000D00FB90020C6E704F10800F1F75AFBFC
:1085E000F8E708B508B9F0F7D3FFEFF3108272B6D9
:1085F0000368591C04D182F310886FF08A0008BD0B
:10860000591C016082F310880BB10020F7E7083095
:10861000F1F740FBF9E7000070B5012896B0064677
:108620000C4640F3D0804D686849284606F0A9FF03
:10863000002851D1022E0BD121686548FCF754FD6A
:108640006448FCF7BDFD21686348FCF74DFD07E079
:10865000A16806A802F02FFF20B16048FCF7B0FD2A
:10866000012037E0BDF83A20BDF83840ADF81400DD
:1086700004239A420093ADF816400FD1584906984A
:1086800006F0BBFE50B941F233630999002C08BFD4
:108690001C46ADF8164019B95248DFE75248DDE7ED
:1086A000BDF8402001A8FBF777F808B94F48D5E797
:1086B0004F48FCF785FD0C996846F0F7EDFD18B1C1
:1086C0004C48FCF77DFD04E04B48FCF779FDF0F7E2
:1086D00095FE002016B070BD4849284606F051FFAF
:1086E000002846D1022E02D121684548ADE7ADF8F9
:1086F0001600A168684602F0C0FC002801DA414873
:10870000ACE7BDF8145055B9F6F7D5FD012806D1F0
:108710002846F6F7CEFDB0F88231ADF814300423C8
:108720000093BDF816301BB941F23363ADF8163033
:10873000A1683548FCF7D8FC0DF10305002415F8B5
:10874000011F32480134FCF7CFFC102CF7D1BDF8E3
:1087500016102F48FCF7C8FC402206A96846F0F71F
:1087600083FD20B906A92B48FCF7BEFCB1E72A48D7
:10877000A7E72A49284606F004FF68B9F0F704FE87
:1087800008B927489DE7C21C01D1264899E7013066
:108790000CBF2548254894E72549284606F0F1FEF8
:1087A00058B9F0F70BFE08B922488AE7C31CECD091
:1087B00001300CBF2048214883E72149284606F0B4
:1087C000E0FE002883D021681E483EE78C0F04009D
:1087D000950F0400BC0F04001210040040100400A8
:1087E00083080400821004005B100400AB10040036
:1087F000C9100400011104001E1104003711040007
:1088000040110400651104008411040005040400F3
:108810009B110400A0110400C4110400F511040010
:10882000FC1104001112040033120400631204004E
:108830007B12040082120400A4120400E01204005F
:108840001AF90300051304002DE9F04F91B080469A
:1088500004914FF0FF3116461C46F8F77BF80221D1
:1088600007464046F8F776F8032105464046F8F7F4
:1088700071F8804625B96FF0150011B0BDE8F08F92
:108880000028F8D0D5F8049045687FB37B68B3F929
:108890000270B3F906A0E36DD8F8082008339B1ADC
:1088A0001BB203932B78812BE5D1AB88B4F8AC20B5
:1088B0005BBA9BB29A42DED194F82830FF2B09F1C3
:1088C000080B16D1ED8828226DBA594606A8FBF789
:1088D0006FF8ADB299F807309FB90093D8F8081037
:1088E00039482B4606AAFCF7FFFB25E0DFF8FCA081
:1088F000D1E704F128015846FAF7DFFF0028E1D15B
:10890000B9E7324905930822584606F02FFD059B2A
:1089100048B199F80820FF2ADFD199F8092002F020
:108920000F02022AD9D1CDE900532948D8F80810FE
:108930003B4606AAFCF7D8FB039B002B37D0254803
:108940001946FCF7D1FB1AF5004F03D022485146D7
:10895000FCF7CAFBBEB14FF47A722048B6FBF2F1C5
:1089600002FB1162FCF7C0FBD4E912329B1942F101
:108970000002C4E91232236DB342636D88BF2665DD
:10898000B34238BF6665C5F3C50104F16000ED432D
:10899000435C05F007050122AA4013420DD0636C29
:1089A0000F4801336364FCF70BFC002065E7049B70
:1089B000002BC8DB0B481946C3E713434354236C11
:1089C000094801332364EEE768130400D62E04003F
:1089D0003F1304008D130400BB130400C9130400EB
:1089E00037130400A31304003E1304000080FFFFAC
:1089F000C36B826D0133934213B504463AD24EF6EF
:108A00004873D0F8A4204384264B27481B8800686D
:108A10001BB2009304F1100104F1200304F03AFAB0
:108A2000E36B04F16000C3F3C501DB4303F007030C
:108A300001229A40435C23EA02034354E36B5A1C2D
:108A4000E263E26D019294F8AE20009204F12801F5
:108A5000B4F8AC20D4F8A8009BB2F3F78DFA014625
:108A6000E8B110F10C0F14D1104802B0BDE810406D
:108A7000FCF7A6BB4EF649734384036C13B9D0F8D8
:108A8000A020C1E7426D0A4BD20C5A4308BF1A46D8
:108A9000BAE7084802B0BDE81040FCF725BB02B0B9
:108AA00010BD00BF60310020FC37040088080400BE
:108AB00040420F00DC1304002DE9F04FB3B00F4625
:108AC000AE4E00218046B02206A806F05FFC81234E
:108AD00007933388ADF824304FF0FF331A93032106
:108AE0000423CDE91C13A64BD7F800A0CDE92E3303
:108AF00001255323ADF8C4302C464FF47A7BA845AA
:108B000000F3B480ACB151469E48FCF7EDFA9E48A4
:108B1000FCF7EAFA9D48FCF753FB9D48FCF7E4FAA2
:108B20009C48FCF74DFB9C48FCF74AFB9B48FCF734
:108B300047FB9B4B1D686B69013300F00981284698
:108B400003F0EAFFBDF8C430584082B2022131A8D8
:108B5000ADF8C420FBF7D2FB002C40F09C8006A9A6
:108B60000320F7F715FC06A8FFF742FF4EF64874FE
:108B70004EF6497704A8F0F7EEFFBDF81230A34295
:108B800000F0EB80BB4212D040F20122934240F051
:108B9000E8801D99834A059806ABF3F74FFA0598CC
:108BA0000021F7F79FFC169A1C9B9A42E2D30AA970
:108BB000284603F0EEFFDDE91554DDF85C801499DA
:108BC000794823462A46FCF78FFAB8F1000F03D004
:108BD00076484146FCF788FA25B12B1B64225343A3
:108BE000B3FBF5F572482946FCF77EFA1A9F7B1C09
:108BF0001BD004EB08020023DDE9180104F0ECFEB1
:108C00001B9D4FF47A72B5FBF2FCB0FBF2F302FB52
:108C10001C5502FB13000090B7FBF2F1CDE901C532
:108C2000644802FB1172FCF75FFA06A90320F7F70C
:108C3000EDFBB4FA84F4640940F20125F0F78EFFED
:108C400048B304A8F0F784FF002840F39080BDF8F3
:108C50001230AB4240F08B80059890F90C30032B1A
:108C600040F085800021F7F73DFCE7E757F82590B5
:108C700099F800202D2A4FEA850310D04A4630A9E2
:108C800010A8CDF85090FDF7D3F9044670B34A48C8
:108C90004946FCF729FA204633B0BDE8F08F99F831
:108CA0000120692A05F1010922D005D8572A3ED0B2
:108CB000632A0FD0012419E0732A25D0742AF9D130
:108CC0000135A84533DD57F8250005F0CEFF8DF8B6
:108CD000C6000BE0C84539DD3B44586805F0C5FFC8
:108CE0001C90002808BF44F001044D46013506E7FA
:108CF000C84508DD3B44586805F0B7FF4FF47A7368
:108D000058432F90F1E74D460135A845D8DD57F877
:108D1000250005F0AAFF4FF6FB73984205D92748B6
:108D2000FCF74EFA4FF0FF34B5E71D90DEE7013552
:108D3000A845BFDD57F8250005F097FF0BFB00F0B5
:108D40002E90002808BF44F00104CFE74D46B1E75C
:108D5000AB6828465B689847F4E606A8FFF748FE2C
:108D600021E7318804A809B2F0F774FE1BE73188C7
:108D700004A809B2F0F76EFE60E700BF6031002082
:108D800040420F001F1404005A14040096140400FB
:108D9000BF1404000D15040074150400C015040070
:108DA000FC3704004988030067160400B31604006A
:108DB000C4160400D7160400E7130400F9130400D6
:108DC00010B5D0E9001204460948FCF78DF9D4E942
:108DD00000120848FCF788F9D4E900120648FCF7AD
:108DE00083F9D4E900120548BDE81040FCF77CB9CE
:108DF0000C1704002E1704006017040086170400E7
:108E000010B5D0E9001204460948FCF76DF9D4E921
:108E100000120848FCF768F9D4E900120648FCF78C
:108E200063F9D4E900120548BDE81040FCF75CB9CD
:108E30000C170400A1170400F4170400861704009F
:108E400010B5D0E9001204460948FCF74DF9D4E901
:108E500000120848FCF748F9D4E900120648FCF76C
:108E600043F9D4E900120548BDE81040FCF73CB9CD
:108E70000C17040026180400F417040086170400D9
:108E8000202802D800B2F6F723BA0020704700006D
:108E90002DE9F043012891B005460C4605DD4E68EA
:108EA0009949304606F06DFB38B921689748FCF7C0
:108EB0001BF9002011B0BDE8F0839549304606F05B
:108EC00060FB002872D1022D02D1039000240CE037
:108ED000A6689049304606F054FB88B9032D0390EC
:108EE000F4D0E06805F0C1FE044607AA03A92046B5
:108EF000F4F7A5FC0028DCD007A8F4F7C3FCF4E7DE
:108F00008149304606F03DFB18B92046FFF758FF6F
:108F1000CFE7042D2FDD8049304606F032FB58BBE9
:108F2000E06805F0A2FE0646FFF7AAFF08B9314641
:108F300086E0216907A8FAF7AFFC20B92046FFF7C1
:108F40003FFF0120B6E7052D13D0606903A9FAF7AA
:108F5000B8FE03460028F1D003AA314607A8F4F76B
:108F6000FBFB0028A5DA21696C483246FCF7BCF807
:108F70009FE70023F0E7E1D16949304606F001FBA5
:108F80000028DBD1E06805F070FE0546FFF778FFAA
:108F900008B9294654E0216907A8FAF77DFC0028A2
:108FA000CCD0294607A8F4F70FFC82E75D4930468C
:108FB00006F0E7FA002840F09B80022D02D10390D2
:108FC000002515E0A6685349304606F0DAFAB8B92C
:108FD000032D0390F4D0E06805F047FE04460546F3
:108FE000FFF74EFF20B921462AE007A8F5F70AFB54
:108FF00007AA03A92846F5F7C8FA0028F5D158E7CB
:109000004149304606F0BDFA18B92046FFF7F8FE90
:109010004FE7042D1DDD4049304606F0B2FA002826
:1090200044D1E06805F021FE802207462F21206907
:10903000FAF7A2FC80463846FFF722FF20B93946EE
:109040003948FCF751F87CE7216907A8FAF724FCB6
:1090500018B92046FFF7D4FE73E7052D1ED06069CE
:10906000DFF8CC9005F001FE484506469ABF4FF464
:109070007A735E436FF00106062D11D0A06905F0EA
:10908000F4FD48450FD84FF47A73434300934246AA
:10909000334607A93846F5F7E5F90AE74FF0FF36FA
:1090A0004FF0FF33F2E76FF00103EFE71C49304662
:1090B00006F067FA0028CCD1E06805F0D6FD8022E2
:1090C00005462F212069FAF757FC06462846FFF788
:1090D000D7FE00283FF45DAF216907A8FAF7DCFB53
:1090E0000028B6D0324607A92846F5F725FAE0E66B
:1090F0000E49304606F045FA002840F09D80022DCA
:1091000018D10390002528E092220400741804006E
:109110009D180400A3180400A8180400C91804002E
:10912000F1180400F5180400AC180400FC18040041
:1091300037894100A6684249304606F022FAC8B98C
:10914000032D0390DED0E06805F08FFD0446054650
:10915000FFF796FE00283FF446AF07AB03AA294667
:109160000020F3F7FFFD00283FF4A3AE07A8F3F7B4
:1091700053FEF2E73349304606F003FA18B92046A9
:10918000FFF75EFE95E6052D3EDD2F49304606F0E1
:10919000F8F9002839D11022002103A806F0F6F8CA
:1091A000E06805F062FD802206462F212069FAF76B
:1091B000E3FB07463046FFF763FE00283FF4B7AEF7
:1091C000216903A8FAF768FB40B92049206906F035
:1091D000D8F918B12046FFF733FEB2E6616907A857
:1091E000FAF75AFB0028F5D0062D0BD0A06905F040
:1091F0003CFD80B20090334607AA394603A8F3F736
:1092000051FD56E60020F5E7E4D11149304606F05D
:10921000B8F90028DED12F2120698022FAF7ACFBB3
:109220002169054607A8FAF737FB0028D2D029465E
:1092300007A8F3F783FD3CE62168064801E700BF75
:10924000A318040092220400A818040002190400C4
:10925000F11804007418040008B501460348FBF730
:1092600043FFBDE808400248FBF7AABF0A19040003
:109270002F190400182810D818283BD8DFE800F070
:10928000223A1B1E3A202C283A3A3A3A3A3A3A3ACB
:109290002E2A3A3A3A3A3A3A3000232822D029384C
:1092A0000C2827D8DFE800F01220262622242626C4
:1092B0002626262610001048FBF716BF0F48FBE7AE
:1092C0000F48F9E70F48F7E70F48F5E70F48F3E7CE
:1092D0000F48F1E70F48EFE70F48EDE70F48EBE7DE
:1092E0000F48E9E70F48E7E70F48E5E70F48E3E7EE
:1092F0000F48E1E7704700BFB91D0400C91D040015
:10930000D61D0400EC1D0400F41D0400061E04001C
:109310000B1E0400151E0400191E04002C1E040060
:109320003E1E0400531E0400601E0400771E04004D
:109330005424040038B501460A480B4DFBF7D4FE0F
:10934000002455F834100948FBF7CEFE152C04D143
:10935000BDE838400648FBF733BF7C20FBF724FF0D
:109360000134EEE7821E04008C350400BFFD0300CB
:10937000991E040007B56946F6F7DEFE6946034804
:10938000FBF7B2FE03B05DF804FB00BFBFFD0300B6
:1093900010B50A490822044605F0E8FF48B12378D1
:1093A000FF2B08D1607800F00F00831E584258410F
:1093B00010BD0120FCE70020FAE700BFD62E040014
:1093C0007FB506460C46104602A91546FAF779FC09
:1093D00028B91448FBF7F4FE012004B070BD0090DA
:1093E00002AB002221463046F6F7BCFE002807DA21
:1093F0000D48FBF779FE2046FFF73CFF0B48E9E7F5
:109400000B48FBF771FE2046FFF734FF0948FBF7D6
:109410006BFE3046FFF7AEFF07482946FBF764FEB8
:109420000020DAE79B1E04000E1F0400AA0A0400B5
:10943000241F04007E240400542504001FB50124C9
:109440008DF80F1000940DF10F0300222021F6F784
:1094500089FE00280DDA9DF80F10074B074A0848CF
:10946000A14208BF1A461146FBF73EFE204604B053
:1094700010BD0020FBE700BF4B260400321F040094
:10948000371F0400F0B5064685B018460C4617464F
:109490001D46F1F7B1FB014668B10A2200212846BA
:1094A00005F08CFD421C039022D11E48FBF788FE7C
:1094B000012005B0F0BD1022284605F07FFD431CB9
:1094C0000390F2D00125B0F5803FEED20223009345
:1094D0003A4603AB21463046F6F744FE002809DA47
:1094E0001148FBF701FE2046FFF7C4FE0F48DDE7F9
:1094F0000025E8E70E48FBF7F7FD2046FFF7BAFE28
:109500000C48FBF7F1FD3046FFF734FF0A48FBF744
:10951000EBFD039925B10948FBF7E6FD0020C8E7FC
:109520000748F9E7551F04000E1F0400AA0A0400AB
:10953000241F04007E240400A21F0400A71F0400AF
:10954000B01F040003463038C2B2092A0BD9A3F178
:109550006100C2B2052A06D9413BDAB2052A94BF9E
:1095600018464FF0FF3070477FB500251C46012399
:10957000009316460DF10F032A468DF80F50F6F7AB
:10958000E5FDA8420EDB9DF80F30012B0AD10748FC
:1095900031460134FBF7A8FD082C03D90448FBF73A
:1095A000A3FD2C46204604B070BD00BFBFFD0300E4
:1095B000B51F04007FB5064610460D4605F055FB65
:1095C00001248DF80F0000940DF10F0300222946AD
:1095D0003046F6F7C7FD00280BDA0F48FBF784FD8D
:1095E0002846FFF747FE0D48FBF7EAFD204604B08A
:1095F00070BD0B48FBF778FD2846FFF73BFE094896
:10960000FBF772FD3046FFF7B5FE9DF80F100648D8
:10961000FBF76AFD0020EAE70E1F0400AA0A040017
:10962000241F04007E240400C11F04002DE9F0471C
:10963000A6B00446884802AFFBF756FD2046FFF768
:1096400099FE2020FBF7B0FD08230093022107F1CB
:10965000100300222046F6F779FD011E11DB01EB15
:109660004103073323F007036D46ADEB030D02AA58
:1096700007F11000FAF703FB01467848FBF734FDC9
:10968000AD46022300220093114607F1080320464D
:10969000F6F75CFD002803DB39897148FBF724FDF0
:1096A00004230093002207F10C0335212046F6F72E
:1096B0004DFD002803DBF9686A48FBF715FD02231E
:1096C0000093002207F1080329212046F6F73EFD0A
:1096D000002803DB39896448FBF706FD0223009369
:1096E000002207F1080306212046F6F72FFD002887
:1096F00003DB39895D48FBF7F7FC02230093002266
:1097000007F10A0369212046F6F720FD002804DB53
:10971000B7F90A105648FBF7E7FC01230093002233
:109720007B1D57212046F6F711FD002806DB7A79CC
:10973000504B514853F82210FBF7D6FC01230093FD
:109740000022FB1D20212046F6F700FD002809DB42
:10975000F9794A4B4A4A4B48012908BF1A46114633
:10976000FBF7C2FC4848FBF7BFFC0823009300222C
:1097700007F1100303212046F6F7E8FC051E1ADB6B
:1097800005EB4503073323F007036E46ADEB030DEE
:109790000DF108083D48FBF7A7FC4246294607F1B2
:1097A0001000FAF76CFA01463948FBF79DFC364881
:1097B000B546FBF799FC02230093002207F10A0348
:1097C00010212046F6F7C2FC002804DBB7F90A1086
:1097D0003048FBF789FC01250095BB1D00221A21AA
:1097E0002046F6F7B3FC002834DBBA792A4B2B4825
:1097F00053F82210FBF778FC0123009300227B1D15
:1098000018212046F6F7A2FC002804DB79792448C9
:10981000FBF76AFC0135012600967B1D00222321FF
:109820002046F6F793FC00283EDB0022FA71FB1D70
:10983000009622212046F6F789FC002806DBFB79FA
:10984000B34203D179791748FBF74EFC0E48FBF77A
:109850004BFC2BE00025CFE7D81F0400E01F0400DD
:10986000ED1F0400FC1F04000F2004001B20040057
:109870002820040054350400332004004B26040043
:10988000321F04003D200400B51F040048200400DE
:1098900039200400562004007035040069200400BB
:1098A0007520040089200400002DCFD1B24A002386
:1098B00014212046FFF758FEB04A034615212046E2
:1098C000FFF752FEAE4A034617212046FFF74CFE33
:1098D000AC4A034613212046FFF746FEAA4A034638
:1098E0001B212046FFF740FEA84A034626212046BA
:1098F000FFF73AFEA64A034622212046FFF734FE30
:10990000A44A00F109031F212046FFF72DFEA24AB9
:1099100003463F212046FFF727FEA04A0346382191
:109920002046FFF721FE9E4A034636212046FFF7D8
:109930001BFE9C4A034665212046FFF715FE0223C5
:109940000093054607F10803002211212046F6F78F
:10995000FDFB002804DD39899348FBF7C5FB013581
:109960000222009207F1080311212046F6F7EEFBD0
:10997000002804DD39898D48FBF7B6FB013501234A
:10998000009300227B1D07212046F6F7DFFB00280D
:1099900004DD79798648FBF7A7FB01352B46854A1C
:1099A0000E212046FFF7E0FD834A03460F212046A3
:1099B000FFF7DAFD814A034640212046FFF7D4FD38
:1099C0007F4A00F1090341212046FFF7CDFD022324
:1099D0000093054607F10803002205212046F6F70B
:1099E000B5FB002804DB39897648FBF77DFB0135A0
:1099F00015B17548FBF778FB0225002207F1080333
:109A0000272100952046F6F7A1FB704B70490028EE
:109A1000D8BF19466F48FBF767FB6B48FBF764FB41
:109A200020230093002207F1180309212046F6F7AE
:109A30008DFBB0F1000911DB00263E8707F13803EA
:109A4000009532460B212046F6F780FB4FEA1919A4
:109A500007F1180507F1380AB14511D130230093F9
:109A6000002207F160030C212046F6F76FFB002867
:109A700067DA5948FBF7A4FB9037BD46BDE8F0878D
:109A800056481AF8018BFBF72FFB2822294607F1CD
:109A90006000F9F78DFF524807F16001FBF724FBE6
:109AA0002846FFF775FCA0B14E48FBF71DFB18F0E8
:109AB000200F02D04C48FBF717FB18F0070130D0FD
:109AC0004A48FBF711FB4048FBF70EFB0136103507
:109AD000C2E72B885BBA23F03F031B041B0C4FF635
:109AE000C062934207D02B78FF2B0AD16B7803F02A
:109AF0000F03052B01D13E48D7E70E2B0FD03D4871
:109B0000D3E73D491022284605F030FC0028F6D066
:109B10003A491022284605F029FC0028EFD03848A1
:109B2000C3E708F01F08B8F1080F04D0B8F1100F10
:109B300005D0344800E03448FBF7D6FAC3E7334891
:109B4000FAE7050907F160040026B54291D02378B1
:109B5000FF2B0AD12146282207F13800F9F728FF08
:109B60002B4807F13801FBF7BFFA1748FBF7BCFA9F
:109B700001361034E9E700BF9C200400A620040051
:109B8000B0200400BA200400C4200400CE20040049
:109B9000DD200400E4200400EE200400FA2004008C
:109BA00006210400112104001821040025210400CD
:109BB0002F210400372104003D2104004721040027
:109BC0004D21040054210400B51F0400CF1F0400E0
:109BD000C91F04006F210400AA0A04007D210400AB
:109BE0008A21040096210400AF210400BA21040058
:109BF0009B210400A7210400F62E0400E62E040099
:109C0000A0210400D0210400C4210400CA210400C2
:109C1000D621040010B5014604460D48FBF764FA4E
:109C200021460C48FBF760FA21460B48FBF75CFA2B
:109C30002046FFF711FB2046FFF77CFB2146074833
:109C4000FBF752FA21460648BDE81040FBF74CBA34
:109C5000E6210400F1210400012204001E22040078
:109C60006A2204002DE9F04F012889B0814602AF35
:109C70000D4619DC00240CE00020FCF7ADF9054688
:109C8000FCF7AAF908B18442F9D12846FFF7CEFCC7
:109C90002C460020FCF7A0F98442EDD10024204698
:109CA0001C37BD46BDE8F08F4C68204605F089FCA6
:109CB00001462046FCF798F9064690B96C68A2491F
:109CC000204605F05EFC20B1A049204605F059FC75
:109CD00018B92868FFF79EFFE0E79D48FBF770FA88
:109CE00017E0B9F1020F02D1FFF7A0FCD6E7D5F8D3
:109CF00008809849404605F044FC0446002840F09E
:109D00004882B9F1040FD5F800A004DC5046FFF7F3
:109D1000A3FA0124C3E7D5E903858F48414605F03E
:109D200030FC20B18D48414605F02BFC30B92A4665
:109D300002213046FFF744FB0446B0E7884841461D
:109D400005F01FFC10B92A460321F2E78548414679
:109D500005F017FC28B92A462A213046FFF72AFCCD
:109D6000EAE78148414605F00CFC28B17F484146AE
:109D700005F007FC002842D12846F0F73DFF0146D8
:109D800048B10A220021284605F018F9B8600130D0
:109D90001CD17748A2E72022284605F00FF9B860C9
:109DA0000130F6D0012504230093002207F10803B7
:109DB00035213046F6F7D6F9002809DA6D48FBF769
:109DC00093F96D48FBF790F96C4887E70025EAE7BF
:109DD0006B48FBF789F96848FBF786F96948FBF798
:109DE00083F93046FFF7C6FA6748FBF77DF9B96893
:109DF0001DB16648FBF778F951E76548FAE7654811
:109E0000414605F0BEFB20B16348414605F0B9FB71
:109E100030B900222B4611463046FFF733FB8BE763
:109E20005E48414605F0ADFB10B92A46232194E770
:109E30005B48414605F0A5FB20B15A48414605F074
:109E4000A0FB10B92A46072187E75748414605F08D
:109E500098FB044600286CD12846C7F804D005F0CA
:109E6000B0FB4FEA500909F1070323F00703ADEBFC
:109E7000030D0E2880460DF1080A13D14B48FBF75D
:109E800033F90135002115F8010CFFF75BFB834620
:109E90002878FFF757FBBBF1FF3F01D0431C1CD1D3
:109EA000434814E0102801D14248E8E7202801D1B6
:109EB0004148E4E7302801D14048E0E7402801D19B
:109EC0003F48DCE7802801D13E48D8E73E48FBF711
:109ED00077F90124D7F804D0E1E64A08023100EB13
:109EE0000B1088450AF8020005F10205CBD8CDF821
:109EF0000090534600222E213046F6F733F9002811
:109F000001DA3248E3E73248FBF7EEF83046FFF774
:109F100031FA1D48FBF754F900251AF805102D48B1
:109F20000135FBF7E1F8A945F7D81448FBF748F9E4
:109F3000D0E72948414605F024FB00284ED12B46A6
:109F40000222112168E700BF92220400902204003F
:109F500097220400D9240400B6220400BB22040086
:109F6000C6220400D0220400DE220400E8220400FD
:109F7000ED2204000E1F0400F41D0400AA0A0400D0
:109F8000241F04007E240400A21F0400A71F040055
:109F9000B01F0400EC1D04003A2304003F2304001A
:109FA0004C2304004F2304003B24040059230400E5
:109FB000242404007623040093230400B123040026
:109FC000CF230400ED2304000B2404003F240400ED
:109FD0006324040095FD03008D240400AB48414632
:109FE00005F0CFFA48B1AA48414605F0CAFA20B1B7
:109FF000A848414605F0C5FA18B92B4600220621AB
:10A000000AE7A548414605F0BCFA024610B92B46BE
:10A01000292101E7A148414605F0B3FA044618BBDF
:10A02000284604F022FE02233881224600931021A4
:10A0300007F108033046F6F795F8002804DA984847
:10A04000FBF752F89748BDE69748FBF74DF895485F
:10A05000FBF74AF89548FBF747F83046FFF78AF9CF
:10A06000B7F908109248C5E69248414605F089FACA
:10A0700010B92A46182170E68F48414605F081FA4A
:10A08000024610B92B460521C6E68C48414605F02C
:10A0900078FA044600287FF439AE8948294605F04D
:10A0A00070FA002849D08748294605F06AFA002846
:10A0B00043D08548294605F064FA002852D08348E9
:10A0C000294605F05EFA00284CD08148294605F063
:10A0D00058FA002848D07F48294605F052FA00284F
:10A0E00042D07D48294605F04CFA00283ED07B48F6
:10A0F000294605F046FA002838D07948294605F067
:10A1000040FAA8B37748294605F03BFA80B3764871
:10A11000294605F036FA68B37448294605F031FA45
:10A1200040B37348294605F02CFA28B371482946F4
:10A1300005F027FA00B37048D0E523463B720123AF
:10A140000093002207F108031A213046F6F70AF8B7
:10A1500000286A4D12DA3B7A694855F82310FAF75D
:10A16000C3FFD6E50123E9E70223E7E70323E5E799
:10A170000423E3E70523E1E70623DFE76148FAF775
:10A18000B3FF3046FFF7F6F83B7A5F4855F82310E7
:10A1900030E65E49404605F0F4F920B90121304629
:10A1A000FFF74CF9C8E55A49404605F0EAF901467F
:10A1B0000028F4D05749404605F0E3F9044600284A
:10A1C00040F0B880B9F1030FD5F800A002D1524891
:10A1D0005146C4E7B9F1040FD5F80C8023D04F499C
:10A1E000404605F0CEF9A0B9D5F8108001252F2101
:10A1F00040224046F9F7C0FB4146B0F1000907F1A3
:10A200000800D8BF4FF04009F9F746FB68B9444849
:10A2100064E54449404605F0B4F90028D7D1D5F8A3
:10A2200010800546E3E70546E1E73B7AFF2B4FF058
:10A2300010030BD10093002207F108030C213046D4
:10A24000F5F790FF002814DA374847E5012D0CBFD9
:10A25000302110215FFA89F2009341EA022207F1CE
:10A26000080309213046F5F77DFF002801DA2F4861
:10A2700034E52F485FFA89F24146FAF735FF304658
:10A28000FFF778F80A20FAF78FFF08E59124040019
:10A290009524040099240400061E0400A024040050
:10A2A0000E1F04002C1E0400241F04007E24040042
:10A2B000C11F0400A6240400AE240400B31D040042
:10A2C000B6240400BA2404002D270400BE24040090
:10A2D000C4240400C924040081050400CE24040021
:10A2E000D1240400D4240400D7240400DD24040075
:10A2F000E3240400EB240400F3240400703504007C
:10A300003A2504005C250400542504004B26040073
:10A31000321F0400A81804001E2204007D2504003A
:10A320008D25040085250400B2250400DD250400E8
:10A33000FF2504003949404605F023F9044668BB6F
:10A34000B9F1030F02D12968354808E7ED6807F134
:10A3500008002946F9F7A0FA00283FF458AF3B7AE5
:10A36000FF2B4FF0100300934FF0000207F108039A
:10A3700007D10D213046F5F7F5FE002809DA294806
:10A38000ACE40A213046F5F7EDFE002801DA264854
:10A39000A4E429462548FAF7A7FE70E72449404679
:10A3A00005F0EFF8D5F8009008B9484692E498F81F
:10A3B00000302D2B1F4B06BF08F101084FF0000A9B
:10A3C0004FF0010A002553F83500414603EBC50B59
:10A3D00005F0D7F8174B0446C0B9012587F808A047
:10A3E00002469BF80410009507F108033046F5F784
:10A3F000B9FE002801DA104870E4397A0F4B104A90
:10A400001048002918BF1A461146F3E40135162DED
:10A41000D9D14846FEF78EFF7BE400BFF118040057
:10A420006A220400222604004E260400732604003B
:10A43000922204008C35040095260400AA0A040028
:10A440008D220400B1260400427C044B02F00F026E
:10A4500003EB02130021017499607047A070002083
:10A4600008B501460548FAF73FFE0548FAF7A8FE89
:10A47000BDE808400348FAF7A3BE00BF97270400D1
:10A48000E0270400292804002DE9F04101288EB0BE
:10A4900007460D4623DC5148FAF792FE5048FAF77A
:10A4A0008FFE0025E8B2F6F7B9FA044678B1014606
:10A4B000282204A8F9F77CFA618A237C0191617C47
:10A4C00009090246009147482946FAF70DFE013571
:10A4D000102DE7D1002420460EB0BDE8F081D1F860
:10A4E00004804148414605F04CF82E680446002897
:10A4F00046D1042F03DC3046FFF7B2FF22E0A86804
:10A50000D5E9037804F0B1FB0F280546F3D83748A6
:10A51000FAF756FE3846364903AA04F0BBFF074651
:10A520000028E8D0324903AA204604F0B3FF0028EF
:10A53000E1D004F09AFB431E802B064604D92D4837
:10A54000FAF73EFE0124C6E7394604A8F9F7A4F954
:10A55000102229490DEB020004F008FF08B9274832
:10A56000EEE7404604F081FB01230093F2B283B290
:10A5700004A9E8B2F6F770FA0028ACD12048DFE76A
:10A580002048414604F0FDFF0028B4D1A86804F03B
:10A590006CFB0F280446AED81B4D144805EB041580
:10A5A000FAF70EFEAE689EB9E0B2F6F737FA002869
:10A5B00090D0437C468223F010034374134B144A1B
:10A5C000C5E90230134B2946186802F0FBFA81E70F
:10A5D00021461148FAF788FDB4E700BF4828040077
:10A5E00080280400BC280400A8180400D628040011
:10A5F00025FF03000F290400F62E0400392904006A
:10A6000055290400F1180400A070002049A403009B
:10A61000E0930400F837040070290400012810B505
:10A620000B4608DC0948FAF7CBFD0948FAF7C8FDE4
:10A630000124204610BD0749586804F0A2FF0446D3
:10A640000028EFD1FBF7F6FFF3E700BF97290400DE
:10A650009E290400B624040008B5FDF73DFC002047
:10A6600008BD000073B50C46064669462046FDF756
:10A6700009FF051E05DC0D483146FAF735FD02B02D
:10A6800070BDA2680A4B0B48002A08BF1A46314623
:10A69000FAF72AFDE368187AFDF708FF0648FAF78B
:10A6A0008FFDE9B26846FDF765FBE8E7BF290400C6
:10A6B000B5290400E62904003D13040001282DE912
:10A6C000F34706460C4622DC4E4B1C684CB14E4804
:10A6D0004E4DFAF775FD00213CB9002002B0BDE8EF
:10A6E000F0874B48FAF76CFDF7E74A484E1CFAF73B
:10A6F000FBFCE368187AFDF7D9FEA16846480029FB
:10A7000008BF2946FAF7F0FC24683146E4E74F68B1
:10A710004249384604F035FF48BB022E05D1216876
:10A720003F483A46FAF7E0FCD7E7A4683D4920469F
:10A7300004F027FF68B9334B1C68002CCDD02146AC
:10A74000451CFFF78FFF3848FAF73AFD2468284682
:10A75000F3E7204604F089FA0446FDF765FE01465A
:10A7600008B93248BEE72046FFF77CFFB5E730491D
:10A77000384604F006FF0546002840D1032E03DCCE
:10A7800021682C483A46CDE7A06804F06EFA0746E7
:10A79000FDF74AFE804608B92748A3E7033E032E8B
:10A7A000A8BF0326083400950195E9466D4604EBE1
:10A7B000860A54F8040F04F058FA544525F8020BA1
:10A7C000F7D1124BD8F808201C48002A08BF1A46B7
:10A7D0003946FAF789FCF1B24846FDF7CBFA49460B
:10A7E0004046FDF757FE0028394606DC86300CBF90
:10A7F00013481448FAF778FC6FE71348FAE7216822
:10A800001248F7E79C700020FC290400B5290400D9
:10A810000B2A04001C2A0400212A04004002040020
:10A82000262A0400DFF90300AA0A0400442A0400CF
:10A83000652A04006B2A0400A62A0400C42A040026
:10A84000E02A0400032B04002A2B0400532B0400ED
:10A8500008B5EFF719FD002008BD08B5EEF73CFB81
:10A86000002008BD08B50248FAF7AAFC002008BD80
:10A87000692B040008B53E20FAF796FC2020FAF771
:10A8800093FC034B1B689868BDE8084004F04ABC81
:10A89000EC0C00202DE9F04F0A4683B005468846AF
:10A8A000481E00210C4600AF10F8013F63B9012992
:10A8B000137047D96448FAF783FC6FF015042046FB
:10A8C0000C37BD46BDE8F08F032930D8DFE801F032
:10A8D0000A1D02342726B34211D05C2B29D181F006
:10A8E0000401E1E7202BDFD0092BDDD0272B04F179
:10A8F000010423D005D8222B22D002F8013B0121EC
:10A90000D2E75C2BF9D10521CEE7272B16D0222BDD
:10A9100016D05C2BF7D0202B02F1010601D0092BB9
:10A9200003D1002111703246BEE71370FBE781F0BE
:10A93000040102F8013BB7E72226CCE70221B3E786
:10A940000321B1E7002CBAD0A2000B3222F007029B
:10A95000C7F804D0ADEB020DEA461E46B44244DC13
:10A9600000234AF82430DAF80090002D59D1DFF89E
:10A97000F080364E4FF0000BA6EB08060C23B6FB1A
:10A98000F3F65E4510D003FB0BF108EB01024846DD
:10A9900058F801103A6004F0F4FD3A680C230028DE
:10A9A00041D19368002B35D12948494604F0E9FD8F
:10A9B0000446002840D12748FAF702FC25B10C359F
:10A9C00055F80C1C0C3589BB00254FF00C09AE4224
:10A9D00024D009FB05F308EB030258F803101E48C6
:10A9E0005268FAF781FB0135F1E74AF826804046C4
:10A9F00004F0E7FD013080440136AFE70C363068E3
:10AA00000028B4D0494604F0BCFD0028F6D1B36854
:10AA1000002BACD02046514698470446D7F804D0C6
:10AA20004DE72E46EBE70BF1010BAAE755F8142C86
:10AA30000948FAF759FBC3E708484946FAF754FBB7
:10AA40006FF00704EAE700BF752B0400F439040037
:10AA5000922204008E2B0400D72B0400E12B04006B
:10AA6000643904002DE9F04180460F4609B9EEF73C
:10AA70008FFD00252E462C4604F02CFC0D280EDC04
:10AA8000431C0EDB431C0E2B0BD8DFE803F03F0A00
:10AA90000A0A133F0A0A0A250A150A0A15007F281E
:10AAA0001AD07B1E9E423ABF08F8060001340125E9
:10AAB000C0B220E000252C46002308F804300D2009
:10AAC000FAF772FB0A20FAF76FFB002D18BF6FF040
:10AAD00068042046BDE8F081002C0EDD013CA74251
:10AAE00084BF002508F804500820FAF75DFB2020F9
:10AAF000FAF75AFB0820FAF757FB064B1B689868D1
:10AB000004F010FBA7422646B6D8B0E74FF0FF345A
:10AB1000DFE700BFEC0C002070B505460C4616467A
:10AB2000FFF7A8FE31462046FFF79CFF10F1690FA2
:10AB300006D0013008D021462846FFF7ABFEEFE7EC
:10AB40000248FAF73DFBEBE770BD00BFFF2B0400A6
:10AB500030B5044685B008B9EEF71AFD49BA006869
:10AB6000ADF80C10FBF76CFC0023009321792068F2
:10AB7000022303AAFBF728FD05462068FBF77CFCAF
:10AB8000281E18BF0120404205B030BD4269013285
:10AB900001D001F0C1BF83685B6818477FB50E46DE
:10ABA000044608B9EEF7F4FC0029FBD04FF22D3132
:10ABB000FFF7CEFF054620B14FF0FF35284604B021
:10ABC00070BD2068FBF73CFC0095217920680323C9
:10ABD00003AAFBF79DFC05462068FBF74DFC002D02
:10ABE000EAD1FF233122022103A8EEF78BF99DF869
:10ABF0000E30834201BFBDF80C305BBA23F48743AB
:10AC000023F06C030CBF33806FF00105D6E7000022
:10AC100073B54379827903EB43031344174A32F83F
:10AC200013100446FFF794FF054618BB144B1E682B
:10AC300063799BB10121304602F00AF90DF106015A
:10AC40002046FFF7ABFF28B9BDF806309B0705D5B6
:10AC50006FF003000546284602B070BD3046FFF78E
:10AC600095FFA279074BA06033F81230E36001230F
:10AC7000E371F0E74FF0FF35EDE700BF4C3704001C
:10AC8000F83704004637040037B5044608B9EEF734
:10AC90007FFC0029FBD00B6803600B7903714B79B3
:10ACA00043718B7983710023C0E90233C37143F28E
:10ACB0009301FFF74DFF1A4B1D680121284602F052
:10ACC000C7F843F2A2012046FFF742FF18B14FF048
:10ACD000FF3003B030BD0221284602F0B9F843F23C
:10ACE00041012046FFF734FF0028F0D1012128461A
:10ACF00002F0AEF80DF106012046FFF74FFF0028E5
:10AD0000E7D1BDF8063013B16FF00200E1E76379D7
:10AD1000002BDED0204603B0BDE83040FFF778BFFF
:10AD2000F83704002DE9FF410F461646044608B9DE
:10AD3000EEF72EFC09B9002AFAD0E37923B33A4B97
:10AD4000D3F800804046FFF721FFD4E90213421AEE
:10AD50009A4204D21944091A404602F079F86379FC
:10AD6000E3B92068FBF76CFB00230093217920688E
:10AD7000062302AAFBF7CCFB05462068FBF77CFB09
:10AD8000A5B14FF0FF3505E02046FFF741FF05462E
:10AD90000028D4D0284604B0BDE8F0814FF46041CB
:10ADA0002046FFF7D5FE0028DBD0EAE763796BB9D0
:10ADB000E571FF233122022102A8EEF7A3F89DF8E6
:10ADC0000A3083420CD06FF00105E3E74046FFF7FD
:10ADD000DDFE6279154BA06053F82230E360E8E7AE
:10ADE000FF23312202210DF10B00EEF78BF89DF8C5
:10ADF0000D308342E7D15FB1BDF808305BBA9BB23A
:10AE000044F25C4253431B0CA3F58C53143B3B8030
:10AE1000002EBFD0BDF80B305BBA9BB242F210726D
:10AE200053431B0C3380B5E7F83704007037040038
:10AE300038B50E4B83420C4614D10D4D2B783BB9DF
:10AE40000C4A0D49FFF76EFF60B90C4B01221A70D6
:10AE500000232B70074B1B8823804FF61B63E38076
:10AE6000012001E06FF08B0038BD00BF747000203E
:10AE7000A4710020A0710020A2710020A571002003
:10AE800038B50E4B83420C4614D10D4D2B783BB98F
:10AE90000C4A0D49FFF746FF60B90C4B01221A70AE
:10AEA00000232B70084B1B8823804FF60263E3803E
:10AEB000012001E06FF08B0038BD00BF74700020EE
:10AEC000A5710020A0710020A2710020A4710020B3
:10AED000EFF3108372B60022017D027583F31088B0
:10AEE00019B18368D0E903021847704770B5064668
:10AEF0000C461546F7F76CFE037D1C430475C0E94C
:10AF000003650146BDE870408069EFF75DBD000054
:10AF1000F8B50F4616461D460446F7F759FE0023BE
:10AF200003750360054B4360876186602A462046AF
:10AF30000349BDE8F840F7F748BE00BFD1AE0300B3
:10AF4000EDAE030070B5064608460D4604F039FB29
:10AF50000528044603D96FF01504204670BD284625
:10AF600003F087FEB0F5803FF5D2F082F5E737B504
:10AF7000002305460093ADF804300A46144612F843
:10AF8000013B0BB15D2BF9D1641A23B96FF01504A5
:10AF9000204603B030BD631E032BF7D82246684617
:10AFA00004F03DFA0A220021684603F08FFFB0F555
:10AFB000803FEBD2A882EBE7F0B50D4691B01822A6
:10AFC0000021064604F0E2F92B785B2B1CD02A46C0
:10AFD00013781446611B013223B13A2B01D03F296B
:10AFE000F6D90023E25C3A2AA4EB05071CD1013311
:10AFF000E1183046FFF7A6FF002801DB3F2F25D9D7
:10B000006FF0150011B0F0BD01352A46144612F854
:10B01000013B002BF4D05D2B01D0252BF6D1631B17
:10B020003F2BEDD80123DDE7002BE7D02378252B3C
:10B03000E4D1611C3046FFF79AFF0028E0DB0230C4
:10B040002118235C3A2BD9D10131D2E73A4629465F
:10B05000684604F0A8FA07F140030DEB030700244B
:10B06000321D6946042007F8404CFCF723FF0128F5
:10B07000C6D1042333602046C4E738B505460C46E4
:10B08000FFF79AFF38B13A21204604F096F918B933
:10B09000E8826FF0150038BD041B3F2CF9D8013051
:10B0A00003F0E3FDF4E710B500B109B9EEF770FA6B
:10B0B00003680A6893420ED1C48ACA8A94420AD1AC
:10B0C000042B08D110220431043004F04FF9B0FAF7
:10B0D00080F0400910BD0020FCE70000F8B5084EE4
:10B0E000084B00259B1B0C27B3FBF7F4AC4200D1A7
:10B0F000F8BD07FB05F3F35803B198470135F5E7B1
:10B10000F43904000C3A0400F8B50A4D0A4C0C233B
:10B11000641B0746B4FBF3F40E4603FB0454A5423C
:10B1200001D13046F8BDAB683146384698470C35FA
:10B13000F5E700BFF43904000C3A04000A46014662
:10B140000148F8F7EBBC00BFA40C002010B50A467C
:10B150000C4601460020FBF761FD204610BD002093
:10B16000FBF750BD034B044A4FF4E1310020FBF7DD
:10B1700089BC00BFA40C00207DB10300F8F7B8BC67
:10B1800082680168531C83604368013B1340C85CBC
:10B1900070472DE9F04106460D46EFF3108872B670
:10B1A0008F180C46BC4203D0D6E902239A4204D140
:10B1B00088F31088601BBDE8F0813046FFF7E0FFA0
:10B1C00004F8010BEEE770B5EFF3108572B6D0E925
:10B1D0000134C268141B9C421FBF03F1FF33046893
:10B1E0001340561C17BFC6604FF0FF30E1540020DB
:10B1F00085F3108870BDF0B50346EFF3108772B683
:10B200000020824204D01C1D70CC751BA54202D1C7
:10B2100087F31088F0BD751C013C11F800C0DD609B
:10B2200034401D68013005F804C0EAE7F8B509B9F3
:10B23000EEF7AEF9531A9CB28161C4850E46B24254
:10B24000354602D811FA83F0F8BD2F783F2F06F16A
:10B250000106F4D16A1C013B6D1A5B1B9BB2E41A18
:10B26000013CC2610386C485D018EDE730B50B46BA
:10B270009A4200D830BD1C4614F8015B402D01D025
:10B280002346F5E7002BF5D05B1A9CB241602346BC
:10B29000816884840133194491429DBFC38C8160CD
:10B2A00003F1FF33002396BF1B1BC384C384E1E774
:10B2B00070B5044601B98168002351B98BB90120EA
:10B2C00016E005783A2D03F1010305D10B4601463E
:10B2D000F3E79142F2D24B1C93421846F1D1002081
:10B2E000F4E719783A29EAD15D1CAA4201D100207D
:10B2F00070BD521B96B2052EF9D8314613FA82F270
:10B3000093420DD12846EFF762FDB0F5803FEED2B3
:10B31000E38C20849B1B013B6561A685E384CEE71B
:10B3200013F8010F30380928EAD9E0E730B50144B5
:10B3300004460346994201D8002021E01A4612F83B
:10B34000015B3A2D01D01346F4E7002BF4D00278CC
:10B3500022F02002413A192AEED847F6ED72A342B4
:10B3600001D801200CE014F8010B392809D82A284B
:10B37000E2D92B38C0B222FA00F010F00100EED171
:10B3800030BD5A2802D84028E9D8D5E761381928B5
:10B39000E5D9D1E7F8B5044615460E46002974D024
:10B3A0000B78002B71D03422002103F0EFFF2946E7
:10B3B0003046FFF7BBFF354410B333783A2B5FD0EC
:10B3C0003346AB421A4601D3002204E011783A29F1
:10B3D00003F10103F5D1AB1A2660022BA2EB06069E
:10B3E00066840ADD53782F2B07D193782F2B04D155
:10B3F000D11CA9420CD30020F8BD561CAE42FAD293
:10B400002A4631462046FFF711FF8542F3D037E048
:10B410000B469D421E4604D032782F2A03F10103C9
:10B42000F7D1731AE384A16032462046FFF71EFF6E
:10B43000E38C002BE2D0A3681A785B2A39D11A4634
:10B440001846A842014614D300218A4220D3002284
:10B450000133E360CB1A9BB223851AB1628D9B1A2C
:10B46000013B238532462046FFF722FF0028C5D145
:10B4700006E0084610F8017B5D2FE2D18E42E4D849
:10B4800034220021204603F081FF4FF0FF30B3E764
:10B49000104610F8017B252F01D00246D5E7002A7F
:10B4A000D6D002462061081A80B260850028CFD12C
:10B4B000E6E70021D6E738B5054608460C4604F015
:10B4C00080F8214602462846BDE83840FFF762BFB3
:10B4D000B1F5167F08B506D0B1F5966F01D1EDF73D
:10B4E000FBFC002008BDEEF7CFFEFEE70AB981F8AD
:10B4F0007C20704707B540F60833ADF800300B8D5F
:10B500008DF8023002238DF80330082240F2022326
:10B510006946019300F03DFC082003B05DF804FB90
:10B520002B4B2DE9F743C1F884302A4B0962C1E95E
:10B53000153140F202234B8501F150034B610A2380
:10B540000026A1F84A3001F1100808230E6581F8A1
:10B550002C6081F84C604E6309640C460093022213
:10B5600001234146054601F000F808B9EEF710F84E
:10B5700040F2FF1304F130074FF04009C38103226A
:10B58000CDF8009001233946284600F0EEFF86737F
:10B590000028EBD00123C3730322CDF8009033467B
:10B5A0003946284600F0E1FF0028DFD04FF48073D1
:10B5B000C3814146284600F0B1FF3946284600F0D5
:10B5C000ADFFE36843F00103E36003B0BDE8F0833F
:10B5D000BDB60300A037040037B5194B00930446ED
:10B5E0000D460123694605228DF8043000F0D1FB99
:10B5F000144B009369460422204600F0CAFB42F235
:10B6000005412A8DADF800100621B5F848308DF8B7
:10B6100002108DF803206946052220468DF804307B
:10B6200000F0B7FB084AB5F8483000926946052299
:10B6300020468DF8043000F0ACFB132003B030BD81
:10B6400005240020042402020524010010B508B9D5
:10B65000EDF79EFF0368002BFAD01B68BDE8104091
:10B66000DB6A184770B4034608465A6F92F898216F
:10B67000032A21D193F87C20012A1DD1EFF31084F5
:10B6800072B61E6FD96EB1420ED04A1CDA669A6E3F
:10B690005D6E013A0A40AD5C9A6F511C1A443F2915
:10B6A000996782F8D050EDD984F3108870BC9A6FF6
:10B6B00003F1D001FFF7CABF70BC704750F8083CD7
:10B6C000803823B9836B1B689968FFF7CBBF70473D
:10B6D00073B5537A032B0C4615461CD1137AE3B984
:10B6E0000AB9EDF755FF1368002BFAD01B681E6AE4
:10B6F00004230DEB030202212846B047019A04F10E
:10B7000090061AB1E36D31462046984740223146F3
:10B710002846FFF79BFF02B070BD012BFBD1002331
:10B720008B67EFF3108172B6D4E91B2381F3108885
:10B730009A42F0D02946204602B0BDE87040FFF79B
:10B7400091BF0346104693F87C20F0B542B1EFF369
:10B75000108772B60022904203D187F310881046FA
:10B76000F0BD03F1680470CC751BA542F5D0751CC3
:10B77000013C11F802C01D6734405D6E013205F8CE
:10B7800004C0E8E7436F2BB100F1800103F5B87006
:10B79000EFF71AB970477FB50C465978212933D095
:10B7A000222937D020292CD1DB88072B29D1032A45
:10B7B0001BD1002303A9039300F0C4FA039B072BBA
:10B7C00005461ED1437982790168007900902046B0
:10B7D000FFF77EFE266E5EB92B68C4F88830AB8812
:10B7E000A4F88C30AB7984F88E30012004B070BDA1
:10B7F00028796B79AA79296800902046B0470028FB
:10B80000EADA4FF0FF30F1E7072204F1880100F097
:10B81000C0FAEAE75B8813F0010315D0012384F82E
:10B820007C300022032104F1300000F091FE08B9C1
:10B83000EDF7AEFE8068402204F19001FFF706FFAD
:10B840002046FFF79FFFD0E784F87C30CDE700006B
:10B850002DE9F843DDE908960C460546904600219F
:10B860004FF4A87220461F4603F090FD65671EB195
:10B87000734236EA030301D0EDF78AFE054B63609D
:10B88000C4E91996C4E9178721462846BDE8F8435C
:10B8900000F054BEB03704000148F8F734B900BFD7
:10B8A000A40C0020F8B505460C4606460CB9701BE2
:10B8B000F8BD224631460548FFF743FF07460348D7
:10B8C000FFF760FF3E44E41BF0E700BF6872002012
:10B8D00007B580230193054B0093054A05490023D2
:10B8E000FFF7B6FF03B05DF804FB00BFE671002070
:10B8F00099B803006872002010B508B9EDF748FE4A
:10B900000368002BFAD01B68BDE810409B691847FC
:10B91000F7B5CB6843F001030026CB604027012335
:10B920000C460E761A4631460097054600F01DFE7D
:10B930008368A3630122334600973146284600F00E
:10B9400014FE8368636303B0F0BD10B50A4608B9FE
:10B95000EDF71EFE0368002BFAD01B681C6A02215B
:10B96000A4460423BDE81040604710B50A4608B954
:10B97000EDF70EFE0368002BFAD01B685C6A00210D
:10B98000A4460123BDE81040604710B508B9EDF7A3
:10B99000FFFD0368002BFAD01B68BDE81040DB6A8E
:10B9A0001847000010B50C46C2B980F89B210A76F2
:10B9B000886BFFF7A1FF606BFFF79EFFA06B084944
:10B9C000FFF7D3FF606B0649FFF7CFFF606B04F111
:10B9D0003C014022BDE81040FFF7D7BF10BD00BFBB
:10B9E000C03704002DE9F3410C460B7C91F910108F
:10B9F0000029054603DBE28A206B904210D803F051
:10BA00001F02012A00F0BB80022A00F0D780002A22
:10BA100040F0FC800029637C75DA43B1062B11D01D
:10BA2000D5F87801002840F0EC80EDF7B1FD95F8ED
:10BA30009B315B00022201A92846ADF8043000F0DA
:10BA4000A8F948E0638A1A0A013A052AE8D801A150
:10BA500051F822F06DBA03007DBA030085BA0300E5
:10BA600021BA030021BA0300EFBA0300284600F010
:10BA70006FFB0028D4DB00F0C9802CE0284600F0E2
:10BA800063FAF6E7D5F88461002EC9D013F0FF03FE
:10BA90000BD14FF44173022269462846ADF80030BD
:10BAA00000F077F940F20943C4E703228DF805203E
:10BAB00032899A4200F0B4803668002EF8D1AFE7A0
:10BAC000284600F091F90021284600F08DF916F87B
:10BAD000011F0029F4D194F91030002B2ADA012338
:10BAE0002846237602B0BDE8F04100F099B9D5F8B8
:10BAF000780100238DF80430036801AA9E680421B0
:10BB00000123B0478CE7052B11D0092B88D10323E3
:10BB1000D5F8886185F89831002EDCD0B768C7B9B0
:10BB2000D6F80C80B8F1000F1BD13668F4E7638AB1
:10BB300085F89A31E38A226B9A426AD20323606BBA
:10BB40002376402204F13C0102B0BDE8F041FFF74A
:10BB50001CBFFB7B1BB13B49B868FFF706FF3F6882
:10BB6000DDE7D8F8087017B9D8F80080DAE7FB7B72
:10BB70001BB13549B868FFF7F8FE3F68F3E7617C11
:10BB8000A28A03F060030B4302F00F023FF452AFAE
:10BB9000D5F88831002B3FF443AF198B91420BD17C
:10BBA00019694868C6683EB1D5F87C2104F11003D4
:10BBB000127E2846B0475CE71B68EBE7A38A142295
:10BBC00003F00F001B06637C02FB00F04CBFD0307B
:10BBD0003030012B28440DD0032B04D0002B7FF4F0
:10BBE0001FAF037C26E7638A002B7FF419AF00F0B8
:10BBF000DDFC70E7638A002B7FF412AF00F0E3FCFA
:10BC000069E703685B6998470023237602B0BDE8C3
:10BC1000F0810423A06B2376002204F17C0193E7DA
:10BC200002278DF80470706803F0CBFC01304000EF
:10BC30008DF804003A4601A9284600F0AAF8766873
:10BC4000013E44E7C2370400C137040073B505461E
:10BC50000C466BBB0B7E042B13D8DFE803F0512B93
:10BC600026400300137A012B22D190F89A318BB130
:10BC700090F89831012B0DD1D0F8780105F5CD72EF
:10BC800008B9EDF785FC0168CE680021B0470223B2
:10BC900085F898310023606B2376402204F13C0143
:10BCA00002B0BDE87040FFF770BE137A002BF2D0EF
:10BCB00002B070BD167A012EFAD100F052F828B108
:10BCC00021462846FFF78EFE2676F1E7606B40227C
:10BCD00004F13C01FFF759FE02232376E8E7137ACB
:10BCE000002BE5D1606B019301A9FFF72EFE236BBA
:10BCF000019A1344236321462846FFF773FED7E7D2
:10BD0000167A002ED4D13146102204F11C0003F023
:10BD10003DFBE36B2361236C6361E38A2663214669
:10BD20002846E36202B0BDE87040FFF75BBE00004A
:10BD3000034B4B60D0F88C310B60C0F88C1170470E
:10BD4000C437040010B5D0F87C4109B9EDF720FCE8
:10BD5000237E032BFAD1606BFFF7F7FD04F13C0063
:10BD600010BDD0F87C319A6BD8695268196A0244C8
:10BD700091420CD9D96A884209D2986A81424FF01F
:10BD8000000005D9C3E90720586201207047002050
:10BD90007047D0F87C01F8B5836BC7695D68036AAA
:10BDA0009F423D4403EB020408D9AB4202D2FE1A83
:10BDB000964206D9046200252846F8BDAB42F9D266
:10BDC0000026AC422CBFED1A951B426A046228BFC4
:10BDD000AD1B2A44DB1B426233447C302A4631448B
:10BDE000184403F0E0FBE7E7D0F87C21D2E9070331
:10BDF000984210B510D8946B64680444A3420BD2E7
:10BE00001B1A1344012083F87C10136A0133136258
:10BE1000536A0133536210BD013313620020FAE705
:10BE2000D0F87C11C869CA6A4B6A121A9A4228BFB4
:10BE30001A468B6A886B134410B57C3141F8543C28
:10BE400008B9EDF7A5FB0368002BFAD01B68BDE825
:10BE50001040DB6A184770B506460C4600250CB941
:10BE6000284670BD62689368127B1AB1A16830469B
:10BE70009847034624681D44F1E770B506460C4612
:10BE800000250CB9284670BD63681B681BB1A1680A
:10BE900030469847034624681D44F2E770B50646CD
:10BEA0000C4600250CB9284670BD63685B681BB161
:10BEB000A16830469847034624681D44F2E7000015
:10BEC0002DE9F7434FF00009DFF8788005460C466E
:10BED0004E4640F207571CB9484603B0BDE8F08310
:10BEE00061682846FFF7C9FFA268CDF80360117AA0
:10BEF000937A8DF80230012904BF63F07F038DF837
:10BF00000230537AADF80070013BDBB2032B17D837
:10BF100018F803308DF80330A389ADF804300722F8
:10BF2000A37B8DF8063069462846FFF732FF61682B
:10BF30002846FFF7B3FF9DF8003024689944CAE70C
:10BF4000EDF726FBD43704002DE9F04F8DB07F4A82
:10BF5000039200230122ADF810308DF811208022C9
:10BF60008DF8132032228DF81420D0F888218DF816
:10BF70001230044652BBD4F880118DF810302046A0
:10BF8000FFF769FFD4F88851093015BB238CADF851
:10BF90000E00092203A920468DF81230FFF7F9FEA2
:10BFA000D4F880112046FFF779FFD4F8886100F1BA
:10BFB0000907A84640F20949002E42D1BDF80E00FB
:10BFC0002F44B84200F0BF80EDF7E2FA1268013367
:10BFD000D0E700F1090769682046FFF73CFFAE682B
:10BFE0000744002046B9D5F80C800744B8F1000F8B
:10BFF0000BD12D68B819C8E7716800F10708204611
:10C00000FFF729FF36684044ECE7D8F804102046D3
:10C01000FFF721FF0936D8F808A006440020BAF13E
:10C02000000F03D1D8F800800644DFE7DAF80410E7
:10C0300000F107092046FFF70EFFDAF800A0484498
:10C04000EDE771682046FFF718FF338BCDF81A80B3
:10C050008DF81A30B37ECDF81D808DF81D30F37E3B
:10C060008DF81E30B268337F8DF81F308246093557
:10C07000ADF8189000230ABB8DF81C30736913B11A
:10C080001B898DF82030092206A92046FFF781FE82
:10C0900071682046FFF702FFAA448244B168204637
:10C0A000FFF70EFF0AEB0005D6F80CA001220020D6
:10C0B000BAF1000F05D1366805447DE712680133F7
:10C0C000D9E7338B8DF82630B37ECDF828808DF8F4
:10C0D0002C808DF82930F37E8DF82A3002F1010B87
:10C0E000337FDAF808108DF82B308DF82720ADF863
:10C0F000249000F109035FFA8BFB002201BB8DF84D
:10C100002820DAF80C2012B112898DF82C2009228F
:10C1100009A920460193FFF73CFEDAF804102046F7
:10C12000FFF7BCFE019BDAF8081003442046019398
:10C13000FFF7C6FE019BDAF800A018445A46B7E79D
:10C1400009680132DAE70DB0BDE8F08F0902090095
:10C150007FB50022ADF808208DF80A200F4A019221
:10C1600040228DF80B200E4A03924FF48072ADF8F6
:10C1700010200289838D8DF81220828A8DF8132079
:10C180008DF814301222012301A98DF81530FFF724
:10C1900000FE122007B05DF804FB00BF1201000290
:10C1A0000912007D10B508B9EDF7F2F90368002B0C
:10C1B000FAD01B68BDE810409B6A184710B508B953
:10C1C000EDF7E6F90368002BFAD01B68BDE81040D4
:10C1D000DB6918470129F8B5C4680ED1B4F9942178
:10C1E000531E9BB21F2B96BF254B002053F82200F5
:10C1F0000221BDE8F840EDF7E3BE062924D0072967
:10C200002BD004291FD1D4F878010123002584F80C
:10C21000983184F89A5104F5CD7208B9EDF7B8F960
:10C220000168CE682946B047234604F1A00283F88E
:10C23000405083F8E05014339A42F8D10126002789
:10C24000D4F88C5185B9F8BD94F8983184F89931B7
:10C25000042684F898610227F2E794F8993184F86B
:10C26000983108260327EBE7EB681E4205D06B6880
:10C270003A465B682946204698472D68E2E700BFAA
:10C28000DC3000200368012970B50A460446D868EE
:10C2900023D1237A591E4B424B41A17A01EBC301B2
:10C2A000C9B202FA01F1EFF3108372B6D0F890210F
:10C2B0001143C0F8901183F31088B0F99421531EF4
:10C2C0009BB21F2B98BF264BBDE8704094BF53F81C
:10C2D000220000200421EDF773BEA37A8BB9D0F8B9
:10C2E0008C1189B1082A26D0092A0DD1CB689B066A
:10C2F0000AD54B6822469D680223A8471CBBEDF770
:10C3000047F9D0F8883103B970BD996819B9D9686F
:10C3100041B91B68F7E78D68AC4201D11969E0E7C4
:10C320000968F3E78D680DB90968F1E7AE68B442B2
:10C33000F4D02D68F7E74B689D682246AC46002391
:10C34000BDE8704060472368002BD8D01B68054AC1
:10C350005D6A01232046AC461946BDE8704060473F
:10C36000DC300020D837040038B504460D464FF4C1
:10C37000D872002103F00AF8C4F8785138BD0000E3
:10C380001FB50293069B0193054B00930023EDF725
:10C39000A5FE002801DCEDF7FBF805B05DF804FB15
:10C3A000C5C3030010B50346D0F884010860B3F894
:10C3B0009601C3F88411441CA3F8964108814A6091
:10C3C00010BD00002DE9F0474C4BB2B01B68C0F81F
:10C3D0007431002603A9C0F87061C0F87C110446CE
:10C3E00000F5B878FFF7A4FC454BD4F878511B88CA
:10C3F000A4F894310123A4F89631424B84F89A6151
:10C40000C4F888616B60404BC5E902340DB9EDF7A3
:10C41000BFF82B6828461B6898473C4A04F118016E
:10C420002046FFF7BFFF3A4A04F10C012046FFF710
:10C43000B9FF384A21462046FFF7B4FF04F5CE770E
:10C44000082101A8F7F71AFF082201A93846EEF7DC
:10C45000EFFB3A4604F124012046FFF7A3FF84F8DE
:10C460009861D4F88C61F6B92B682B4ADE680123F9
:10C4700019462846B0474FF001090720EDF792FD15
:10C480008107064603D52B6828461B699847720723
:10C4900010D4F307F1D54046EEF7B6FA0028ECD0F9
:10C4A00043689847E9E7736831461B682046984718
:10C4B0003668D8E7EFF3108372B60022D4F890A163
:10C4C000C4F8902183F310881427BAF1000FE0D04C
:10C4D0009AFAAAF3B3FA83F3072B09FA03F2CBBF54
:10C4E000083B07FB034307FB0343986BC8BFD3F824
:10C4F000D8002AEA020AFFF755FEE6E7D43000200A
:10C5000060310020D5C1030085C20300232C040044
:10C510002E2C04004E2C0400D937040010B5D0F89E
:10C52000882100F5C4730020441C1AB980B2088326
:10C53000196010BD1B6820461A68F5E7D0F88C21F9
:10C5400000F5C6730AB9196070471B681A68F9E7E5
:10C5500010B5806800B910BD83685C7A8C4202D146
:10C560001B7A9342F7D00068F4E7F8B50446D0F898
:10C570007801069E0D4611461A4608B9EDF708F8EF
:10C5800003685F683346B84778B1837A142253430F
:10C59000027A012A0CBFD033303323449E81986045
:10C5A00015B1AA681A60AB601846F8BD08B5034615
:10C5B0008068827A0AB9ECF7EBFF01211974BDE8B3
:10C5C0000840FFF7FBBD08B503468068827A0AB9C8
:10C5D000ECF7DEFF00211974BDE80840FFF7EEBD5F
:10C5E0002DE9F04F0C4685B008B9ECF7D1FF8579FD
:10C5F0008B1801936B09012B2B4B4FF0010705F0B2
:10C600001F050CBF9A464FF0A04A07FA05F5EFF355
:10C610001083029372B6DFF894B0019B9C4205D35D
:10C62000029B83F3108805B0BDE8F08F14F8016B0E
:10C630004FF008083946F20900290CBF0F210821E4
:10C64000002A4FEA46030CBF4FF005094FF00C09D2
:10C650000220DEB2894417460391FAF78FF9039955
:10C6600081440A1800210220FAF72AF94A460121DA
:10C670000220FAF725F90220FAF7E8F9DBF8402161
:10C68000002AFBD0CAF80855DBF84421002AFBD069
:10C69000CAF80C55022008F1FF38FAF7DFF918F054
:10C6A000FF08C7D1B9E700BF0003005000A0014058
:10C6B00010B5034628B321B30A6812B30022026002
:10C6C000426003C983E8030099790F484B09012BA5
:10C6D00001F01F0118BF4FF0A040F9F741FD0346DC
:10C6E00018B16FF00404204610BD0246074902202D
:10C6F000FAF798F804460028F3D10220FAF7AEF9C9
:10C70000F1E76FF01504EEE7000300500024F40099
:10C7100082B001EB4101431801925A709DF8052047
:10C7200042549DF806209A7002B070472DE9F341FB
:10C730000E788F7891F8048004460025A288AA42DA
:10C740000ED8216802EB42022046FFF749FF0B4B4F
:10C750005021186800F07CFB032002B0BDE8F08196
:10C760008DF804608DF805708DF80680A9B2019AE5
:10C770002068FFF7CDFF0135E0E700BFFC3704007C
:10C78000B0F90010EDF762B9F0B4049D044FBDF9A3
:10C790001460C1E904752E80F0BC00F06FB800BFD2
:10C7A00081C70300036810B5F3B1D1E90224224325
:10C7B00001D1ECF7EDFE8B4209D11A68026000212D
:10C7C00000200022C3E902011A60012010BD1A46B0
:10C7D0001B681BB18B42FAD10B68136000230B60FE
:10C7E00000220023C1E902230020EFE738B5044608
:10C7F000EFF3108572B640684369013310D000F042
:10C800008BF9D4E9063193EA000F05D513F1004303
:10C8100041F10001C4E9063185F31088184338BDA1
:10C8200083685B689847ECE7F8B50446FFF7DEFFDE
:10C83000D4E9063613F1004246F10006824276EB57
:10C84000010323683CBF02460E464BB1D3E90257B1
:10C85000A84271EB070C0BD29542B74100D22A4691
:10C86000121A04F108016068BDE8F84000F0AAB9A6
:10C870003D4308BFC3E902010246F1E72DE9F0415B
:10C8800006460D4690461C46EFF3108772B6D1E976
:10C890000223134301D0FFF785FF338C0022434569
:10C8A00072EB04011CD2B8EB030264F1000334689C
:10C8B000C5E90223B4B1D4E90201824273EB01015C
:10C8C00010D3204624682CB1D4E90261B24273EB44
:10C8D0000101F6D22C60056087F31088BDE8F08175
:10C8E0001346E4E72C6030463560FFF79DFFF3E721
:10C8F000F7B50446002500260027236853B12046DB
:10C90000FFF774FF2368DA6801929A689042019AEF
:10C91000914105D2204603B0BDE8F040FFF784BF47
:10C920001A682260C3E90267D3E904201D609047BA
:10C93000E3E7000038B528220D460021044602F046
:10C9400025FD044B6560C4E904342046BDE8384049
:10C95000FFF76ABFF1C80300024B03481968FFF7ED
:10C96000E9BF00BFFC370400C073002010B50446C7
:10C97000006A4369013314D000F0CEF880B1626BD5
:10C9800094F83840A2FB0023C4F1200003FA00F021
:10C99000A4F12001E240024323FA01F142EA01003E
:10C9A00010BD83685B689847E8E730B4436C90F843
:10C9B00040501944C36BC5F12004A1FB0313A5F13A
:10C9C0002002E94003FA04F4214323FA02F20A4365
:10C9D00030BC00F12401006A00F0F4B82DE9F04108
:10C9E00004460F461546002148221E4602F0CEFCA2
:10C9F0001D4BA3601D4B2762C4E90B340DB9ECF746
:10CA0000C7FD002EFBD03246294604F13400EEF774
:10CA100042FA2A46314604F13C00EEF73CFAB542B0
:10CA20004FF0FF3319D294F83850616BC5F12000F4
:10CA3000A1FB031303FA00F0A5F12002E94023FA59
:10CA400002F2014311434B1C61610AD0A3682046E6
:10CA50001B68BDE8F04149081847B5FBF6F563616E
:10CA60006564BDE8F08100BFEC37040035CC0300FD
:10CA700000F12401006A00F08CB80346006838B168
:10CA80000A6822B9D868431A5842584170470120B1
:10CA900070470346006848B1416831B902681A60BE
:10CAA0000AB9DA6070470160704700207047416939
:10CAB00002688368B1F1FF3F07D01B6849081AB1CB
:10CAC0005268914228BF1146184712B11B6851683D
:10CAD000FAE79B68184738B505460C46FFF7CDFFC7
:10CAE00008B9ECF755FD28460246006898B1A04207
:10CAF000FAD1EB68A34204D1AA4214BF1346002323
:10CB0000EB60236813601BB15A6861680A445A607D
:10CB100000232360012038BD38B5436904460BB9B2
:10CB2000ECF736FDEFF3108572B683685B689847C3
:10CB30000246A069E36982423DBF616901318918FB
:10CB400011461B1A5818C4E9062085F3108838BD11
:10CB50004269013201D0FFF7DFBF83685B68184785
:10CB600038B505464468FFF7F3FF2B6833B1021B65
:10CB700000245968914203D3891A5960686038BD0E
:10CB8000521A5C601B68002BF8D059680029F9D054
:10CB9000EFE7F8B505460E46EFF3108772B6FFF7DC
:10CBA0006CFF044650B12846FFF7DAFF31462846AD
:10CBB000FFF791FF04462846FFF779FF87F31088B7
:10CBC0002046F8BD2DE9F04105460E461446EFF328
:10CBD000108872B6FFF7C4FF314607462846FFF7B4
:10CBE0004CFF10B12846FFF776FF2B8AA34234BFD3
:10CBF000E21A002272602B4600211C461B6883B992
:10CC0000501A3360706093B1891A5A680A445A60A6
:10CC100026602846FFF74BFF88F310883846BDE8AA
:10CC2000F081586808448242EAD30146E5E7EE60A5
:10CC3000EEE700004369013310B5044619D0FFF751
:10CC400087FF236883B161685B681944081A00286C
:10CC50000FDD6169A368490881421B6828BF01464E
:10CC60002046BDE8104018476169A36849081B6861
:10CC7000F6E723683BB92046FFF719FFEFF305837A
:10CC8000DBB2BBB110BD626859680A446260002221
:10CC90005A602046FFF7FDFE0028ECD0D0E90230B4
:10CCA00098472046FFF7F5FE0028F7D12046FFF70A
:10CCB00057FFEEE7034B4FF080525A60BFF36F8F80
:10CCC000E0E700BF00ED00E010B5104A10484FF05B
:10CCD000FF33002100F074F804460E4800F040F8DD
:10CCE0000D4AA4F56723A3F56F63934203D90B485C
:10CCF0002146F8F7F9F9BDE81040064908484FF415
:10CD000000434FF47A72FFF769BE00BF40420F0044
:10CD1000B80C002030740020A08601005A2C0400BA
:10CD2000E8730020F9F7C0BCF9F7A4BC70B504465D
:10CD30000D46EFF3108672B6F9F79CFC032D2CBF5D
:10CD4000401903300449224620F07F40F9F798FC4F
:10CD500086F3108870BD00BF5DCD0300FFF76ABF8A
:10CD60000A4B10B5044683606FF07F434361F9F7C7
:10CD70006DFCF9F7A1FC61694B1C06D0A368204645
:10CD80001B68BDE810404908184710BD0038040072
:10CD9000FFF750BF006A0021F9F7C4BD006AF9F738
:10CDA000EDBD828C8A4210B538BF0A46EFF310847D
:10CDB00072B60021006AF9F7F1FD84F3108810BD06
:10CDC00070B50D4601620E4981604361114604460B
:10CDD0002846FAF731FF0B4A064601462346284605
:10CDE000F9F720FD08B1ECF7D3FB61694B1C04D0C7
:10CDF000A36849081B6820469847304670BD00BFAD
:10CE00000C38040091CD0300ECF744BFB0F90010DA
:10CE1000ECF71CBE10B50446D0E9043000F10C015B
:10CE20001A461B687BB19942FAD1C36813600C2182
:10CE3000ECF7F6FF6FF07303A361034B4FF08052E2
:10CE40005A60BFF36F8F10BD00ED00E0ECF748BFF4
:10CE500030B50B4687B0EFF3058212F0FF0201D028
:10CE6000ECF796FB458A0A4C02924FF0FF31019194
:10CE70009D42039202A9049438BF5A1B01AC059449
:10CE8000FFF7A0FE01212046ECF78CFE07B030BD75
:10CE900009CE030070B4044EBDF90C50C1E9026321
:10CEA0001D8070BCFFF78EBE0DCE03002DE9F04152
:10CEB00088B001AD04460E46174600211C222846C4
:10CEC000984602F063FA0C4B0596CDE903350B4BFF
:10CED00042461B68069329462046FFF773FE01224F
:10CEE00039463046ECF74AFC29462046FFF751FE0A
:10CEF000079808B0BDE8F08115CE0300D4300020BB
:10CF0000F0B50D4689B00446002128461646ECF7D8
:10CF100049FEC8B90F4B8DF80C001B68CDE90153D1
:10CF200004ADCDE904000C4B069301AF324629460F
:10CF300020460797FFF746FE3846ECF769FE30B902
:10CF400029462046FFF725FE002009B0F0BD6FF00E
:10CF50008B00FAE7D43000204DCE030081F0004171
:10CF600002E000BF83F0004330B54FEA41044FEACE
:10CF7000430594EA050F08BF90EA020F1FBF54EA69
:10CF8000000C55EA020C7FEA645C7FEA655C00F005
:10CF9000E2804FEA5454D4EB5555B8BF6D420CDDD6
:10CFA0002C4480EA020281EA030382EA000083EA59
:10CFB000010180EA020281EA0303362D88BF30BDF9
:10CFC00011F0004F4FEA01314FF4801C4CEA11314F
:10CFD00002D0404261EB410113F0004F4FEA0333AE
:10CFE0004CEA133302D0524263EB430394EA050F39
:10CFF00000F0A780A4F10104D5F1200E0DDB02FAA8
:10D000000EFC22FA05F2801841F1000103FA0EF23B
:10D01000801843FA05F359410EE0A5F120050EF101
:10D02000200E012A03FA0EFC28BF4CF0020C43FA32
:10D0300005F3C01851EBE37101F0004507D54FF03F
:10D04000000EDCF1000C7EEB00006EEB0101B1F58F
:10D05000801F1BD3B1F5001F0CD349085FEA3000D5
:10D060004FEA3C0C04F101044FEA445212F5800FE0
:10D0700080F09A80BCF1004F08BF5FEA500C50F17D
:10D08000000041EB045141EA050130BD5FEA4C0C60
:10D09000404141EB0101013C28BFB1F5801FE9D2BD
:10D0A00091F0000F04BF01460020B1FA81F308BFE0
:10D0B0002033A3F10B03B3F120020CDA0C3208DDAC
:10D0C00002F1140CC2F10C0201FA0CF021FA02F187
:10D0D0000CE002F11402D8BFC2F1200C01FA02F1F7
:10D0E00020FA0CFCDCBF41EA0C019040E41AA2BF1C
:10D0F00001EB0451294330BD6FEA04041F3C1CDAE4
:10D100000C340EDC04F11404C4F1200220FA04F003
:10D1100001FA02F340EA030021FA04F345EA0301AD
:10D1200030BDC4F10C04C4F1200220FA02F001FA6F
:10D1300004F340EA0300294630BD21FA04F02946F1
:10D1400030BD94F0000F83F4801306BF81F480118A
:10D150000134013D4EE77FEA645C18BF7FEA655CFD
:10D1600029D094EA050F08BF90EA020F05D054EACF
:10D17000000C04BF1946104630BD91EA030F1EBFD4
:10D180000021002030BD5FEA545C05D140004941D8
:10D1900028BF41F0004130BD14F580043CBF01F5CB
:10D1A000801130BD01F0004545F0FE4141F47001B1
:10D1B0004FF0000030BD7FEA645C1ABF194610468C
:10D1C0007FEA655C1CBF0B46024650EA013406BF8D
:10D1D00052EA033591EA030F41F4002130BD00BF4C
:10D1E00090F0000F04BF0021704730B54FF4806409
:10D1F00004F132044FF000054FF0000150E700BF8A
:10D2000090F0000F04BF0021704730B54FF48064E8
:10D2100004F1320410F0004548BF40424FF00001D5
:10D220003EE700BF42004FEAE2014FEA31014FEA18
:10D2300002701FBF12F07F4393F07F4F81F0605167
:10D24000704732F07F4208BF704793F07F4F04BFB2
:10D2500041F40021704730B54FF4607401F000458F
:10D2600021F000411CE700BF50EA010208BF7047EF
:10D2700030B54FF000050AE050EA010208BF7047E0
:10D2800030B511F0004502D5404261EB41014FF449
:10D29000806404F132045FEA915C3FF4D8AE4FF051
:10D2A00003025FEADC0C18BF03325FEADC0C18BF34
:10D2B000033202EBDC02C2F1200300FA03FC20FA85
:10D2C00002F001FA03FE40EA0E0021FA02F11444D2
:10D2D000BDE600BF70B54FF0FF0C4CF4E06C1CEAEB
:10D2E00011541DBF1CEA135594EA0C0F95EA0C0F5C
:10D2F00000F0DEF82C4481EA030621EA4C5123EACF
:10D300004C5350EA013518BF52EA033541F48011FD
:10D3100043F4801338D0A0FB02CE4FF00005E1FBB0
:10D3200002E506F00042E0FB03E54FF00006E1FBFA
:10D3300003569CF0000F18BF4EF0010EA4F1FF043D
:10D34000B6F5007F64F5407404D25FEA4E0E6D417D
:10D3500046EB060642EAC62141EA55514FEAC5208E
:10D3600040EA5E504FEACE2EB4F1FD0C88BFBCF50A
:10D37000E06F1ED8BEF1004F08BF5FEA500E50F1BB
:10D38000000041EB045170BD06F0004646EA010181
:10D3900040EA020081EA0301B4EB5C04C2BFD4EBB3
:10D3A0000C0541EA045170BD41F480114FF0000EAC
:10D3B000013C00F3AB8014F1360FDEBF002001F01A
:10D3C000004170BDC4F10004203C35DA0C341BDC94
:10D3D00004F11404C4F1200500FA05F320FA04F066
:10D3E00001FA05F240EA020001F0004221F000419A
:10D3F00010EBD37021FA04F642EB06015EEA430E0D
:10D4000008BF20EAD37070BDC4F10C04C4F120053C
:10D4100000FA04F320FA05F001FA04F240EA0200EF
:10D4200001F0004110EBD37041F100015EEA430EC0
:10D4300008BF20EAD37070BDC4F1200500FA05F2E0
:10D440004EEA020E20FA04F301FA05F243EA02035F
:10D4500021FA04F001F0004121FA04F220EA02006E
:10D4600000EBD3705EEA430E08BF20EAD37070BDB4
:10D4700094F0000F0FD101F00046400041EB010194
:10D4800011F4801F08BF013CF7D041EA060195F076
:10D49000000F18BF704703F00046520043EB030330
:10D4A00013F4801F08BF013DF7D043EA060370471D
:10D4B00094EA0C0F0CEA135518BF95EA0C0F0CD028
:10D4C00050EA410618BF52EA4306D1D181EA03016E
:10D4D00001F000414FF0000070BD50EA410606BF68
:10D4E0001046194652EA430619D094EA0C0F02D1AD
:10D4F00050EA013613D195EA0C0F05D152EA0336F2
:10D500001CBF104619460AD181EA030101F000410F
:10D5100041F0FE4141F470014FF0000070BD41F058
:10D52000FE4141F4780170BD70B54FF0FF0C4CF432
:10D53000E06C1CEA11541DBF1CEA135594EA0C0F51
:10D5400095EA0C0F00F0A7F8A4EB050481EA030E9E
:10D5500052EA03354FEA013100F088804FEA033385
:10D560004FF0805545EA131343EA12634FEA022253
:10D5700045EA111545EA10654FEA00260EF0004114
:10D580009D4208BF964244F1FD0404F5407402D266
:10D590005B084FEA3202B61A65EB03055B084FEAF7
:10D5A00032024FF480104FF4002CB6EB020E75EBF4
:10D5B000030E22BFB61A754640EA0C005B084FEA1C
:10D5C0003202B6EB020E75EB030E22BFB61A754699
:10D5D00040EA5C005B084FEA3202B6EB020E75EBE4
:10D5E000030E22BFB61A754640EA9C005B084FEA5C
:10D5F0003202B6EB020E75EB030E22BFB61A754669
:10D6000040EADC0055EA060E18D04FEA051545EA57
:10D6100016754FEA06164FEAC30343EA52734FEA00
:10D62000C2025FEA1C1CC0D111F4801F0BD141EA79
:10D6300000014FF000004FF0004CB6E711F4801FDE
:10D6400004BF01430020B4F1FD0C88BFBCF5E06FBE
:10D650003FF6AFAEB5EB030C04BFB6EB020C5FEACE
:10D66000500C50F1000041EB045170BD0EF0004E23
:10D670004EEA113114EB5C04C2BFD4EB0C0541EA55
:10D68000045170BD41F480114FF0000E013C90E652
:10D6900045EA060E8DE60CEA135594EA0C0F08BF16
:10D6A00095EA0C0F3FF43BAF94EA0C0F0AD150EA15
:10D6B00001347FF434AF95EA0C0F7FF425AF1046A8
:10D6C00019462CE795EA0C0F06D152EA03353FF4D0
:10D6D000FDAE1046194622E750EA410618BF52EA4D
:10D6E00043067FF4C5AE50EA41047FF40DAF52EA21
:10D6F00043057FF4EBAE12E74FF0FF3C06E000BFBE
:10D700004FF0010C02E000BF4FF0010C4DF804CDCA
:10D710004FEA410C7FEA6C5C4FEA430C18BF7FEA8A
:10D720006C5C1BD001B050EA410C0CBF52EA430CB8
:10D7300091EA030F02BF90EA020F0020704710F138
:10D74000000F91EA030F58BF994208BF90422CBFC7
:10D75000D8176FEAE37040F0010070474FEA410CC0
:10D760007FEA6C5C02D150EA013C07D14FEA430CDE
:10D770007FEA6C5CD6D152EA033CD3D05DF8040B4F
:10D78000704700BF8446104662468C461946634681
:10D7900000E000BF01B5FFF7B7FF002848BF10F158
:10D7A000000F01BD4DF808EDFFF7F4FF0CBF01209D
:10D7B00000205DF808FB00BF4DF808EDFFF7EAFF19
:10D7C00034BF012000205DF808FB00BF4DF808EDD4
:10D7D000FFF7E0FF94BF012000205DF808FB00BFC9
:10D7E0004DF808EDFFF7CEFF94BF012000205DF853
:10D7F00008FB00BF4DF808EDFFF7C4FF34BF012060
:10D8000000205DF808FB00BF4FEA410212F500124C
:10D8100015D211D56FF47873B3EB625212D94FEA77
:10D82000C12343F0004343EA505311F0004F23FA61
:10D8300002F018BF404270474FF00000704750EAB6
:10D84000013005D111F0004008BF6FF00040704773
:10D850004FF00000704700BF4A0011D212F50012CD
:10D8600011D20DD56FF47873B3EB62520ED44FEA38
:10D87000C12343F0004343EA505323FA02F07047B8
:10D880004FF00000704750EA013002D14FF0FF30F6
:10D8900070474FF0000070474FEA4102B2F1E04399
:10D8A00024BFB3F5001CDCF1FE5C0DD901F0004C87
:10D8B0004FEAC0024CEA5070B2F1004F40EB8300D7
:10D8C00008BF20F00100704711F0804F21D113F103
:10D8D0003872BCBF01F00040704741F480114FEA3C
:10D8E0005252C2F11802C2F1200C10FA0CF320FAC5
:10D8F00002F018BF40F001004FEAC1234FEAD323E2
:10D9000003FA0CFC40EA0C0023FA02F34FEA43034B
:10D91000CCE77FEA625307D150EA01331EBF4FF0D4
:10D92000FE4040F44000704701F0004040F0FE40EF
:10D9300040F40000704700BF7BB972B90029BEBF38
:10D9400000204FF0004106E008BF00281CBF6FF028
:10D9500000414FF0FF3001F053B8ADF1080C6DE914
:10D9600004CE002909DB002B1ADB00F04DF8DDF8AE
:10D9700004E0DDE9022304B07047404261EB41015D
:10D98000002B1BDB00F040F8DDF804E0DDE90223AA
:10D9900004B0404261EB4101524263EB43037047E4
:10D9A000524263EB430300F02FF8DDF804E0DDE9B9
:10D9B000022304B0404261EB41017047524263EBE5
:10D9C000430300F021F8DDF804E0DDE9022304B0B0
:10D9D000524263EB4303704753B94AB9002908BF69
:10D9E00000281CBF4FF0FF314FF0FF3001F008B8A6
:10D9F000ADF1080C6DE904CE00F006F8DDF804E0A6
:10DA0000DDE9022304B070472DE9F0478C468E46CD
:10DA1000089E154604461946002B40F0D0807245FA
:10DA200047D9B2FA82F74FB1C7F120030EFA07FCCB
:10DA300020FA03F3BD4043EA0C0CBC404FEA154EFC
:10DA4000A8B2BCFBFEF8230C0EFB18CC08FB00F9B7
:10DA500043EA0C43994528D9EB1808F1FF3204D268
:10DA6000994502D9A8F102022B44A3EB0903A4B201
:10DA7000B3FBFEFC0EFB1C330CFB00F044EA03443A
:10DA8000A04214D92C190CF1FF3304D2A04202D9C0
:10DA9000ACF102032C44241A43EA02401EB1FC40BC
:10DAA000002334607360BDE8F0874246DDE76346DB
:10DAB000F1E7002A79D0B2FA82F3002B3FD0194661
:10DAC000C1F1200302FA01F52EFA03F20EFA01FE6B
:10DAD00020FA03F343EA0E034FEA154E00FA01F46D
:10DAE000B2FBFEFCAFB20EFB1C201A0C0CFB07F8BD
:10DAF00042EA004290455AD9AA180CF1FF3004D2EC
:10DB0000904502D9ACF102002A44A2EB08029BB274
:10DB1000B2FBFEFC0EFB1C220CFB07F743EA0243A0
:10DB20009F4246D9EB180CF1FF3204D29F4202D932
:10DB3000ACF102022B44DB1B42EA004202E0AEEBF6
:10DB4000020301224FEA154EAFB2B3FBFEFC200CDC
:10DB50000EFB1C330CFB07F840EA034398452AD917
:10DB6000EB180CF1FF3004D2984502D9ACF1020059
:10DB70002B44A3EB0803A4B2B3FBFEFC0EFB1C3347
:10DB80000CFB07F744EA0344A74216D92C190CF101
:10DB9000FF3304D2A74202D9ACF102032C44E41BA8
:10DBA00043EA00400F46114678E71F2188E76046A8
:10DBB000ABE76246BFE76046DBE76346EFE77345E6
:10DBC00006D916B9002108466DE7C6E9000EF9E747
:10DBD000B3FA83F787B9734501D3824207D8841A11
:10DBE0006EEB030301209C461EB900215BE738461B
:10DBF000FAE7C6E9004CF8E7C7F1200CBB4022FA6F
:10DC00000CF51D4320FA0CF12EFA0CF30EFA07FE68
:10DC100041EA0E014FEA154900FA07F4B3FBF9F89F
:10DC20001FFA85FE09FB18300B0C08FB0EFA43EABD
:10DC300000439A4502FA07F240D9EB1808F1FF3089
:10DC400004D29A4502D9A8F102002B44A3EB0A039F
:10DC500089B2B3FBF9F809FB183308FB0EFE41EA61
:10DC600003418E452CD9691808F1FF3304D28E4543
:10DC700002D9A8F10203294443EA0040A0FB02981C
:10DC8000A1EB0E014145CE46434602D306D14C4599
:10DC900004D2B9EB020E68EB05030138002EA4D0C4
:10DCA000B4EB0E0261EB030101FA0CFC22FA07F35C
:10DCB0004CEA0303F940C6E9003196E74046C5E760
:10DCC0004346D9E703685A004CBF43F0004323F0B2
:10DCD0000043184470472DE9F0470546164621B326
:10DCE0004F1EB8464FF0000909EB080404EBD4744A
:10DCF000641005EBC4010846FFF7E4FFA7424FEAB2
:10DD0000C40A15D0B04204D9A1450DD004F1FF38A2
:10DD1000EAE70AF108002844FFF7D4FF0138B042CF
:10DD200003D204F10109DFE700210846BDE8F087CE
:10DD3000B042E9D8F9E70000012806D0022806D051
:10DD40000028044818BF0020704703487047034864
:10DD5000704700BF65E303006BE3030071E303005A
:10DD60001F4B37B504468D1E4BB101A92846AFF3B2
:10DD7000008048B900230920236103B030BD194851
:10DD8000194B1B1ADB10019301992A46FFF7A3FFD9
:10DD900001460028EED0FFF795FF4B68A064012BE9
:10DDA0001BD0002B01F104000EDA0123C4E9130398
:10DDB0000368002B0CDAC3F30360FFF7BDFF031EFB
:10DDC0000CBF09200020D7E7FFF77CFF0023EDE719
:10DDD000FFF778FF03460020CEE700230520CBE7BE
:10DDE00000000000703A0400883B0400036810B58E
:10DDF0000446D80706D413F0020F04F1500018D0DF
:10DE000000F0EAFB2368590703D404F1D80000F0BE
:10DE1000EBFB23681A0703D404F5AC7000F0ECFBAD
:10DE20002368DB0608D404F5EC70BDE8104000F070
:10DE300027BC00F0C9FBE5E710BD0346006800B150
:10DE400018447047704770B505460C46216C28464B
:10DE5000FFF786FF064608B100F000FF236C6B61F8
:10DE600022462B692946012098470828EED007282A
:10DE7000F2D13046216CFFF7E5FF201D00F098FB42
:10DE80002DE9F04F0C1DD0F80C90D0F818A00746E3
:10DE900016460FCCADF5777D03AD0FC50FCC0FC582
:10DEA0000FCC0FC594E80F000DF1080885E80F00AE
:10DEB0000025C8F800500DF5F87BD8F8401038461A
:10DEC000FFF74EFF0936F6B2044670BBD8F8403073
:10DED0007B614FF4F4724146584601F064FB3B69A4
:10DEE0005A46394630469847DBF838300546C8F878
:10DEF00048303A46CDE9008A3B4631460120C847C2
:10DF0000C0B9C4B94FF4F4725946404601F04BFB16
:10DF1000082D2646D1D0072D0CD12046D8F8401028
:10DF2000FFF790FF03A800F043FBD8F8383046F025
:10DF30001006DCE7092420460DF5777DBDE8F08F5B
:10DF40002DE9F041CB6BFAB00D1D0B6406460F4670
:10DF50000FCD01AC0FC40FCD0FC40FCD0FC495E88A
:10DF60000F0084E80F004FF0FF33E8460093D8F825
:10DF700040103046FFF7F4FE78B933694246314627
:10DF8000984708280446F2D04046FFF72FFF062C9A
:10DF900003D139463046FFF756FF09207AB0BDE875
:10DFA000F08110B48261DA6BC16010BC1A6419464A
:10DFB0000022FFF765BF70B5C66843690B6404466D
:10DFC0000D4626B10122FFF75BFF00F047FE036913
:10DFD0000A46014602209847072805D00828F4D1B0
:10DFE00029462046FFF72FFF3046296CFFF72AFF0E
:10DFF000281D00F0DDFAC26808B532B1CA6B0A64A8
:10E00000BDE808400022FFF73BBFFFF799FF09205A
:10E0100008BD30B5039C052911D8DFE801F00503E0
:10E020001003030E012030BD4BB90F2A07D800EBB7
:10E030008200436823600020F5E7436CFAE7022082
:10E04000F1E71FB503AB009300230A461946FFF71B
:10E05000E0FF039805B05DF804FB30B5039C05298B
:10E0600012D8DFE801F005031103030E012030BDD3
:10E0700053B90F2A08D800EB8200236843600020C0
:10E08000F5E723684364FAE70220F0E71FB503AB26
:10E090000093002303920A461946FFF7DEFF05B0FE
:10E0A0005DF804FB2DE9F041D36BADF5107D141D37
:10E0B0001364074688460FCC17AD0FC50FCC0FC5AC
:10E0C0000FCC0FC594E80F0016AE85E80F004FF097
:10E0D000FF3333606C46316C2046FFF741FE90B948
:10E0E0000C2130462246FFF7D1FF41463046B84763
:10E0F00048B9236932462146082098470528054635
:10E1000002D00928E7D109253046FFF76FFE2846DF
:10E110000DF5107DBDE8F0812DE9F04FCD6C87B095
:10E12000174655F8042B04950C4600F003099A464F
:10E1300053BB12028DF81530039203238DF814306F
:10E14000236DB9F1020F08BFA56B13F0010840F071
:10E15000008100F0080300932B68FBB903A938463F
:10E1600000F014FB002840F0F780B8F1000F00F039
:10E17000F5800F213846FFF764FF0E21024638462E
:10E18000FFF784FF764A4AE0130C8DF8153012042D
:10E19000DBB205EB830503920223CFE7BAF1020F4E
:10E1A0000CBFD5F804B0B5F802B0A26C18BF2B882C
:10E1B00001930CBF05F108062E1D0F212BF0010560
:10E1C00038461544FFF73DFF8542019B29D823F0CF
:10E1D00001022A44824294BF002201224FEA4B00EE
:10E1E00000F0020003F0010340EA0305012D1AD0FC
:10E1F000022D60D0002D40F0AF80351DB9F1000F29
:10E20000AAD0002AA8D03046FFF75CFDA5630646D9
:10E210002046AFF30080002800F09E8032460F2198
:10E220003FE00022DAE7B9F1000F26D1002A3FD003
:10E2300073683268991C4FEAD27200F08D8004F145
:10E2400058010133029109D0301DFFF7F6FD02ABF2
:10E2500001462046AFF30080054648B30D213846FD
:10E26000FFF7EFFE022D029B206202D1E36204F170
:10E270002C03C4E90936062017E00D213846FFF7C4
:10E28000E0FE256A854213D1A36A9E4210D1304632
:10E29000FFF718FD0F2102463846FFF7F7FE22462A
:10E2A00000213846FFF7F2FE072007B0BDE8F08FE7
:10E2B00006F1080550E7356825F00045B9F1000F73
:10E2C0002AD19AB1009BCBB185B9CB4618E00BF1AE
:10E2D000010B019B029306EB8B00FFF7AEFD0022C2
:10E2E000014602AB2046AFF3008060B13368002BDB
:10E2F00000DA0436013506EB85052DE7DDF800B0C0
:10E3000004F158030193AB45E1D10D213846FFF7E5
:10E3100098FE029B2062ACE70D213846FFF791FE84
:10E32000D4F820B08345E1D1A36A9E42DED14FF0FC
:10E3300000080423C4E90B83F318A5626363336800
:10E34000434503DA681C06EB8000A1E74FF00108A3
:10E35000D0E74FF0000801E70920A6E70820A4E76E
:10E36000000000000023FFF7D7BE0123FFF7D4BE53
:10E370000223FFF7D1BE2DE9F0410446C2B0154695
:10E380001E4605292AD8DFE801F003202983AE1AAA
:10E3900026BB836B92B20121043001FA06F71742C3
:10E3A0001CBF53F8047B40F826700136102EF4D1C0
:10E3B000A90400D4A363002042B0BDE8F081836BC0
:10E3C00062B953F8042B4264F4E7012E4FEA124875
:10E3D00095B205D108EB0503102B19D90220EBE704
:10E3E000052EFBD108EB0507202FF7D8B8F10F0F4A
:10E3F00040F2A08075B32F462368580740F1A580EE
:10E40000204623F0040340F8D83B00F0F1F89CE0EC
:10E41000B8F1100FE2D0002790E0052E04F1500073
:10E4200007D123F0010343F00203236000F0D8F882
:10E4300088E023F00303236000F0CAF882E0B8F11B
:10E440000F0F02D820A800F0CBF81FB1684600F0EB
:10E45000CFF883E0002783E020AA02EBC80269001E
:10E46000A3EB020C013902EB0C0002D203EBC50551
:10E470007BE0006842F8040BF4E751F8040B43F822
:10E48000040F7FE00435A56320A800F09DF892E713
:10E49000032EA3D197B207EB1245102D4FEA124677
:10E4A0009CD80368190706D523F00803036000F51C
:10E4B000AC7000F0C3F820AD284600F0BFF8A26BA6
:10E4C00005EBC6037900D61A013903EB060006D224
:10E4D00002EBC702A263284600F08EF86BE70068E3
:10E4E00043F8040BF0E7002E7FF478AF102A3FF6D4
:10E4F00075AF0368DA0606D523F01003036000F554
:10E50000EC7000F0C7F820AE304600F0C3F8A36B03
:10E510000022012101FA02F028421CBF53F8040B2B
:10E5200046F822000132042AF4D1A363304600F0F9
:10E53000A7F840E7102F7FF66EAF103F2368DA0789
:10E540003FF56BAF002F7FF457AF012E7FF477AF0D
:10E5500020A800F03DF8002F3FF47CAFC8F1100573
:10E56000002DA36B3FF778AF1D4687B14346102BB4
:10E5700042A938BF102301EBC3033AB25200A3F5FE
:10E58000C6732946013ABFF478AF05EBC705012EE3
:10E590003FF478AFB8F10F0FA56302D820A800F0C0
:10E5A0001BF8002F3FF407AF684600F01DF802E7A4
:10E5B00000F1340191E838009C46A6464CF8045D11
:10E5C00090E8FF0FE54600BD90EC210B704700BFBF
:10E5D00080EC210B704700BF90EC200B704700BF10
:10E5E00080EC200B704700BFD0EC200B704700BFC1
:10E5F000C0EC200B704700BFF0EC0201F0EC021100
:10E60000F0EC0221F0EC0231F0EC0241F0EC0251AE
:10E61000F0EC0261F0EC0271F0EC0281F0EC02919E
:10E62000F0EC02A1F0EC02B1F0EC02C1F0EC02D18E
:10E63000F0EC02E1F0EC02F1704700BFE0EC020107
:10E64000E0EC0211E0EC0221E0EC0231E0EC0241EE
:10E65000E0EC0251E0EC0261E0EC0271E0EC0281DE
:10E66000E0EC0291E0EC02A1E0EC02B1E0EC02C1CE
:10E67000E0EC02D1E0EC02E1E0EC02F1704700BF17
:10E68000B0FC0181B0FC0191B0FC01A1B0FC01B172
:10E69000704700BFA0FC0181A0FC0191A0FC01A17A
:10E6A000A0FC01B1704700BFEC4600B52DE9005059
:10E6B0002DE9FF1F4FF000032DE90C0001A9FFF722
:10E6C0003FFCDDF840E012B0704700BFEC4600B5FB
:10E6D0002DE900502DE9FF1F4FF000032DE90C003C
:10E6E00001A9FFF768FCDDF840E012B0704700BFF9
:10E6F000EC4600B52DE900502DE9FF1F4FF0000357
:10E700002DE90C0001A9FFF776FCDDF840E012B01E
:10E71000704700BFEC4600B52DE900502DE9FF1F02
:10E720004FF000032DE90C0001ABFFF73AFCDDF8D8
:10E7300040E012B0704700BFEC4600B52DE9005034
:10E740002DE9FF1F4FF000032DE90C0001AAFFF790
:10E75000A9FCDDF840E012B0704700BF027A034622
:10E760007AB9427A82B1013A42724268111D126846
:10E770000260416003221A721A68100E12021A60B7
:10E780007047013AD2B2F6E7B02070472DE9F04366
:10E79000054685B00E4600273046FFF7DFFFB0285C
:10E7A000044613D177B902AC3B460E223946009499
:10E7B0002846FFF72EFC00943B460F223946284698
:10E7C000FFF74BFC002005B0BDE8F08301061FD425
:10E7D00000230DF108094FEA80080D221946CDF8F3
:10E7E00000902846FFF715FC5FFA88F8029BCDF8E9
:10E7F000009008F1040862064CBFA3EB08034344F1
:10E80000029300230D2219462846FFF726FCC3E792
:10E8100000F0F003802B16D104023046FFF79EFF74
:10E820000443B4F5004F01D10920CCE724010023B3
:10E83000A2B219462846FFF79EFD0028F4D1C4F382
:10E84000C0342743A8E7902B11D100F00D030D2B06
:10E85000EAD00DF10808002300F00F02CDF8008087
:10E8600019462846FFF7D5FBCDF80080C9E7A02B55
:10E870000ED1C34303F007034FF47F621A4103072D
:10E8800002F47F6201D542F480420023194647E03A
:10E89000B02B61D1A0F1B103042B51D8DFE803F014
:10E8A000030C313D47003046FFF758FF431EDBB2F3
:10E8B0000E2B0246E9D9B7E7002302AC0D22194618
:10E8C00000942846FFF7A5FB3046FFF747FF4FF0BF
:10E8D000020810F08003029A07D100FA08F002F54E
:10E8E00001720244029200948CE700F07F0000FA6B
:10E8F00008F010440290304608F10708FFF72EFF99
:10E90000E7E73046FFF72AFF020300F00F0002F4AA
:10E910007022013001230243B8E700231A46052183
:10E920002846FFF728FD00283FF436AF7CE703AB0D
:10E93000009300230D2219462846FFF76AFB2BE7B8
:10E9400000F0FC03B42B3FF46FAF00F0070201327C
:10E95000012342F4002299E7C02B44D1C6280AD1F2
:10E960003046FFF7FBFE020300F00F0002F47022B6
:10E9700001300323CFE7C7280BD13046FFF7EEFE67
:10E98000431EDBB20E2B02463FF64EAF002304219E
:10E99000C6E700F0F803C02B06D100F00F020132E9
:10E9A000032342F4202271E7C8280DD13046FFF737
:10E9B000D5FE00F0F00200F00F0010320130052308
:10E9C00040EA02320121ABE7C9287FF42DAF30467F
:10E9D000FFF7C4FE020300F00F0002F470220130C2
:10E9E00005230243EEE700F0F803D02B7FF41CAFC1
:10E9F00000F007020132052342F40022E2E70000A2
:10EA0000704700BF38B52DED028B55EC104B00F070
:10EA10002DF822462B4620462946B0EE408AF0EEDD
:10EA2000608A00F043FF30B90022002320462946C7
:10EA3000FEF7C2FE30B9B0EE480AF0EE680ABDEC4F
:10EA4000028B38BD00F070FD0022002321210160FF
:10EA500010461946FEF768FD41EC180BB0EE480A67
:10EA6000F0EE680ABDEC028B38BD00BF2DE9F84F0F
:10EA7000774955EC104BA94300F0AE80002D2A4693
:10EA8000234655DD2C1562D0C2F31302E107A4F230
:10EA9000FF3742F4801203D4520002EBD3725B00C2
:10EAA0005200002602EBD3727F105B001624B4469E
:10EAB0004FF400110CEB010090424FEAD3754FEA7E
:10EAC000430303DC00EB010C121A0E44013C05EB7E
:10EAD00042024FEA5101EDD1A04620254FF00040FF
:10EAE0000AE043D0510001EBD371013D0A464FEAE1
:10EAF00043034FEA500045D0624500EB080EF0DDBD
:10EB0000BEF1000F0EEB00080CDBE146A2EB0C019E
:10EB10009E4588BF01F1FF314900CC46A3EB0E03AF
:10EB20000444E0E7B8F1000FEFDB0CF10109EDE779
:10EB300025F00041214346D0002D74D1D90A153A61
:10EB40005B050029FAD0CE0214467DD40A46002186
:10EB50005200D502084601F10101F9D5C1F12005A5
:10EB600023FA05F52A438B40241A8DE79E4502D9E6
:10EB70004FEA4C01B7E7BEF1000F0EEB000824DBB3
:10EB80000021CBE7194312D0DFF8C8A0DFF8C8B0E6
:10EB9000DAE90001DBE90023FEF7E4F9DAE90089AC
:10EBA00002460B4640464946FEF710FE10BB65087C
:10EBB000711001F17F5101F5001101EB075345EA96
:10EBC000C67243EC102BBDE8F88FB8F1000FD7DB0D
:10EBD0000CF1010C0021A1E722462B4620462946D4
:10EBE000FEF778FB22462B46FEF7BEF941EC100BF0
:10EBF000BDE8F88FB4F1FF3FDAE90001DBE900235B
:10EC00001ED0FEF7B1F9DAE9008902460B4640460C
:10EC10004946FEF7D1FDA8B1A31C04F1020508BFC7
:10EC200001366D08C4E722462B4620462946FEF7EA
:10EC300099F902460B46FEF777FC41EC100BC2E750
:10EC40000136B5E70134B2E74FF0FF300A468BE7F3
:10EC50000000F07F203804001838040008B50620B2
:10EC600000F05AFC0120F7F727FA0A22002100F0F1
:10EC70002DB90A22002100F029B9000070B50F4E0D
:10EC80000C463168054611B9F7F720FA3060214685
:10EC90002846F7F71BFA431C03D14FF0FF342046F8
:10ECA00070BDC41C24F00304A042F8D0211A2846E9
:10ECB000F7F70CFA0130F2D1EFE700BF50740020F3
:10ECC0002DE9F843CD1C25F0030508350C2D38BF80
:10ECD0000C25002D064601DBA94204D90C23336024
:10ECE0000020BDE8F883DFF8D48000F069F8D8F898
:10ECF00000301C4644BB29463046FFF7BFFF431C8B
:10ED0000044658D1D8F800402746002F43D1002CA4
:10ED10004BD023683946304604EB0309F7F7D6F9A0
:10ED2000814542D121686D1A29463046FFF7A6FF7A
:10ED300001303AD023682B442360D8F800305A6859
:10ED400062BBC8F800700FE02268521B20D40B2A67
:10ED500017D96119A342256018BF5960636808BFBD
:10ED6000C8F8001062514B60304600F02FF804F1F3
:10ED70000B00231D20F00700C21A1CBF1B1AA35052
:10ED8000AFE76268A3420CBFC8F800205A60EBE707
:10ED900023466468AEE73C467F68B6E71A465B6880
:10EDA000A342FBD100235360DEE70C2333603046DF
:10EDB00000F00CF894E70560D6E700BF547400201B
:10EDC000014800F0DCBB00BF94750020014800F052
:10EDD000D7BB00BF94750020242B2DE9F047864651
:10EDE000904601D8012B06D100F09EFB162303604C
:10EDF0000020BDE8F08734480D462A4615F8014B3F
:10EE0000065D16F00806F8D12D2C10D12C780126BD
:10EE1000951C33F0100215D1302C0DD12A7802F058
:10EE2000DF02582A08D16C78023510230AE02B2C17
:10EE300004BF2C78951CECE7002BF6D1302C14BFC6
:10EE40000A23082306F1004C0CF1FF3C0022BCFB16
:10EE5000F3F9104603FB19CAA4F13007092F0FD8A4
:10EE60003C46A3421BDD571C07D0814514D301D17A
:10EE7000A24511DB00FB0340012215F8014BEBE733
:10EE8000A4F14107192F01D8373CEAE7A4F1610743
:10EE9000192F04D8573CE4E74FF0FF32EDE7531C3D
:10EEA00008D12223CEF800306046B8F1000FA0D080
:10EEB000691E06E006B14042B8F1000F99D0002A61
:10EEC000F6D1C8F8001094E72938040013460A4622
:10EED000014602480068FFF77FBF00BFEC0C00202E
:10EEE0002DE9F043344E86460D46284615F8014B71
:10EEF000375D17F00807F8D12D2C10D12C78012799
:10EF0000851C33F0100015D1302C0DD1287800F07D
:10EF1000DF00582808D16C78023510230AE02B2C2A
:10EF200004BF2C78851CECE7002BF6D1302C14BFE5
:10EF30000A2308234FF0FF380026B8FBF3F803FB41
:10EF400008F96FEA09093046A4F1300CBCF1090F49
:10EF500010D86446A3421EDDB6F1FF3F07D08045BE
:10EF600016D301D1A14513DB00FB0340012615F8A0
:10EF7000014BE9E7A4F1410CBCF1190F01D8373C72
:10EF8000E8E7A4F1610CBCF1190F04D8573CE1E7A4
:10EF90004FF0FF36EBE7731C06D12223CEF800308A
:10EFA000304632B9BDE8F08307B14042002AF9D0BB
:10EFB00006B1691E1160F5E72938040013460A46B8
:10EFC000014602480068FFF78BBF00BFEC0C002031
:10EFD000B1F90C202DE9F041160705460C4651D435
:10EFE0004B68002B02DC0B6C002B49DDE66A002E1F
:10EFF00046D0002312F480522F682B6031D0626D0E
:10F00000A389590705D56368D21A636B0BB1236CCA
:10F01000D21A0023E66A216A2846B047421CB4F996
:10F020000C3006D129681D2946D8294ACA40D6077E
:10F0300042D500226260D9042269226004D5421CB4
:10F0400001D12B6803B96065616B2F60C1B104F118
:10F050004403994202D0284600F0BCFA00236363BF
:10F060000EE0216A01232846B0470246501CC7D152
:10F070002B68002BC4D01D2B01D0162B1AD12F606A
:10F0800000201EE00F69002FFAD093070E6808BF1A
:10F090004B690F6018BF0023A6EB07088B60B8F11F
:10F0A000000FEDDD216AA66A43463A462846B0477E
:10F0B000002808DCB4F90C3043F04003A3814FF082
:10F0C000FF30BDE8F0810744A8EB0008E7E700BF88
:10F0D0000100402038B50B6905460C4613B90025E0
:10F0E000284638BD18B1036A0BB900F0BDF8B4F971
:10F0F0000C30002BF3D0626ED00704D4990502D4F3
:10F10000A06D00F03CFA28462146FFF761FF636ED0
:10F11000DA070546E4D4A3899B05E1D4A06D00F08D
:10F120002FFADDE7014620B9044A0549054800F0F9
:10F13000B3B8054B1868FFF7CDBF00BFE00C002047
:10F14000D5F00300F00C0020EC0C0020002310B5DB
:10F150000446C0E90033C0E904338360818143661B
:10F16000C2818361194608225C3000F00FF90D4B13
:10F1700063620D4BA3620D4BE3620D4B23630D4B9A
:10F1800024629C4206D003F16802944202D0D0333C
:10F190009C4205D104F15800BDE8104000F0EEB9E2
:10F1A00010BD00BFE5F2030007F303003FF30300C7
:10F1B00065F3030058740020024A0349034800F035
:10F1C0006BB800BFE00C0020D5F00300F00C00206D
:10F1D00041680C4B994210B5044601D0FFF77AFF05
:10F1E000A168094B994202D02046FFF773FFE168FE
:10F1F000064B994204D02046BDE81040FFF76ABF95
:10F2000010BD00BF58740020C07400202875002075
:10F210000C4B0D4A0D4810B504211A600022FFF76F
:10F2200095FF0A4B01221C46092103F16800FFF7F4
:10F230008DFF04F1D0000222BDE810401221FFF73B
:10F2400085BF00BF90750020B9F1030058740020FD
:10F25000014800F094B900BF95750020014800F006
:10F260008FB900BF9575002010B50446FFF7F0FF79
:10F27000236A1BB1BDE81040FFF7F0BF044B2362C7
:10F28000044B1B68002BF5D1FFF7C2FFF2E700BF6C
:10F29000D1F10300907500202DE9F8430746884618
:10F2A00014460026D4E90195B9F1010905D5246871
:10F2B000002CF7D13046BDE8F883AB89012B07D984
:10F2C000B5F90E30013303D029463846C04706430E
:10F2D0006835E9E7024B1868416800F0C5B900BF1E
:10F2E000EC0C002010B50C46B1F90E10F6F717FF24
:10F2F0000028ABBF636DA3891B1823F48053ACBFF8
:10F300006365A38110BD2DE9F0411F468B89DB05A4
:10F3100005460C46164605D5B1F90E10022300220B
:10F32000F6F70AFFA389B4F90E1023F48053A381E2
:10F3300032463B462846BDE8F041F6F7F4BE10B52C
:10F340000C46B1F90E10F6F7F7FEB4F90C30421C7A
:10F350000BBF23F4805343F48053A381A38118BFD0
:10F36000606510BDB1F90E10F6F7E1BE10B50139B8
:10F370000244904201D1002005E0037811F8014FCA
:10F38000A34201D0181B10BD0130F2E7024403462E
:10F39000934200D1704703F8011BF9E710B502460C
:10F3A000147813460132002CFAD1013B11F8012BDD
:10F3B00003F8012F002AF9D110BDC9B2034618463F
:10F3C00013F8012B12B18A42F9D17047002918BFF6
:10F3D0000020704730B50446257823460134002DBF
:10F3E000FAD1013A04D311F8014B03F8014B04B9E7
:10F3F00030BD002AF5D11A70F3E710B56AB10139B2
:10F40000841810F8012B11F8013F9A4203D1A04251
:10F4100001D0002AF5D1D01A10BD1046FCE710B576
:10F420000139034632B111F8014F03F8014B013A9B
:10F43000002CF7D11A440021934200D110BD03F8EB
:10F44000011BF9E7F0B5044608B9146844B1204639
:10F4500014F8015B0F4617F8016B1EB965B915600A
:10F46000002005E0B542F6D1002BF0D11460037006
:10F47000F0BD1C460CE01DB9274614F8013B0E46B2
:10F4800016F8015BAB42F6D1002BF2D000233B70A3
:10F490001460EDE70123FFF7D5BF0A7870B56AB9AC
:10F4A00070BD9A4209D10C46054614F8013F002B65
:10F4B000F6D015F8016F9E42F7D001300378002B8B
:10F4C000EFD11846ECE71F2938B505460C4604D99C
:10F4D000162303604FF0FF3038BDC26B12B152F8F3
:10F4E00021304BB92846F6F70FFE22460146284642
:10F4F000BDE83840F6F70EBE012B0AD0591C03D1E7
:10F50000162303600120E7E7002142F8241020467B
:10F5100098470020E0E70000024B01461868FFF71B
:10F52000D2BF00BFEC0C0020014B1868704700BF31
:10F53000EC0C002070B50D4B0D4D5B1B9C10002694
:10F54000A64209D1F6F7B6FD0A4D0B4B5B1B9C108A
:10F550000026A64205D170BD55F8043B98470136F8
:10F56000EEE755F8043B98470136F2E76C3A0400A1
:10F570006C3A04006C3A0400703A0400704770471B
:10F58000704710F8012B11F8013B012A28BF9A425D
:10F59000F7D0D01A7047034611F8012B03F8012B5E
:10F5A000002AF9D170470A44914200F1FF3300D19B
:10F5B000704710B511F8014B03F8014F9142F9D192
:10F5C00010BD034613F8012B002AFBD1181A01388D
:10F5D0007047000038B50546002941D051F8043C79
:10F5E0000C1F002BB8BFE418FFF7EAFB1D4A136895
:10F5F00033B9636014602846BDE83840FFF7E6BBC6
:10F60000A34208D9206821188B4201BF19685B68A2
:10F6100009182160EDE71A465B680BB1A342FAD9DD
:10F6200011685018A0420BD1206801445018834241
:10F630001160E0D118685B68536008441060DAE735
:10F6400002D90C232B60D6E7206821188B4204BF17
:10F6500019685B68636004BF091821605460CAE7D9
:10F6600038BD00BF5474002038B50C46054618B1AB
:10F67000036A0BB9FFF7F8FD636ED80705D4A389B9
:10F68000990502D4A06DFFF77AFF6368013B002B58
:10F6900063600FDA2846214600F011F80546636ED4
:10F6A000DA0705D4A3899B0502D4A06DFFF768FF94
:10F6B000284638BD23685A1C22601D78EFE738B50C
:10F6C0000C46054618B1036A0BB9FFF7CDFD21467C
:10F6D000284600F01BF838B96368013B6360236873
:10F6E0005A1C2260187838BD4FF0FF30FBE700004D
:10F6F0008B8903F00903092B03D1034B1868FFF72B
:10F70000E9BC0020704700BFEC0C002070B50C462F
:10F71000054618B1036A0BB9FFF7A6FD0023636025
:10F72000B4F90C309E0608D4580744D4D90607D43F
:10F7300009222A6043F04003A3814FF0FF3070BDDF
:10F740001A070BD521462846FFF7C4FC0028F4D140
:10F75000B4F90C30A06023F00803A06143F0040367
:10F76000A38123691BB92146284600F065F8B4F946
:10F770000C60B3070FD001231A4A1B491B48A38111
:10F78000FFF78AFDA68106F00906092E03D121465E
:10F790002846FFF71DFC2269666A6369216A2260B8
:10F7A0002846B0470028606017DCB4F90C3016D149
:10F7B00043F02003C0E7616B0029D2D004F1440379
:10F7C000994202D02846FFF705FF00236363236CAC
:10F7D0006360002BC5D0E36B23600020AFE70022FD
:10F7E0006260A7E7E00C0020F1F60300F00C0020B7
:10F7F00070B50C46B1F90E10002996B015461E469C
:10F800000ADAA18911F0800113D14FF4806200203F
:10F8100031602A6016B070BD6A46F6F792FC002887
:10F82000EFDB019901F47041A1F5005359425941B0
:10F83000EBE700214022EAE78B8973B59E07054676
:10F840000C4607D504F1470323602361012363615C
:10F8500002B070BD01AB6A46FFF7CAFF009E2846A2
:10F860003146FFF72DFAB4F90C3038B99A05EFD4C8
:10F8700023F0030343F00203A381E3E743F0800393
:10F88000A381019B2060C4E90406002BE0D0B4F9F9
:10F890000E102846F6F75AFC0028D9D0A38923F089
:10F8A000030343F00103A381D2E700004FEA410CB8
:10F8B0007FEA6C5C02D150EA013C0AD14FEA430C6A
:10F8C0007FEA6C5C02D152EA033C02D14FF00000A7
:10F8D00070474FF0010070470D640200A5840300DB
:10F8E00084000000F5630200A5840300840000008A
:10F8F000DD630200A584030093000000466F756E6F
:10F900006420446576696365733A0025643A20256E
:10F9100073200A00636F61707300696E666F004345
:10F920006F415020736572766572206973206C692F
:10F930007374656E696E67206F6E20706F727420CD
:10F9400025750A0020434C492072657175657374F2
:10F95000732073656E743A2025750A00436F415019
:10F96000206F70656E2072657175657374733A20CF
:10F9700025750A00436F6E6669677572656420506D
:10F98000726F78793A20004E6F6E6500436F756C28
:10F9900064206E6F74207365742070726F787900C4
:10F9A000756E736574002D6F002D64002D63004328
:10F9B0006F756C64206E6F74207061727365205572
:10F9C00052490067636F61705F636C693A206D73C1
:10F9D000672062756666657220746F6F20736D6153
:10F9E0006C6C0067636F61705F636C693A2073656C
:10F9F0006E64696E67206D73672049442025752CFD
:10FA00002025752062797465730A0067636F6170E1
:10FA10005F636C693A206D73672073656E6420665E
:10FA200061696C65640075736167653A20257320B0
:10FA30003C676574205B2D6F7C2D645D7C706F73FB
:10FA4000747C7075743E205B2D635D203C5552497B
:10FA50003E205B646174615D0A002020202020202C
:10FA60002025732070696E67203C736368656D653F
:10FA70003E3A2F2F3C686F73743E5B3A706F72741E
:10FA80005D0A0020202020202020257320696E663A
:10FA90006F0A002020202020202025732070726F04
:10FAA000787920736574203C736368656D653E3AB0
:10FAB0002F2F3C686F73743E5B3A706F72745D0AEF
:10FAC000002020202020202025732070726F78795C
:10FAD00020756E7365740A004F7074696F6E7300E1
:10FAE000202020202D63202053656E6420636F6EDC
:10FAF0006669726D61626C79202864656661756CF7
:10FB0000747320746F206E6F6E2D636F6E666972F2
:10FB10006D61626C652900202020202D6F202069F6
:10FB20006E636C756465204F6273657276652072D2
:10FB30006567697374726174696F6E206F70746940
:10FB40006F6E00202020202D642020696E636C756C
:10FB50006465204F627365727665206465726567BF
:10FB6000697374726174696F6E206F7074696F6EFF
:10FB70000053756363657373004572726F7200673B
:10FB8000636F61703A2074696D656F757420666F7C
:10FB900072206D736720494420253032750A006752
:10FBA000636F61703A207761726E696E672C2069AD
:10FBB0006E636F6D706C65746520726573706F6EC7
:10FBC00073653B20636F6E74696E75696E6720772D
:10FBD00069746820746865207472756E63617465F9
:10FBE00064207061796C6F61640067636F61703A63
:10FBF000206572726F7220696E20726573706F6E0D
:10FC00007365002D2D2D20626C6F636B77697365B2
:10FC1000207374617274202D2D2D0067636F6170E5
:10FC20003A20726573706F6E73652025732C2063A4
:10FC30006F6465202531752E25303275002C202506
:10FC4000752062797465730A252E2A730A002C20A8
:10FC5000656D707479207061796C6F6164005061BA
:10FC6000746820746F6F206C6F6E673B2063616EE9
:10FC7000277420636F6D706C65746520626C6F63B0
:10FC80006B77697365002D2D2D20626C6F636B7728
:10FC900069736520636F6D706C657465202D2D2D03
:10FCA0000067657400706F737400707574002F685E
:10FCB0006F6D652F6861726F6E2F446F63756D6530
:10FCC0006E74732F676974732F696F745F707261DC
:10FCD0006B2F6170702F74656E6E69732F636F6127
:10FCE000705F636C69656E742E63005741524E00FD
:10FCF00067636F61703A2074696D656F7574004950
:10FD00004E464F0052656365697665642025642020
:10FD10004279746573207265706C793A0030782589
:10FD2000582C2000526563656976656420656D70A6
:10FD30007479207265706C7921004552524F5200DF
:10FD4000476F74207265706C792066726F6D2052F7
:10FD5000440025303278253032783A253032782503
:10FD60003032783A25303278253032783A253032C0
:10FD700078253032783A25303278253032783A2575
:10FD8000303278253032783A253032782530327862
:10FD90003A2530327825303278003A25580A004C1E
:10FDA0006F62627920696420746F6F206269670AEC
:10FDB000006765745F6C6F6262795F69643A2025E1
:10FDC0007300496E666F3A0A00307825580A00526F
:10FDD000656365697665642077726F6E67206D7301
:10FDE0006720666F726D61742025730A00496E6624
:10FDF0006F3A00307825580052656365697665640E
:10FE00002077726F6E67206D736720666F726D6109
:10FE10007420257300476F743A20257300466F7570
:10FE20006E64202564207265736F75726365733A22
:10FE30000A00436F756C64206E6F7420706172737A
:10FE4000652069702066726F6D20757269004E6F53
:10FE50007468696E67207772697474656E74207453
:10FE60006F206473742C2069705F6C656E203E2077
:10FE70006D617820616C6C6F776564206C656E00D5
:10FE80006775695F68697400636F61703A2F2F5BF3
:10FE9000666630353A3A66655D2F2E77656C6C2D57
:10FEA0006B6E6F776E2F636F726500737472327250
:10FEB000656D6F7465206572726F7200696E69742A
:10FEC000206572726F7200636F72652E72640045F6
:10FED00072726F722067657474696E672052442075
:10FEE00055524900636F61703A2F2F5B666630355B
:10FEF0003A3A66655D0025732573004572726F722C
:10FF000020256400636F61703A2F2F5B6666303581
:10FF10003A3A66655D2F7265736F757263652D6C15
:10FF20006F6F6B75702F00636F61703A2F2F5B25B9
:10FF3000735D2F6869740053656E64696E6720484D
:10FF4000697420746F2025730A20616E6420257304
:10FF50000A00636F61703A2F2F5B25735D2F7374F6
:10FF60006172745F6475656C00636F61703A2F2F06
:10FF70005B25735D2F656E645F6475656C00636FF0
:10FF800061703A2F2F5B25735D2F6C6F6262795F12
:10FF9000696400636F61703A2F2F5B25735D2F6872
:10FFA0006561727462656174003C2F6C6F62627986
:10FFB0003E0053656E64696E6720257300446F6E62
:10FFC000652073656E64696E67206C6F626279206C
:10FFD0007265736F757263650A00756E7265676925
:10FFE000737465725F6C6F6262792063616C6C65BB
:10FFF000642077697468206E6F2076616C69642074
:020000024000BC
:1000000072640053656E64696E672025730A00444C
:100010006F6E65207265766F6B696E67206C6F62BC
:100020006279207265736F757263650A0041736B44
:10003000656420696620696D207265616479007469
:100040007275650066616C7365002F686F6D652F52
:100050006861726F6E2F446F63756D656E74732F78
:10006000676974732F696F745F7072616B2F617051
:10007000702F74656E6E69732F637573746F6D5F27
:100080007265736F75726365732E630055524920F4
:1000900025732077616E747320746F20737461729E
:1000A00074204475656C00416363657074656420F9
:1000B0006475656C004465636C696E656420647585
:1000C000656C006877616464725F7374723A2025AE
:1000D000730041636B004F7468657220706C6179C6
:1000E0006572206469642061206869742100476F2B
:1000F0007420686561727462656174002F6C6F6250
:100100006279004572726F722072656164696E6710
:100110002041434320646576696365004572726FD0
:10012000722072656164696E67204759524F20647E
:100130006576696365004572726F722072656164ED
:10014000696E67204D414720646576696365005B91
:1001500025735D20496E2025733A256C64207C2030
:100160000054686973206973206E6F64652025648C
:100170000A0067636F6170206578616D706C65203F
:10018000617070007368656C6C5F7468726561643F
:10019000002F686F6D652F6861726F6E2F446F63FB
:1001A000756D656E74732F676974732F696F745FF3
:1001B0007072616B2F6170702F74656E6E69732F32
:1001C0006D61696E2E637070005374617274696E34
:1001D00067205368656C6C0025303258004E6F20E4
:1001E0004775692055524920466F756E642E2E2E34
:1001F0000073656E645F715F616E645F68656967F7
:100200006874005061636B65742068617320626577
:10021000656E2064726F70706564005061636B6519
:100220007420717565756520746F6F2066756C6CD0
:1002300000557365725377005368656C6C20746861
:1002400072656164006D61696E0053656172636817
:10025000696E67205265736F757263652064697299
:100260006563746F72792E2E2E0053656172636818
:10027000696E6720666F72204755492E2E2E0053F7
:1002800074617274696E6720736561726368206659
:100290006F7220706C61796572732E2E2E004E6F16
:1002A000206F7468657220706C6179657273206666
:1002B0006F756E642C207374617274696E67206E42
:1002C0006577206C6F626279005265676973746547
:1002D00072696E67204C6F6262792E2E2E0050611B
:1002E00072746E6572206661696C65642068656110
:1002F00072746265617400466F756E6420706C6123
:10030000796572202564005374617274696E672088
:1003100061206475656C0041636365707465642079
:10032000696E746F204C6F626279207769746820FF
:1003300049442025730A0074657374007265670070
:100340006C6973745F7361756C73004C697374735B
:1003500020616C6C205361756C20646576696365FF
:1003600073006765745F6964004769766573204947
:1003700044206F66207468697320646576696365DC
:10038000007570646174655F7265736F7572636523
:10039000730055706461746573207265736F757254
:1003A0006365206C6973740066696E645F706C616C
:1003B000796572730046696E647320706C6179654B
:1003C00072732066726F6D207265736F75726365EC
:1003D000206C697374007072696E745F6970730069
:1003E0007072696E74732069707300686974206834
:1003F000617070656E640075736275730052494F69
:10040000542D00307825582000436F41502052442D
:1004100020636F6E6E656374696F6E2073746174B0
:1004200075733A0020202D2D2D206E6F742072657B
:100430006769737465726564207769746820616E9A
:1004400079205244202D2D2D005244206164647285
:100450006573733A20636F61703A2F2F5B25735D6C
:100460003A25690A002020206570206E616D653A8A
:100470002025730A0020206C69666574696D653AF1
:10048000202569730A002020202072656720696694
:100490003A2025730A0020206C6F636174696F6EC7
:1004A0003A2025730A00636F72645F6570004641ED
:1004B000494C454420415353455254494F4E2E0018
:1004C00030782578203D3E20006D61696E28293AFC
:1004D00020546869732069732052494F54212028A1
:1004E00056657273696F6E3A206263643039642DA9
:1004F0004845414429002A2A2A2052494F54206B5A
:1005000065726E656C2070616E69633A0A25730AC4
:100510000A002A2A2A2068616C7465642E0A007316
:1005200063686564756C657228293A207374616329
:100530006B206F766572666C6F7720646574656397
:100540007465642C207069643D2568690A00535401
:1005500041434B204F564552464C4F570073746FE2
:1005600070706564007A6F6D62696500736C6565B3
:1005700070696E6700626C206D7574657800626CDE
:1005800020727800626C2073656E6400626C207269
:1005900065706C7900626C20616E79666C00626CCB
:1005A00020616C6C666C00626C206D626F7800621A
:1005B0006C20636F6E640072756E6E696E6700709A
:1005C000656E64696E6700496E736964652069735E
:1005D000722025640A004E4D492048414E444C4546
:1005E00052004D454D204D414E4147452048414E1A
:1005F000444C455200425553204641554C542048E6
:10060000414E444C455200555341474520464155C3
:100610004C542048414E444C4552004445425547B5
:10062000204D4F4E2048414E444C45520044554DBC
:100630004D592048414E444C4552000A49535220DE
:10064000737461636B206F766572666C6F77656437
:1006500000537461636B20706F696E746572206300
:100660006F727275707465642C2072657365742086
:10067000746F20746F70206F6620737461636B00F9
:10068000616374697665207468726561643A2025D7
:1006900068690A000A436F6E746578742062656643
:1006A0006F726520686172646661756C743A0020CF
:1006B000202072303A2030782530386C780A20209B
:1006C0002072313A2030782530386C780A2020208A
:1006D00072323A2030782530386C780A2020207227
:1006E000333A2030782530386C780A002020723177
:1006F000323A2030782530386C780A2020206C720D
:100700003A2030782530386C780A20202070633AFF
:100710002030782530386C780A20207073723A20A7
:1007200030782530386C780A0A004653522F4641FB
:10073000523A0020434653523A2030782530386CE4
:10074000780A0020484653523A2030782530386CD9
:10075000780A0020444653523A2030782530386CCD
:10076000780A0020414653523A2030782530386CC0
:10077000780A0020424641523A2030782530386CC1
:10078000780A004D4D4641523A2030782530386C79
:10079000780A004D697363004558435F5245543AE7
:1007A0002030782530386C780A00416374697665AA
:1007B000207468726561643A202568692022257377
:1007C000220A0048617264206661756C74206F6350
:1007D00063757272656420696E20495352206E758C
:1007E0006D6265722025640A00417474656D7074D1
:1007F000696E6720746F207265636F6E73747275B3
:10080000637420737461746520666F72206465621E
:10081000756767696E672E2E2E00496E2047444229
:100820003A0A2020736574202470633D3078256C6B
:10083000780A20206672616D6520300A202062747B
:100840000A000A49535220737461636B206F766506
:1008500072666C6F776564206279206174206C65C4
:100860006173742025642062797465732E0A0048D0
:10087000415244204641554C542048414E444C4539
:10088000520067636F6170006572726F723A207018
:1008900061636B6574206275666665722066756C4F
:1008A0006C0069707636002A0064656661756C7448
:1008B0002573200025732F2575200076696120257A
:1008C000732000646576202325750A006465762010
:1008D00023257520006C6C616464722025732000F0
:1008E000726F757465720020657870697265732027
:1008F000256C7520736563002064657072656361A3
:1009000074657320256C752073656300676E726370
:100910005F6E657469663A2063616E277420717535
:10092000657565207061636B657420666F722073F6
:10093000656E64696E672C2064726F702069740044
:10094000676E72635F6E657469663A2063616E27D5
:1009500074207175657565207061636B65742066C0
:100960006F722073656E64696E672C2074727920D3
:1009700073656E64696E6700676E72635F6E65743F
:1009800069663A20696E6974202575206661696C14
:1009900065643A2025640A00416464726573732DAE
:1009A0007265736F6C7574696F6E207374617465B2
:1009B0002D6D616368696E65206E6F74206163746C
:1009C0006976617465642E204E65696768626F722E
:1009D000732066726F6D20696E74657266616365FF
:1009E0002025750A77696C6C206E6F742062652013
:1009F00061626C6520746F207265736F6C76652020
:100A0000616464726573732025730A202020205569
:100A1000736520434F4E4649475F474E52435F49F7
:100A20005056365F4E49425F4152534D3D3120741E
:100A30006F2061637469766174652E0A006E726658
:100A4000383032313534000A2121212120676E727D
:100A5000635F6E65747265673A20696E6974696177
:100A60006C697A65206D6573736167652071756562
:100A70007565206F66207468726561642025752035
:100A80007573696E67206D73675F696E69745F71F6
:100A900075657565282920212121210A0A00366CF7
:100AA0006F00FF7F3F1F0F07030100676E72635FD8
:100AB000736F636B3A2064726F70706564206D654C
:100AC000737361676520746F2025702028776173C8
:100AD0002066756C6C290A00676E72635F736F63C2
:100AE0006B3A2074696D656F757420213D2030204C
:100AF00077697468696E20746865206173796E63C4
:100B000068726F6E6F75732063616C6C6261636B8A
:100B1000206C65616420746F20756E657870656304
:100B20007465642064656C617973207769746869A1
:100B30006E20746865206173796E6368726F6E6F82
:100B400075732068616E646C65722E007564700048
:100B500030313233343536373839414243444546F3
:100B60000030313233343536373839616263646589
:100B700066006C327574696C3A2063616E2774206C
:100B8000636F6E76657274206861726477617265F6
:100B9000206164647265737320746F204555492D1C
:100BA000363420666F7220646576696365207479D7
:100BB00070652025640A006C327574696C3A206394
:100BC000616E277420636F6E7665727420494944A4
:100BD00020746F206861726477617265206164645B
:100BE0007265737320666F72206465766963652031
:100BF000747970652025640A006C327574696C3AEA
:100C00002063616E27742067657420616464726577
:100C10007373206C656E6774682066726F6D204E0A
:100C20004450206C696E6B2D6C6179657220616433
:100C30006472657373206F7074696F6E20666F7273
:100C40002064657669636520747970652025640A7F
:100C500000666E692B00666E69006E616E00666EDE
:100C6000692D00296C696E28004300410030782509
:100C70006C580A00232120657869742025693A2080
:100C8000706F776572696E67206F66660A004E52F4
:100C9000465F54454D5000556E61626C6520746F1F
:100CA00020646973706C61792064617461206F6283
:100CB0006A65637400446174613A000925303264E6
:100CC0003A253032643A253032640A00092530343E
:100CD000642D253032642D253032640A005B257581
:100CE0005D200025313164202563002531316420E9
:100CF0000025313173200025696525690051005FA9
:100D0000006E616D650009706964207C20252D32BC
:100D100031737C20252D397351207C20707269201D
:100D20007C20737461636B202028207573656429AF
:100D30002028206672656529207C20626173652009
:100D40006164647220207C2063757272656E742009
:100D5000202020200A000920202D207C2069737289
:100D60005F737461636B20202020202020202020CE
:100D700020207C202D20202020202020202D207CA1
:100D80002020202D207C2025366920282535692922
:100D9000202825356929207C2025313070207C20B1
:100DA000253130700A000925336869207C20252D03
:100DB000323073207C20252D387320252E3173206E
:100DC0007C20253369207C2025367520282535692F
:100DD00029202825356929207C2025313070207C68
:100DE0002025313070200A0053554D0009253573F8
:100DF00020252D3231737C25313373253673202520
:100E000036692028253569292028253569290A00D1
:100E10005B6175746F5F696E69745F7361756C5D3A
:100E2000206572726F7220696E697469616C697A8B
:100E3000696E67206170647339397878202325756D
:100E40000A006170647339397878005B6175746F7A
:100E50005F696E69745F7361756C5D206572726F36
:100E60007220696E697469616C697A696E67204283
:100E70004D58323830202325690A00626D703238AF
:100E800030005B6175746F5F696E69745F73617563
:100E90006C5D206572726F7220696E697469616C35
:100EA000697A696E67206C6973336D646C202325E1
:100EB000750A006C6973336D646C005B6175746FE7
:100EC0005F696E69745F7361756C5D206572726FC6
:100ED0007220696E697469616C697A696E67206CE9
:100EE000736D3664737878202325750A006C736DF2
:100EF0003664737878005B6175746F5F696E6974CE
:100F00005F7361756C5D20696E697469616C697A83
:100F1000696E672042415420766F6C74616765206A
:100F20002325750A00424154004C45442052656413
:100F3000202844313329004C454420426C756520FB
:100F400028436F6E6E29005B6175746F5F696E690F
:100F5000745F7361756C5D206572726F7220696E6B
:100F6000697469616C697A696E6720736874337833
:100F7000202325750A007368743378310057533283
:100F800038315820524742204C4544007265676909
:100F9000737465720075736167653A2025732072FA
:100FA00065676973746572203C72656769737472F2
:100FB0006174696F6E207572693E0A00496620741B
:100FC000686520726567697374726174696F6E20F9
:100FD0005552492773207061746820697320656DCC
:100FE0007074792C207468652072656769737472F7
:100FF0006174696F6E207265736F757263652069C5
:1010000073206175746F2D646973636F76657265A3
:1010100064006578616D706C653A20257320726597
:1010200067697374657220636F61703A2F2F5B324A
:101030003030313A6462383A3A315D3A39390A002F
:101040006572726F723A20756E61626C6520746FA2
:1010500020706172736520757269006572726F72BB
:101060003A204F6E6C7920636F61702073636865FE
:101070006D65732061726520737570706F72746531
:1010800064006572726F723A204F6E6C79206970DD
:10109000763620616464726573736573206172656E
:1010A00020737570706F72746564006572726F7210
:1010B0003A20495076362061646472657373206DFE
:1010C000616C666F726D6564005265676973746503
:1010D00072696E672077697468205244206E6F775A
:1010E0002C2074686973206D61792074616B6520B0
:1010F000612073686F7274207768696C652E2E2E7C
:10110000006661696C7572653A207265676973740F
:10111000726174696F6E206661696C6564007265E6
:1011200067697374726174696F6E20737563636548
:10113000737366756C0A00646973636F7665720019
:1011400075736167653A20257320646973636F76F0
:101150006572203C736572766572206164647265A5
:1011600073733E0A006572726F723A20756E616227
:101170006C6520746F2070617273652061646472A5
:10118000657373004164647265737320726563658F
:10119000697665643A202573200A000A25640A00EE
:1011A00074686520726567697374726174696F6EC3
:1011B00020696E74657266616365206973202725F6
:1011C00073270A006572726F723A20756E61626CE5
:1011D0006520746F20646973636F76657220726531
:1011E00067697374726174696F6E20696E74657279
:1011F00066616365007570646174650052442075B2
:101200007064617465207375636365737366756C70
:10121000006572726F723A206E6F74206173736F23
:10122000636961746564207769746820616E7920F0
:101230005244006572726F723A20756E61626C651D
:1012400020746F207265616368205244202D2064F1
:10125000726F70706564206173736F636961746924
:101260006F6E006572726F723A205244207570641E
:10127000617465206661696C65640072656D6F7686
:1012800065006E6F6465207375636365737366755F
:101290006C6C792072656D6F7665642066726F6D17
:1012A000205244006572726F723A20756E61626CF2
:1012B0006520746F207265616368205244202D2080
:1012C00072656D6F7665206173736F6369617469B0
:1012D0006F6E206F6E6C79206C6F63616C6C79003F
:1012E0006572726F723A20756E61626C6520746F00
:1012F0002072656D6F7665206E6F64652066726F13
:101300006D2052440075736167653A202573203C57
:1013100072656769737465727C646973636F7665FF
:10132000727C7570646174657C72656D6F76657CC6
:10133000696E666F3E0A0020284455502129002519
:10134000752062797465732066726F6D2025732530
:101350002525753A2069636D705F7365713D25754C
:101360002074746C3D257500257520627974657351
:101370002066726F6D2025733A2069636D705F730C
:1013800065713D25752074746C3D2575002074725F
:10139000756E6361746564206279202564206279CA
:1013A00074650020636F7272757074656420617477
:1013B000206F6666736574202575002072737369EB
:1013C0003D2568642064426D002074696D653D258B
:1013D0006C752E2530336C75206D73006572726FDD
:1013E000723A2025640A0063616E27742072657367
:1013F0006F6C76652025730A0070696E67207369CB
:101400007A652073686F756C6420626520696E2050
:1014100072616E676520302D36353532372E0025E6
:1014200073205B2D63203C636F756E743E5D205BA3
:101430002D685D205B2D69203C6D7320696E74659D
:101440007276616C3E5D205B2D73203C7061636B36
:10145000657473697A653E5D0A0020202020205B58
:101460002D7420686F706C696D69745D205B2D57F9
:10147000203C6D732074696D656F75743E5D203C12
:10148000686F73743E5B25253C696E746572666196
:1014900063653E5D0A002020202020636F756E7416
:1014A0003A206E756D626572206F662070696E6796
:1014B00073202864656661756C743A2033290020B6
:1014C000202020206D7320696E74657276616C3AFD
:1014D000207761697420696E74657276616C206D25
:1014E000696C6C697365636F6E6473206265747791
:1014F00065656E2073656E64696E67202864656635
:1015000061756C743A20313030302922002020205F
:1015100020207061636B657473697A653A206E751B
:101520006D626572206F6620627974657320696EE2
:10153000206563686F207061796C6F61643B206D1A
:10154000757374206265203E3D203420746F206DD9
:1015500065617375726520726F756E64207472694F
:10156000702074696D65202864656661756C743AD5
:10157000203429002020202020686F706C696D695C
:10158000743A20536574207468652049502074694A
:101590006D6520746F206C6966652F686F706C696B
:1015A0006D6974202864656661756C743A20696E93
:1015B0007465726661636520636F6E666967290092
:1015C00020202020206D732074696D656F75743A3A
:1015D0002054696D6520746F207761697420666F8F
:1015E00072206120726573706F6E736520696E2062
:1015F0006D696C6C697365636F6E647320286465D4
:101600006661756C743A2031303030292E20546870
:1016100065206F7074696F6E2061666665637473B0
:10162000206F6E6C792074696D656F757420696EBA
:1016300020616273656E6365206F6620616E79203C
:10164000726573706F6E7365732C206F746865724A
:1016500077697365207761697420666F722074778B
:101660006F2052545473000A2D2D2D2025732050C5
:10167000494E472073746174697374696373202DD4
:101680002D2D0A256C75207061636B657473207451
:1016900072616E736D69747465642C20256C75209D
:1016A0007061636B657473207265636569766564E8
:1016B0002C2000256C75206475706C6963617465FD
:1016C000732C2000256C752525207061636B657473
:1016D000206C6F73730A00726F756E642D7472697B
:1016E00070206D696E2F6176672F6D6178203D20C7
:1016F00025752E253033752F25752E253033752F02
:1017000025752E25303375206D730A00757361675A
:10171000653A202573202573205B73686F777C61A1
:1017200064647C64656C7C68656C705D0A00202074
:101730002020202020257320257320616464203C14
:1017400069666163653E203C697076362061646439
:10175000723E205B3C6C3220616464723E5D0A0024
:101760002020202020202025732025732064656CF4
:10177000203C69666163653E203C69707636206175
:101780006464723E0A00202020202020202573203F
:1017900025732073686F77205B69666163655D0AF6
:1017A0000020202020202020257320257320616424
:1017B00064203C69666163653E203C7072656669C1
:1017C000783E5B2F3C7072656669785F6C656E3E33
:1017D0005D205B3C76616C696420696E2073656393
:1017E0003E5D205B3C7072656620696E20736563A8
:1017F0003E5D0A0020202020202020257320257314
:101800002064656C203C69666163653E203C7072B3
:10181000656669783E5B2F3C7072656669785F6CBF
:10182000656E3E5D0A0020202020202020257320A8
:10183000257320616464203C69666163653E203CD9
:101840007072656669783E5B2F3C70726566697878
:101850005F6C656E3E5D203C6E6578745F686F708E
:101860003E205B3C6C74696D6520696E2073656316
:101870003E5D0A0075736167653A202573207B6EB3
:10188000656967687C7072656669787C726F75746B
:10189000657C68656C707D202E2E2E0A006E656951
:1018A00067680073686F770061646400496E7465EF
:1018B000726661636520257520646F6573206E6FA5
:1018C000742065786973740A00556E61626C6520D6
:1018D000746F206164642025732525257520746F3D
:1018E000206E65696768626F722063616368650A6C
:1018F0000064656C0070726566697800726F75745B
:10190000650064656661756C740075736167653A3E
:10191000202573203C69665F69643E2073657420EE
:101920003C6B65793E203C76616C75653E0A002013
:101930002020202020536574732061206861726428
:10194000776172652073706563696669632076618B
:101950006C75650A2020202020203C6B65793E2094
:101960006D6179206265206F6E65206F66207468F6
:101970006520666F6C6C6F77696E670A2020202087
:101980002020202A20226164647222202D20736589
:101990007473202873686F7274292061646472659F
:1019A00073730A202020202020202A2022616464D2
:1019B000725F6C6F6E6722202D2073657473206CCC
:1019C0006F6E6720616464726573730A2020202043
:1019D0002020202A2022616464725F73686F727411
:1019E00022202D20616C69617320666F7220226154
:1019F000646472220A202020202020202A202263D2
:101A000063615F7468726573686F6C6422202D2057
:101A1000736574204544207468726573686F6C64E4
:101A200020647572696E672043434120696E2064AB
:101A3000426D0A202020202020202A202266726564
:101A40007122202D207365747320746865202263D1
:101A500068616E6E656C222063656E7465722066C7
:101A600072657175656E63790A2020202020202020
:101A70002A20226368616E6E656C22202D207365BA
:101A8000747320746865206672657175656E63791C
:101A9000206368616E6E656C0A2020202020202063
:101AA0002A20226368616E22202D20616C69617397
:101AB00020666F7220226368616E6E656C220A2058
:101AC0002020202020202A2022636865636B737504
:101AD0006D22202D2073657420636865636B7375B8
:101AE0006D6D696E67206F6E2D6F66660A2020200F
:101AF000202020202A202263736D615F726574723A
:101B000069657322202D20736574206D61782E2005
:101B10006E756D626572206F66206368616E6E65BA
:101B20006C2061636365737320617474656D707498
:101B3000730A202020202020202A2022656E637234
:101B400079707422202D2073657420746865206577
:101B50006E6372797074696F6E206F6E2D6F66663A
:101B60000A202020202020202A2022686F705F6C0D
:101B7000696D697422202D2073657420686F702050
:101B80006C696D69740A202020202020202A2022E0
:101B9000686C22202D20616C69617320666F722051
:101BA00022686F705F6C696D6974220A20202020A2
:101BB0002020202A20226B657922202D2073657435
:101BC0002074686520656E6372797074696F6E2029
:101BD0006B657920696E2068657861646563696DFD
:101BE000616C20666F726D61740A202020202020B5
:101BF000202A20226D747522202D2049507636200F
:101C00006D6178696D756D207472616E736D697345
:101C100073696F6E20756E69740A20202020202061
:101C2000202A20226E696422202D2073657473207F
:101C3000746865206E6574776F726B206964656E79
:101C400074696669657220286F7220746865205017
:101C5000414E204944290A202020202020202A20EB
:101C6000227061676522202D207365742074686579
:101C7000206368616E6E656C20706167652028491D
:101C8000454545203830322E31352E34290A202062
:101C900020202020202A202270616E22202D206109
:101CA0006C69617320666F7220226E6964220A205B
:101CB0002020202020202A202270616E5F6964226B
:101CC000202D20616C69617320666F7220226E691D
:101CD00064220A202020202020202A2022706879D7
:101CE0005F6275737922202D20736574206275738D
:101CF00079206D6F6465206F6E2D6F66660A2020F7
:101D000020202020202A2022706F77657222202D2B
:101D100020545820706F77657220696E2064426D80
:101D20000A202020202020202A202272657472613F
:101D30006E7322202D206D61782E206E756D626588
:101D400072206F662072657472616E736D69737351
:101D5000696F6E730A202020202020202A20227301
:101D600072635F6C656E22202D207365747320741E
:101D7000686520736F757263652061646472657352
:101D800073206C656E67746820696E206279746573
:101D90000A202020202020202A20227374617465CC
:101DA00022202D207365742074686520646576692F
:101DB0006365207374617465002873686F72742999
:101DC0002061646472657373006C6F6E6720616478
:101DD000647265737300736F757263652061646408
:101DE00072657373206C656E677468006368616EFA
:101DF0006E656C006672657175656E6379205B69EE
:101E00006E20487A5D007061676500686F70206CB5
:101E1000696D6974004D5455006E6574776F726B0F
:101E2000206964656E746966696572005458207033
:101E30006F776572205B696E2064426D5D006D6135
:101E4000782E2072657472616E736D697373696F39
:101E50006E730043534D412072657472696573005F
:101E6000434341207468726573686F6C64205B69DA
:101E70006E2064426D5D00656E6372797074696F87
:101E80006E0075736167653A202573203C69665F53
:101E900069643E205B2D5D7B007D006572726F7210
:101EA0003A20756E61626C6520746F207061727388
:101EB0006520616464726573732E0A4D75737420B6
:101EC0006265206F6620666F726D6174205B302DD5
:101ED00039612D66412D465D7B327D283A5B302D80
:101EE00039612D66412D465D7B327D292A0A28689D
:101EF00065782070616972732064656C696D6974BE
:101F0000656420627920636F6C6F6E73290065725F
:101F1000726F723A20756E61626C6520746F207307
:101F200065742000737563636573733A2073657419
:101F30002000646F776E006572726F723A20756E62
:101F400061626C6520746F20736574206C696E6BC0
:101F50002025730A006572726F723A20756E616295
:101F60006C6520746F2070617273652076616C758A
:101F7000652E0A4D75737420626520612031362DFF
:101F800062697420756E7369676E656420696E742A
:101F9000656765722028646563206F7220686578C4
:101FA000290020746F200030782530346C780A00C6
:101FB000256C750A000A20202020202020202020C7
:101FC0000020746F2025690A0077697265640077C4
:101FD0006972656C657373004966616365202000F2
:101FE000204857616464723A2025732000204368BA
:101FF000616E6E656C3A202568752000204672651A
:102000007175656E63793A20256C75487A200020D9
:10201000506167653A202568752000204E49443A92
:10202000203078256878200020525353493A2025E3
:10203000642000205048593A2025732000204C6924
:102040006E6B3A20257320004C6F6E6720485761F5
:102050006464723A20002054582D506F7765723AAC
:102060002025686964426D20002053746174653ACC
:102070002025732000206D61782E205265747261D6
:102080006E732E3A20257520002043534D41205277
:102090006574726965733A202575200050524F4D62
:1020A0004953432020004155544F41434B202000C9
:1020B00041434B5F5245512020005052454C4F4107
:1020C000442020005241574D4F44452020004D41AF
:1020D000435F4E4F5F534C45455020200043534DC6
:1020E000412020004155544F434341202000495195
:1020F0005F494E5645525420200052585F53494E76
:10210000474C452020004348414E5F484F50202017
:10211000004F5441412020004C322D5044553A2567
:1021200068752020004D54553A25687520200048D8
:102130004C3A25752020005254522020005254520F
:102140005F414456202000364C4F20200049504823
:1021500043202000536F757263652061646472656B
:102160007373206C656E6774683A20256875004C3F
:10217000696E6B20747970653A20257300696E650D
:10218000743620616464723A2000257320207363E2
:102190006F70653A20006C696E6B0073697465003E
:1021A000676C6F62616C00756E6B6E6F776E00208E
:1021B0005B616E79636173745D002020544E545BE3
:1021C00025755D00202044505200202056414C00CF
:1021D0002020554E4B00696E6574362067726F750E
:1021E000703A2025730075736167653A2025730A7C
:1021F0000075736167653A2025732068656C700A05
:102200000075736167653A202573203C69665F69D4
:10221000643E205B75707C646F776E5D0A00757339
:102220006167653A202573203C69665F69643E20DA
:10223000616464205B616E79636173747C6D756C3D
:102240007469636173747C756E69636173745D2016
:102250003C697076365F616464723E5B2F707265B4
:102260006669785F6C656E5D0A0075736167653AD3
:10227000202573203C69665F69643E2064656C209C
:102280003C697076365F616464723E0A00756E0068
:102290002D2D68656C70006572726F723A20696EE0
:1022A00076616C696420696E74657266616365202D
:1022B000676976656E006164647200616464725F70
:1022C00073686F727400616464725F6C6F6E670034
:1022D0006363615F7468726573686F6C64006672D3
:1022E000657175656E6379006672657100657272FD
:1022F0006F723A20756E61626C6520746F20706138
:102300007273652076616C75652E0A4D7573742045
:10231000626520612033322D62697420756E7369A5
:10232000676E656420696E746567657220286465F0
:1023300063206F722068657829006368616E0063AE
:10234000736D615F7265747269657300686C0068B3
:102350006F705F6C696D6974000A4E6F74696365B4
:102360003A2073657474696E67203536206269742B
:10237000206B65792E000A4E6F746963653A20738D
:10238000657474696E6720363420626974206B65E9
:10239000792E000A4E6F746963653A207365747410
:1023A000696E672031323820626974206B65792E3E
:1023B000000A4E6F746963653A2073657474696EC0
:1023C000672031393220626974206B65792E000AEA
:1023D0004E6F746963653A2073657474696E672023
:1023E00032353620626974206B65792E000A4E6F93
:1023F000746963653A2073657474696E672035315A
:102400003220626974206B65792E006572726F727A
:102410003A20696E76616C6964206B657920736916
:102420007A652E006572726F723A20756E61626C09
:102430006520746F207061727365206B657900652B
:1024400072726F723A20756E61626C6520746F20D3
:1024500073657420656E6372797074696F6E206B3A
:10246000657900737563636573733A2073657420CF
:10247000656E6372797074696F6E206B6579206F19
:102480006E20696E7465726661636520006D747597
:10249000006E69640070616E0070616E5F69640057
:1024A000706F7765720072657472616E730073721B
:1024B000635F6C656E006F6666004F464600534C66
:1024C0004545500069646C650049444C45005258CC
:1024D0000074780054580072657365740052455357
:1024E0004554007374616E646279005354414E44E4
:1024F00042590075736167653A206966636F6E665D
:102500006967203C69665F69643E20736574207367
:1025100074617465205B6F66667C736C6565707C46
:1025200069646C657C72787C74787C7265736574A0
:102530007C7374616E6462795D006572726F723A69
:1025400020756E61626C6520746F207365742073F2
:102550007461746520746F2025730A00737563635A
:102560006573733A20736574207374617465206FAA
:102570006620696E746572666163652000616E79BC
:102580006361737400756E69636173740065727260
:102590006F723A20756E61626C6520746F20706195
:1025A0007273652049507636206164647265737376
:1025B0002E006572726F723A20756E61626C6520D2
:1025C000746F206A6F696E2049507636206D756C85
:1025D0007469636173742067726F757000657272DD
:1025E0006F723A20756E61626C6520746F20616451
:1025F0006420495076362061646472657373007399
:102600007563636573733A20616464656420257340
:102610002F256420746F20696E746572666163652E
:1026200020006572726F723A20756E61626C65206F
:10263000746F206C656176652049507636206D7523
:102640006C7469636173742067726F757000657272
:10265000726F723A20756E61626C6520746F2072C1
:10266000656D6F76652049507636206164647265C9
:10267000737300737563636573733A2072656D6F6E
:1026800076656420257320746F20696E74657266A8
:1026900061636520006572726F723A20756E6162C7
:1026A0006C6520746F20736574206F7074696F6E31
:1026B00000737563636573733A20257373657420C3
:1026C0006F7074696F6E0A0044495341424C45442F
:1026D000004250534B0041534B004D522D4F2D5152
:1026E00050534B004D522D4F46444D004D522D46F8
:1026F000534B0061636B5F726571006774730070A8
:10270000616E5F636F6F7264006175746F61636B9C
:10271000006175746F6363610063736D6100656E62
:102720006372797074006D61635F6E6F5F736C6567
:102730006570006677640069706863007072656C2C
:102740006F61640070726F6D697363007068795FA8
:102750006275737900726177007274725F6164767A
:102760000069715F696E766572740072785F736973
:102770006E676C65006368616E5F686F70006368A8
:1027800065636B73756D006F746161006C696E6B6E
:102790005F636865636B0075736167653A202573D5
:1027A000205B7B616464203C302D31353E203C70E1
:1027B00072656669783E2F3C7072656669785F6CF9
:1027C000656E3E203C6C74696D6520696E206D6994
:1027D0006E3E7C64656C203C6374783E7D5D0A00CF
:1027E000202020202020206064656C602077696CA8
:1027F0006C206F6E6C7920696E76616C69646174AF
:10280000652074686520636F6E7465787420666FE8
:102810007220636F6D7072657373696F6E2E2049DD
:10282000742063616E20626500202020202020201B
:10283000726561737369676E656420616674657241
:102840002035206D696E2E006369647C7072656648
:1028500069782020202020202020202020202020D7
:102860002020202020202020202020202020202068
:10287000202020202020207C437C6C74696D650022
:102880002D2D2D2D2D2D2D2D2D2D2D2D2D2D2D2D78
:102890002D2D2D2D2D2D2D2D2D2D2D2D2D2D2D2D68
:1028A0002D2D2D2D2D2D2D2D2D2D2D2D2D2D2D2D58
:1028B0002D2D2D2D2D2D2D2D2D2D2D00202532753D
:1028C0007C253339732F252D33757C25787C253570
:1028D000756D696E0A005741524E494E473A206362
:1028E0006F6E746578742064697373656D696E6169
:1028F00074696F6E206279206E6F6E2D364C425275
:10290000206E6F7420737570706F7274656400450B
:1029100052524F523A207072656669785F6C656EEC
:10292000203C2031207C7C207072656669785F6C69
:10293000656E203E20313238004552524F523A20C7
:10294000707265666978206D6179206E6F7420629F
:1029500065203A3A004552524F523A2063616E2048
:102960006E6F742061646420636F6E7465787400A8
:10297000436F6E7465787420257520616C72656193
:102980006479206D61726B656420666F7220726578
:102990006D6F76616C0A0055736167653A00097066
:1029A0006D206F66663A2063616C6C20706D5F6F9E
:1029B0006666282900286E6F206E616D65290065A6
:1029C00072726F723A206661696C656420746F2060
:1029D000726561642066726F6D20646576696365F7
:1029E000202325690A0052656164696E672066725A
:1029F0006F6D20232569202825737C0049440943F5
:102A00006C61737309094E616D65004E6F206465DA
:102A1000766963657320666F756E640023256909A6
:102A2000000925730A0075736167653A20257320D4
:102A30002573203C6465766963652069643E7C612A
:102A40006C6C0A006572726F723A20756E6465660E
:102A5000696E6564206465766963652069642067D2
:102A60006976656E00777269746500757361676574
:102A70003A202573202573203C64657669636520C0
:102A800069643E203C76616C756520303E205B3C7D
:102A900076616C756520313E205B3C76616C7565B6
:102AA00020325D5D0A006572726F723A20756E6445
:102AB0006566696E6564206465766963652067692B
:102AC00076656E0057726974696E6720746F206452
:102AD000657669636520232569202D2025730A000A
:102AE0006572726F723A206465766963652023258A
:102AF00069206973206E6F74207772697461626CEB
:102B0000650A006572726F723A206661696C75724F
:102B10006520746F20777269746520746F20646516
:102B200076696365202325690A00646174612073F6
:102B300075636365737366756C6C792077726974FD
:102B400074656E20746F2064657669636520232543
:102B5000690A0075736167653A20257320726561A3
:102B6000647C77726974650A006263643039642D2D
:102B700048454144007368656C6C3A20696E636F28
:102B800072726563742071756F74696E6700436F4C
:102B90006D6D616E642020202020202020202020C8
:102BA0002020204465736372697074696F6E0A2D0A
:102BB0002D2D2D2D2D2D2D2D2D2D2D2D2D2D2D2D45
:102BC0002D2D2D2D2D2D2D2D2D2D2D2D2D2D2D2D35
:102BD0002D2D2D2D2D2D00252D3230732025730AFE
:102BE000007368656C6C3A20636F6D6D616E642074
:102BF0006E6F7420666F756E643A2025730A0073D9
:102C000068656C6C3A206D6178696D756D206C69D2
:102C10006E65206C656E67746820657863656564B1
:102C200065640055534220636F6E66696700616496
:102C30006166727569742D666561746865722D6E62
:102C4000726635323834302D73656E7365005249C3
:102C50004F542D6F732E6F7267005A54494D455271
:102C60005F555345432066726F6D20256C75204873
:102C70007A20636C6F636B20776974686F7574205A
:102C80006672657175656E637920636F6E766572C5
:102C900073696F6E0A00436F4150206578616D70F3
:102CA0006C6500636F61700070050400A1FC030097
:102CB000A5FC0300AAFC0300756E72656769737456
:102CC00065725F6C6F6262790072656769737465C3
:102CD000725F6C6F62627900636F61705F73656EC3
:102CE000645F6275665F6362005F657874726163DA
:102CF000745F72645F66726F6D5F7061796C6F6133
:102D0000645F68616E646C6572005F69735F706CAC
:102D1000617965725F72656164795F6362005F67A4
:102D200065745F6C6F6262795F69645F6362005FA4
:102D300073746172745F6475656C5F63620067656C
:102D4000745F69705F66726F6D5F7572690063684A
:102D500065636B5F726573705F6D656D6F005F7348
:102D60006176655F72645F6C6F6F6B7570005F6832
:102D70006561727462656174005F6869745F726531
:102D8000636569766564005F6C6F6262795F696430
:102D9000005F73746172745F6475656C000000009D
:102DA0003703040037030400ED8202003C030400F3
:102DB0003C030400E3820200400304004B030400D0
:102DC000D9820200620304006903040069820200E0
:102DD000810304009203040055820200A80304004A
:102DE000B50304005F820200D6030400E003040080
:102DF0002983020033FF0300EB030400CD820200AD
:102E000000000000000000000000000000000000C2
:102E10007700100303050300A58E0200A5840300BC
:102E200089000000918E0200A5840300820000004A
:102E30005D050400650504006C05040075050400CB
:102E40007E050400840504008C050400950504003B
:102E50009E050400A7050400AF050400B7050400A3
:102E6000BF0504000304232F3031323334353637A5
:102E7000383941424344454699FE030001000000B1
:102E800061BE020000000000293A110079FC020036
:102E900099FE02004DFF020025F4020041FB0200F2
:102EA00000000000FFFFFF02000000000000000023
:102EB000000000000002FF0200000000000000000F
:102EC000000000000001FF02000000000000000000
:102ED0000001FF000000FE80000000000000000074
:102EE00000000000000000000000000000000000E2
:102EF00000000000000100000000000000000000D1
:102F00000000000000000000813E0300A5840300D3
:102F100086000000920988131027204ED007803EBB
:102F2000A00F401F63420300A5840300820000003D
:102F300049420300A5840300870000002F420300DC
:102F4000A584030085000000000000000000F03FA1
:102F50000000000000002440000000000000594074
:102F60000000000000408F40000000000088C340C7
:102F700000000000006AF8400000000080842E413C
:102F800000000000D01263410000000084D7974188
:102F90000000000065CDCD4101000000355C03005C
:102FA000F95A0300655C0300C95B0300595E030026
:102FB0007D5B0300535D03004D5B0300FD5A03007E
:102FC000004000400B0C0000000098013167030036
:102FD000A5840300820000008E0C0400FFFF0000A7
:102FE000FF000000FFFFFF00FFFFFFFF0090004019
:102FF0000303090000A0004003030A0000A00140F1
:1030000005031A0000B0014005031B00AD71030069
:10301000F16C030015700300EB6F0300DB6D030020
:10302000A76D0300B16D0300756F030033700300DB
:10303000796F0300A1700300416E030000000100DE
:10304000D087000041770300B9730300F9750300CE
:10305000D975030075770300B57303006576030027
:103060002575030081730300C5730300A974030071
:1030700000000000857403004D74030021770300F5
:10308000F573030031740300A086010010270000CF
:10309000E8030000640000000A00000077EC8713DA
:1030A0000BFEF301CDFF3100FAFF0400FF7F0000AB
:1030B0006600007000006E00007500006D000000EA
:1030C00000686B00004D00004700005400005000F5
:1030D0006B31040066310400DA310400D63104009B
:1030E000D4310400D1310400CF310400CB310400CD
:1030F000C7310400C2310400BE310400BC310400F9
:10310000BA310400B8310400B6310400AF31040014
:10311000AD310400B23104008A3104008231040070
:10312000753104007F310400A9310400A631040088
:1031300092310400663104008C31040090310400A7
:103140009D3104009931040095310400613104007F
:103150005C310400843104007931040064617465D9
:103160000074696D65006E6F6E6500756E646566EE
:10317000696E6564006F686D00232F6D5E330070AB
:1031800048004600672F6D5E330043006374730090
:1031900025006364007070620070706D007065726D
:1031A0006D696C6C650050610042617200540047AB
:1031B000730064426D005700560041006700647060
:1031C000730067E28299006D5E33006D5E32006DC0
:1031D000006C78004B00C2B04600C2B04300000053
:1031E00059800300A5840300990000009580030026
:1031F000A58403008100000095800300798003000E
:103200004400000000000000400000080000000032
:103210000000000000000000770010030305030019
:10322000000000001C400810040000000000000026
:103230006A04040103010100250F0400FD000000E1
:103240000500000001000000C38E0200290F0400E9
:103250002900030002000000370F04002A000300C9
:10326000020000003102040022000C0001000000F6
:103270000000000044030000B873002001001000AB
:10328000434C4153535F414E5900434C4153535FAC
:10329000554E4445460000005F3404005534040098
:1032A0004A34040040340400343404002834040058
:1032B0001E3404001334040007340400FB330400FC
:1032C000EE330400E5330400D7330400C5330400B3
:1032D000B6330400AC330400A13304009733040078
:1032E00055330400873304007C3304006F3304003B
:1032F000613304004C3304003A3304002C330400DF
:1033000023330400173304000C33040053454E5399
:10331000455F53495A450053454E53455F504F57FB
:1033200045520053454E53455F50480053454E5358
:10333000455F564F4C544147450053454E53455FFA
:1033400043415041434954414E43450053454E5338
:10335000455F504D0053454E53455F4F43435550D5
:103360000053454E53455F43555252454E5400530A
:10337000454E53455F4348415247450053454E53E0
:10338000455F525353490053454E53455F50524F8A
:1033900058494D4954590053454E53455F47415391
:1033A0000053454E53455F54564F430053454E53CB
:1033B000455F434F320053454E53455F4449535494
:1033C000414E43450053454E53455F50554C534580
:1033D0005F434F554E540053454E53455F4F424A4D
:1033E00054454D500053454E53455F555600534587
:1033F0004E53455F414E414C4F470053454E534558
:103400005F50524553530053454E53455F434F4C15
:103410004F520053454E53455F4759524F00534555
:103420004E53455F4D41470053454E53455F414321
:1034300043454C0053454E53455F4C494748540063
:1034400053454E53455F48554D0053454E53455FD8
:1034500054454D500053454E53455F42544E005322
:10346000454E53455F414E5900000000BA340400F8
:10347000AE340400A43404009A3404008F340400F1
:10348000843404004143545F44494D4D455200414A
:1034900043545F535749544348004143545F4D4F91
:1034A000544F52004143545F534552564F004143DD
:1034B000545F4C45445F524742004143545F414E84
:1034C00059005265736F7572636520646972656334
:1034D000746F727920656E64706F696E7420636FAB
:1034E0006D6D616E647300636F72645F6570005030
:1034F000696E67207669612049434D5076360070C9
:10350000696E6700436F6E666967757265206E65E8
:10351000696768626F7220696E666F726D61746947
:103520006F6E2062617365006E696200436F6E6644
:103530006967757265206E6574776F726B20696E4E
:103540007465726661636573006966636F6E666950
:1035500067000000C8260400D1260400D626040017
:10356000DD260400DA260400E4260400EC2604002C
:10357000BA240400BE240400C9240400CE2404009C
:10358000D4240400DD240400EB2404009E0A04007B
:1035900040000000F326040017000000FB26040092
:1035A00072000000FF2604007000000009270400DC
:1035B00015000000112704001F0000001927040057
:1035C000220000001E2704002D0000002627040012
:1035D00026000000332704000E00000037270400F7
:1035E000410000003C2704001300000044270400B1
:1035F000140000004C27040045000000552704007B
:103600001B000000592704000F0000006127040080
:103610003F0000006B2704003800000075270400FD
:10362000360000007E2704004400000087270400C5
:10363000650000008C27040068000000364C6F57BE
:1036400050414E20636F6E7465787420636F6E66B0
:10365000696775726174696F6E20746F6F6C003684
:1036600063747800696E746572616374207769743D
:1036700068206C61796572656420504D20737562B5
:1036800073797374656D00706D005072696E747338
:1036900020696E666F726D6174696F6E2061626F12
:1036A00075742072756E6E696E67207468726561DC
:1036B00064732E00707300696E74657261637420A8
:1036C000776974682073656E736F727320616E64BE
:1036D000206163747561746F7273207573696E67AE
:1036E000205341554C007361756C005072696E74C3
:1036F000732063757272656E742052494F545F5621
:10370000455253494F4E0076657273696F6E005291
:1037100065626F6F7420746F20626F6F746C6F617D
:1037200064657200626F6F746C6F616465720052E1
:1037300065626F6F7420746865206E6F64650072D7
:1037400065626F6F740010000700050000240B24F1
:103750001624322024202F20302126212D2136220C
:1037600020222B22342222232923372721272A27EC
:1037700000000000D0070000E8030000F401000092
:10378000FA0000006400000031AE0300A5840300CD
:103790008300000081AE0300A584030082000000C6
:1037A000F5B40300D9B503001B00000000000000C1
:1037B00021B50300EDB40300D1B6030097B70300B1
:1037C0000101010011B90300A5B903004DBC0300BC
:1037D000000000000003020100010000A5840300B6
:1037E0002DC7030041000000C0730020ABC90300D7
:1037F0006DC9030071CA0300E8730020B80C0020F3
:103800002DCD030029CD030025CD0300A3CD03005A
:103810009DCD030095CD030059F3F8C21F6EA5019D
:10382000000000000000F03F002020202020202089
:103830002020282828282820202020202020202060
:103840002020202020202020208810101010101070
:1038500010101010101010101004040404040404BC
:103860000404041010101010101041414141414156
:103870000101010101010101010101010101010138
:103880000101010110101010101042424242424248
:103890000202020202020202020202020202020208
:1038A00002020202101010102000000000000000B0
:1038B0000000000000000000000000000000000008
:1038C00000000000000000000000000000000000F8
:1038D00000000000000000000000000000000000E8
:1038E00000000000000000000000000000000000D8
:1038F00000000000000000000000000000000000C8
:1039000000000000000000000000000000000000B7
:1039100000000000000000000000000000000000A7
:10392000000000000000000000000000C9CC0300FF
:1039300059C90300FD7F030021060300051203009F
:10394000E5C70200092E0300B5B302003DDA02000C
:103950002D8F020011950200ED8A0200350103004F
:10396000D9830300A32C0400962C04006565020093
:10397000E7340400C234040019860300FF34040055
:10398000EF340400B98A030028350400043504002C
:10399000918E0300493504002C350400659C03001A
:1039A0005F3604003C36040089A403008736040017
:1039B000643604001DA60300B43604008A360400F1
:1039C00059A60300E6360400B7360400BDA603007E
:1039D00007370400EB36040065A803002437040011
:1039E0000F3704005BA803003F3704002F370400A3
:1039F00051A8030065B103005FB103004DB103009E
:103A00000000000000000000A5B8030008B101811B
:103A1000B0B000840000000008B10181B0B00084A3
:103A20000000000008B10181B0B000840000000077
:103A300008B10181B0B000840000000008B101812C
:103A4000B0B000840000000008B10181B0B0008473
:103A500000000000C91E0181B0B0AF84000000006A
:103A600008B10181B0B0008400000000498A020062
:103A70009440FE7F010000009640FE7FB0B0A88019
:103A8000AC40FE7FA908B1802841FE7F0100000004
:103A9000C447FE7F78FFFF7FC647FE7F7CFFFF7F26
:103AA000C847FE7F80FFFF7FD447FE7F00842280CF
:103AB0001C48FE7F7CFFFF7F2048FE7F80FFFF7F4A
:103AC0002248FE7F84FFFF7F2448FE7FB0B0AA809B
:103AD0005848FE7FB0AB1280E448FE7F0100000032
:103AE0002849FE7F70FFFF7F884CFE7F00840280A4
:103AF0009C4CFE7FB0AC0D80504FFE7F010000005B
:103B000060A2FF7FB0A90280E4A2FF7FB0B0A880CE
:103B10002AA3FF7F010000002EA3FF7FB0B0AA8080
:103B200060A3FF7FAF76B28018A4FF7FAC3F3980DF
:103B300072A4FF7F010000007EA4FF7FB0B0AA80C6
:103B4000B6A4FF7F1CFFFF7FCAA4FF7F0100000017
:103B500054A5FF7FAC0FB280C0A5FF7FB0AF068039
:103B600004A8FF7F010000000EA8FF7FAC3F01808A
:103B700040AAFF7F0100000014ACFF7FB0AD0480BD
:083B80007EAEFF7F0100000092
:103B8800FFFFFFFF00000000010000000000000030
:103B9800000000000000000000000000000000001D
:103BA800000000000000000000000000000000000D
:103BB80000000000000000000000000000000000FD
:103BC80000000000000000000000000000000000ED
:103BD80000000000000000000000000000000000DD
:103BE80000000000000000000000000000000000CD
:103BF80000000000000000000000000000000000BD
:103C080000000000000000000000000000000000AC
:103C1800000000000000000000000000000000009C
:103C2800000000000000000000000000000000008C
:103C3800000000000000000000000000000000007C
:103C4800000000000000000000000000000000006C
:103C5800000000000000000000000000000000005C
:103C6800000000000000000000000000000000004C
:103C7800000000000000000000000000000000003C
:103C8800000000000000000000000000000000002C
:103C9800000000000000000000000000000000001C
:103CA800000000000000000000000000000000000C
:103CB80000000000000000000000000000000000FC
:103CC80000000000000000000000000000000000EC
:103CD80000000000000000000000000000000000DC
:103CE80000000000000000000000000000000000CC
:103CF80000000000000000000000000000000000BC
:103D080000000000000000000000000000000000AB
:103D1800000000000000000000000000000000009B
:103D2800000000000000000000000000000000008B
:103D3800000000000000000000000000000000007B
:103D4800000000000000000000000000000000006B
:103D5800000000000000000000000000000000005B
:103D6800000000000000000000000000000000004B
:103D7800000000000000000000000000000000003B
:103D8800000000000000000000000000000000002B
:103D9800000000000000000000000000000000001B
:103DA800000000000000000000000000000000000B
:103DB80000000000000000000000000000000000FB
:103DC80000000000000000000000000000000000EB
:103DD80000000000000000000000000000000000DB
:103DE80000000000000000000000000000000000CB
:103DF80000000000000000000000000000000000BB
:103E080000000000000000000000000000000000AA
:103E1800000000000000000000000000000000009A
:103E2800000000000000000000000000000000008A
:103E3800000000000000000000000000000000007A
:103E4800000000000000000000000000000000006A
:103E5800000000000000000000000000000000005A
:103E6800000000000000000000000000000000004A
:103E7800000000000000000000000000000000003A
:103E8800000000000000000000000000000000002A
:103E9800000000000000000000000000000000001A
:103EA800000000000000000000000000000000000A
:103EB80000000000000000000000000000000000FA
:103EC80000000000000000000000000000000000EA
:103ED80000000000000000000000000000000000DA
:103EE80000000000000000000000000000000000CA
:103EF80000000000000000000000000000000000BA
:103F080000000000000000000000000000000000A9
:103F18000000000000000000000000000000000099
:103F28000000000000000000000000000000000089
:103F380000000000000000000000000074FF030003
:103F4800020000001D790200000000005DFF030070
:103F5800020000001D7802000000000089FF030035
:103F6800010000008979020000000000FC00040044
:103F780001000000B57702000000000032FF0300D6
:103F880002000000317A0200000000009EFF0300DA
:103F980002000000997A0200000000000000803F43
:103FA80000000040BC0500200600000000000000E2
:103FB8006D8A020000000000000000000000000000
:103FC8007C0C002000000000000000000000000041
:103FD80000000000000000000000000000000000D9
:103FE80000000000000000000000000000000000C9
:103FF80000000000000000000000000000000000B9
:1040080000000000000000000000000000000000A8
:104018000000000000000000000000000000000098
:104028000000000000000000000000000000000088
:104038000000000000000000000000000000000078
:104048000000000000000000000000000000000068
:104058000000000000000000000000000000000058
:104068000000000000000000000000000000000048
:104078000000000000000000000000000000000038
:104088000000000000000000000000000000000028
:104098000000000000000000000000000000000018
:1040A8000000000000000000000000000000000008
:1040B80000000000000000000000000000000000F8
:1040C80000000000000000000000000000000000E8
:1040D80000000000000000000000000000000000D8
:1040E80000000000000000000000000000000000C8
:1040F80000000000000000000000000000000000B8
:1041080000000000000000000000000000000000A7
:104118000000000000000000000000000000000097
:104128000000000000000000000000000000000087
:104138000000000000000000000000000000000077
:104148000000000000000000000000000000000067
:104158000000000000000000000000000000000057
:104168000000000000000000000000000000000047
:104178000000000000000000000000000000000037
:104188000000000000000000000000000000000027
:104198000000000000000000000000000000000017
:1041A8000000000000000000000000000000000007
:1041B80000000000000000000000000000000000F7
:1041C80000000000000000000000000000000000E7
:1041D80000000000000000000000000000000000D7
:1041E80000000000000000000000000000000000C7
:1041F80000000000000000000000000000000000B7
:1042080000000000000000000000000000000000A6
:104218000000000000000000000000000000000096
:104228000000000000000000000000000000000086
:104238000000000000000000000000000000000076
:104248000000000000000000000000000000000066
:104258000000000000000000000000000000000056
:104268000000000000000000000000000000000046
:104278000000000000000000000000000000000036
:104288000000000000000000000000000000000026
:104298000000000000000000000000000000000016
:1042A8000000000000000000000000000000000006
:1042B80000000000000000000000000000000000F6
:1042C80000000000000000000000000000000000E6
:1042D80000000000000000000000000000000000D6
:1042E80000000000000000000000000000000000C6
:1042F80000000000000000000000000000000000B6
:1043080000000000000000000000000000000000A5
:104318000000000000000000000000000000000095
:104328000000000000000000000000000000000085
:104338000000000000000000000000000000000075
:104348000000000000000000000000000000000065
:104358000000000000000000000000000000000055
:104368000000000000000000000000000000000045
:104378000000000000000000000000000000000035
:104388000000000000000000000000000000000025
:104398000000000000000000000000000000000015
:1043A8000000000000000000000000000000000005
:1043B80000000000000000000000000000000000F5
:1043C80000000000000000000000000000000000E5
:1043D80000000000000000000000000000000000D5
:1043E80000000000000000000000000000000000C5
:1043F80000000000000000000000000000000000B5
:1044080000000000000000000000000000000000A4
:104418000000000000000000000000000000000094
:104428000000000000000000000000000000000084
:104438000000000000000000000000000000000074
:104448000000000000000000000000000000000064
:104458000000000000000000000000000000000054
:104468000000000000000000000000000000000044
:104478000000000000000000000000000000000034
:104488000000000000000000000000000000000024
:104498000000000000000000000000000000000014
:1044A8000000000000000000000000000000000004
:1044B80000000000000000000000000000000000F4
:1044C80000000000000000000000000000000000E4
:1044D80000000000000000000000000000000000D4
:1044E80000000000000000000000000000000000C4
:1044F80000000000000000000000000000000000B4
:1045080000000000000000000000000000000000A3
:104518000000000000000000000000000000000093
:104528000000000000000000000000000000000083
:104538000000000000000000000000000000000073
:104548000000000000000000000000000000000063
:104558000000000000000000000000000000000053
:104568000000000000000000000000000000000043
:104578000000000000000000000000000000000033
:104588000000000000000000000000000000000023
:104598000000000000000000000000000000000013
:1045A8000000000000000000000000000000000003
:1045B80000000000000000000000000000000000F3
:1045C80000000000000000000000000000000000E3
:1045D80000000000000000000000000000000000D3
:1045E80000000000000000000000000000000000C3
:1045F800000000000000000000000000782E040009
:1046080001000000000000000000000000000000A1
:10461800B5AF0200000026020000000098750020D7
:1046280006000000A6710020400000000000000005
:1046380000000000FFFFFFFF000000000000000076
:104648000000000000000000000000000000000062
:104658000000000000000000000000000A00000048
:10466800000000000300000058740020F00C002037
:104678000000000058740020C07400202875002035
:104688000000000000000000000000000000000022
:104698000000000000000000000000000000000012
:1046A8000000000000000000000000000000000002
:1046B8000000000000000000000000002C210000A5
:040000032000A485B0
:00000001FF
